product,variant,ckb_cost,ship_domestic_cn,agent_qc,intl_ship,duty_tax,landed
MORU フラワーラウンジ,アイボリー,1381,,,,,
MORU フラワーラウンジ,オリーブグリーン,1381,,,,,
アブストラクト オブジェ,アインシュタイン原稿-C20,,,,,,
アブストラクト オブジェ,グループコンビネーション [スプリングハーベスト]-O21,,,,,,
アブストラクト オブジェ,グループコンビネーション [チンラン]-I56,,,,,,
アブストラクト オブジェ,グループコンビネーション [プレーンスタイル]-O14,,,,,,
アブストラクト オブジェ,グループコンビネーション [ムヤン]-R65,,,,,,
アブストラクト オブジェ,グループコンビネーション [メープルリーフ]-N48,,,,,,
アブストラクト オブジェ,コンビネーション [メープル]-O43,,,,,,
アブストラクト オブジェ,コーヒー色のガラスの花瓶-A55,,,,,,
アブストラクト オブジェ,シュラグ花瓶-レッドスモール-H63,,,,,,
アブストラクト オブジェ,シュラグ花瓶-大-Q49,,,,,,
アブストラクト オブジェ,スティックマンブックストップ-T78,,,,,,
アブストラクト オブジェ,スナグルフラワー花瓶-I72,,,,,,
アブストラクト オブジェ,ノットデコレーション-H38,,,,,,
アブストラクト オブジェ,ビッグコンビネーション [稲の耳]-M53,,,,,,
アブストラクト オブジェ,ポット型セラミック-K87,,,,,,
アブストラクト オブジェ,マウンテンキャラクターセラミック-F30,,,,,,
アブストラクト オブジェ,ラッキーキャットのペア-O11,,,,,,
アブストラクト オブジェ,特殊形状シェルセラミック-A35,,,,,,
アブストラクト オブジェ,白い双頭花瓶-E88,,,,,,
アブストラクト オブジェ,白茶色のセラミックオーナメント1組-M17,,,,,,
アブストラクト オブジェ,陶器コーヒーカップ-N66,,,,,,
ガラスフラワー オブジェ,アンバー（7点セット）,431,,,,,
ガラスフラワー オブジェ,ピンク（7点セット）,431,,,,,
ガラスフラワー オブジェ,ブルー（7点セット）,431,,,,,
ガラスフラワー オブジェ,ホワイト（7点セット）,431,,,,,
ガラスフラワー オブジェ,ルビー（7点セット）,431,,,,,
クラウド サイドテーブル,ウォールナット（1段）,564,,,,,
クラウド サイドテーブル,スターライトブラック（1段）,564,,,,,
クラウド サイドテーブル,ミルキーホワイト（1段）,564,,,,,
クリアシェード テーブルランプ,充電式・無段階調光 / クローム（クリアシェード）,1949,,,,,
クリアシェード テーブルランプ,充電式・無段階調光 / バーガンディ（クリアシェード）,1949,,,,,
クリアシェード テーブルランプ,充電式・無段階調光 / パールブラック（クリアシェード）,1949,,,,,
コイル サイドテーブル,グリーン / 全高45cm（天板径34cm）,7521,,,,,
コイル サイドテーブル,トゥルーレッド / 全高45cm（天板径34cm）,7521,,,,,
コイル サイドテーブル,レモンイエロー / 全高45cm（天板径34cm）,7521,,,,,
コーデュロイ フォールディングチェア,オリーブグリーン,1999,,,,,
コーデュロイ フォールディングチェア,オレンジ,1999,,,,,
コーデュロイ フォールディングチェア,ピンク,1999,,,,,
コーデュロイ フォールディングチェア,ピーコックブルー,1999,,,,,
コーデュロイ フォールディングチェア,ブラウン,1999,,,,,
ジオメトリック ブックスタンド,ミッドセンチュリー ブックスタンド,1974,,,,,
ジオメトリック ブックスタンド,ミッドセンチュリー ブックスタンド+ダミーブック3冊,2224,,,,,
ジャカード 中綿付きクッション,イエロー ウェーブ / 45×45cm（中材付き）,387,,,,,
ジャカード 中綿付きクッション,イエロー エコー / 45×45cm（中材付き）,387,,,,,
ジャカード 中綿付きクッション,イエロー スモールスクエア / 45×45cm（中材付き）,387,,,,,
ジャカード 中綿付きクッション,イエロー ダイヤグリッド / 45×45cm（中材付き）,387,,,,,
ジャカード 中綿付きクッション,イエロー ヘリンボーン / 45×45cm（中材付き）,387,,,,,
セラミック ブックエンド,アーチライン ブックスタンド パールホワイト,1746,,,,,
セラミック ブックエンド,アーチライン ブックスタンド マットブラック,1746,,,,,
セラミック ブックエンド,アーチライン ブックスタンド雑誌3冊付き パールホワイト,1996,,,,,
セラミック ブックエンド,アーチライン ブックスタンド雑誌3冊付き マットブラック,1996,,,,,
セル サイドボード,ブラック Aタイプ / 幅50×奥行35×高さ52.5cm,7472,,,,,
セル サイドボード,ブラック Bタイプ / 幅50×奥行35×高さ52.5cm,7971,,,,,
セル サイドボード,ホワイト Aタイプ / 幅50×奥行35×高さ52.5cm,7472,,,,,
セル サイドボード,ホワイト Bタイプ / 幅50×奥行35×高さ52.5cm,7971,,,,,
セル モジュールキャビネット,シングル Aタイプ 幅75×奥行35×高さ70cm,,,,,,
セル モジュールキャビネット,シングル Bタイプ 幅75×奥行35×高さ70cm,,,,,,
セル モジュールキャビネット,シングル Cタイプ 幅75×奥行35×高さ70cm,,,,,,
セル モジュールキャビネット,ダブル Aタイプ 幅150×奥行35×高さ70cm,,,,,,
セル モジュールキャビネット,ダブル Bタイプ 幅150×奥行35×高さ70cm,,,,,,
ソラ キャットハンモック,ファブリック グレー,4973,,,,,
ソラ キャットハンモック,ファブリック ベージュ,4973,,,,,
ソラ キャットハンモック,木製フレーム グレー（クッション付き）,4973,,,,,
ソラ キャットハンモック,木製フレーム ベージュ（クッション付き）,4973,,,,,
ツインベル アラームクロック,ホワイト,997,,,,,
デュオ ナイトテーブル,ブラック 1連 / ラバーウッド × ステンレス天板,14025,,,,,
デュオ ナイトテーブル,ブラック 2連 / ラバーウッド × ステンレス天板,31237,,,,,
デュオ ナイトテーブル,天然木 1連 / ラバーウッド × ステンレス天板,14025,,,,,
デュオ ナイトテーブル,天然木 2連 / ラバーウッド × ステンレス天板,31237,,,,,
ハル ダイニングチェア,ウォールナット × グレーレザー調（1脚）,5372,,,,,
ハル ダイニングチェア,ウォールナット × グレーレザー調（2脚セット）,9871,,,,,
ハル ダイニングチェア,チェリー × ミルクブラウンレザー調（1脚）,5372,,,,,
ハル ダイニングチェア,チェリー × ミルクブラウンレザー調（2脚セット）,9871,,,,,
バルーンドッグ オブジェ,オレンジレッド / 幅21×奥行7.5×高さ18cm,474,,,,,
バルーンドッグ オブジェ,グリーン / 幅21×奥行7.5×高さ18cm,474,,,,,
バルーンドッグ オブジェ,ゴールド / 幅21×奥行7.5×高さ18cm,474,,,,,
バルーンドッグ オブジェ,シルバー / 幅21×奥行7.5×高さ18cm,474,,,,,
バルーンドッグ オブジェ,パールホワイト / 幅21×奥行7.5×高さ18cm,474,,,,,
バルーンドッグ オブジェ,ピンク / 幅21×奥行7.5×高さ18cm,474,,,,,
バルーンドッグ オブジェ,ブルー / 幅21×奥行7.5×高さ18cm,474,,,,,
バルーンドッグ オブジェ,ブルーグレー / 幅21×奥行7.5×高さ18cm,474,,,,,
バルーンドッグ オブジェ,マルチカラー / 幅21×奥行7.5×高さ18cm,474,,,,,
パイピング クッション,オフホワイト フレンチフラワー / 45×45cm（中材付き）,1219,,,,,
パイピング クッション,カーキ ワイドストライプ / 45×45cm（中材付き）,1219,,,,,
パイピング クッション,ブラウン パイピング / 45×45cm（中材付き）,1219,,,,,
パイピング クッション,ブラウン フレンチフラワー / 45×45cm（中材付き）,1219,,,,,
パイピング クッション,ブラウン ヘリンボーンチェック / 45×45cm（中材付き）,1094,,,,,
パイピング クッション,ミルキーホワイト ダイヤキルト / 45×45cm（中材付き）,1219,,,,,
パイピング クッション,ミルクイエロー ブリック / 45×45cm（中材付き）,1369,,,,,
パイピング クッション,ライトカーキ カットフラワー / 45×45cm（中材付き）,1094,,,,,
ビス ダイニングチェア,ダークウォールナット × オフホワイトファブリック,6697,,,,,
ビス ダイニングチェア,ダークウォールナット × オレンジファブリック,5947,,,,,
ビス ダイニングチェア,ダークウォールナット × ブラックパッチワーク,5947,,,,,
ビス ダイニングチェア,ダークウォールナット × ベージュパッチワーク,5947,,,,,
ビス ダイニングチェア,ダークウォールナット × ライスイエローファブリック,6697,,,,,
ビス ダイニングチェア,ブラック × オフホワイトファブリック,6697,,,,,
ビス ダイニングチェア,ブラック × ブラックパッチワーク,5947,,,,,
ビス ダイニングチェア,ブラック × ベージュパッチワーク,5947,,,,,
ビス ダイニングチェア,ブラック × ベージュファブリック,6697,,,,,
ピボ テーブルランプ,オレンジ,7496,,,,,
ピボ テーブルランプ,ダークグリーン,7496,,,,,
ピボ テーブルランプ,レッド,7496,,,,,
フェイクファー ブランケット,フェイクファーストライプ-カーキ / 100×150cm,324,,,,,
フェイクファー ブランケット,フェイクファーストライプ-カーキ / 150×200cm,549,,,,,
フェイクファー ブランケット,フェイクファーストライプ-カーキ / 180×200cm,624,,,,,
フェイクファー ブランケット,フェイクファーストライプ-キャラメル / 100×150cm,324,,,,,
フェイクファー ブランケット,フェイクファーストライプ-キャラメル / 150×200cm,549,,,,,
フェイクファー ブランケット,フェイクファーストライプ-キャラメル / 180×200cm,624,,,,,
フェイクファー ブランケット,フェイクファーストライプ-クリームホワイト / 100×150cm,324,,,,,
フェイクファー ブランケット,フェイクファーストライプ-クリームホワイト / 150×200cm,549,,,,,
フェイクファー ブランケット,フェイクファーストライプ-クリームホワイト / 180×200cm,624,,,,,
フェイクファー ブランケット,フェイクファーストライプ-ターメリックイエロー / 100×150cm,324,,,,,
フェイクファー ブランケット,フェイクファーストライプ-ターメリックイエロー / 150×200cm,549,,,,,
フェイクファー ブランケット,フェイクファーストライプ-ターメリックイエロー / 180×200cm,624,,,,,
フェイクファー ブランケット,フェイクファーストライプ-ダークグレー / 100×150cm,324,,,,,
フェイクファー ブランケット,フェイクファーストライプ-ダークグレー / 150×200cm,549,,,,,
フェイクファー ブランケット,フェイクファーストライプ-ダークグレー / 180×200cm,624,,,,,
フェイクファー ブランケット,フェイクファーストライプ-ピンク / 100×150cm,324,,,,,
フェイクファー ブランケット,フェイクファーストライプ-ピンク / 150×200cm,549,,,,,
フェイクファー ブランケット,フェイクファーストライプ-ピンク / 180×200cm,624,,,,,
フェイクファー ブランケット,フェイクファーストライプ-フルーツグリーン / 100×150cm,324,,,,,
フェイクファー ブランケット,フェイクファーストライプ-フルーツグリーン / 150×200cm,549,,,,,
フェイクファー ブランケット,フェイクファーストライプ-フルーツグリーン / 180×200cm,624,,,,,
フェイクファー ブランケット,フェイクファーストライプ-ブルー / 100×150cm,324,,,,,
フェイクファー ブランケット,フェイクファーストライプ-ブルー / 150×200cm,549,,,,,
フェイクファー ブランケット,フェイクファーストライプ-ブルー / 180×200cm,624,,,,,
フェイクファー ブランケット,フェイクファーストライプ-ライトグレー / 100×150cm,324,,,,,
フェイクファー ブランケット,フェイクファーストライプ-ライトグレー / 150×200cm,549,,,,,
フェイクファー ブランケット,フェイクファーストライプ-ライトグレー / 180×200cm,624,,,,,
フェイクファー ブランケット,フェイクファーストライプ-ライトパープル / 100×150cm,324,,,,,
フェイクファー ブランケット,フェイクファーストライプ-ライトパープル / 150×200cm,549,,,,,
フェイクファー ブランケット,フェイクファーストライプ-ライトパープル / 180×200cm,624,,,,,
フラワー キャットタワー,ホワイト（花パーツ取り外し可）,6897,,,,,
フラワー キャットタワー,花柄（花パーツ取り外し可）,6897,,,,,
フラワー フロアクッション,イエロー / 直径40cm,594,,,,,
フラワー フロアクッション,イエロー / 直径50cm,894,,,,,
フラワー フロアクッション,グリーン / 直径40cm,594,,,,,
フラワー フロアクッション,グリーン / 直径50cm,894,,,,,
フラワー フロアクッション,グレー / 直径40cm,594,,,,,
フラワー フロアクッション,グレー / 直径50cm,894,,,,,
フラワー フロアクッション,ピンク / 直径40cm,594,,,,,
フラワー フロアクッション,ピンク / 直径50cm,894,,,,,
フラワーバッド テーブルランプ,充電式・タッチ式・3色調光 / イエロー,469,,,,,
フラワーバッド テーブルランプ,充電式・タッチ式・3色調光 / ピンク,469,,,,,
フラワーバッド テーブルランプ,充電式・タッチ式・3色調光 / ホワイト,469,,,,,
フラワーバッド テーブルランプ,充電式・タッチ式・3色調光 / レッド,469,,,,,
フランネル ブランケット,イエロー / 100×150cm（約390g）,299,,,,,
フランネル ブランケット,イエロー / 150×200cm（約820g）,574,,,,,
フランネル ブランケット,イエロー / 180×200cm（約950g）,624,,,,,
フランネル ブランケット,オフホワイト / 100×150cm（約390g）,299,,,,,
フランネル ブランケット,オフホワイト / 150×200cm（約820g）,574,,,,,
フランネル ブランケット,オフホワイト / 180×200cm（約950g）,624,,,,,
フランネル ブランケット,カラメル / 100×150cm（約390g）,299,,,,,
フランネル ブランケット,カラメル / 150×200cm（約820g）,574,,,,,
フランネル ブランケット,カラメル / 180×200cm（約950g）,624,,,,,
フランネル ブランケット,カーキ / 100×150cm（約390g）,299,,,,,
フランネル ブランケット,カーキ / 150×200cm（約820g）,574,,,,,
フランネル ブランケット,カーキ / 180×200cm（約950g）,624,,,,,
フランネル ブランケット,スペースグレイ / 100×150cm（約390g）,299,,,,,
フランネル ブランケット,スペースグレイ / 150×200cm（約820g）,574,,,,,
フランネル ブランケット,スペースグレイ / 180×200cm（約950g）,624,,,,,
フランネル ブランケット,バイオレット / 100×150cm（約390g）,299,,,,,
フランネル ブランケット,バイオレット / 150×200cm（約820g）,574,,,,,
フランネル ブランケット,バイオレット / 180×200cm（約950g）,624,,,,,
フランネル ブランケット,ピンキー / 100×150cm（約390g）,299,,,,,
フランネル ブランケット,ピンキー / 150×200cm（約820g）,574,,,,,
フランネル ブランケット,ピンキー / 180×200cm（約950g）,624,,,,,
フランネル ブランケット,フォググレー / 100×150cm（約390g）,299,,,,,
フランネル ブランケット,フォググレー / 150×200cm（約820g）,574,,,,,
フランネル ブランケット,フォググレー / 180×200cm（約950g）,624,,,,,
フランネル ブランケット,フルーツグリーン / 100×150cm（約390g）,299,,,,,
フランネル ブランケット,フルーツグリーン / 150×200cm（約820g）,574,,,,,
フランネル ブランケット,フルーツグリーン / 180×200cm（約950g）,624,,,,,
フランネル ブランケット,ブルーグレー / 100×150cm（約390g）,299,,,,,
フランネル ブランケット,ブルーグレー / 150×200cm（約820g）,574,,,,,
フランネル ブランケット,ブルーグレー / 180×200cm（約950g）,624,,,,,
フランネル ブランケット,ライトグレー / 100×150cm（約390g）,299,,,,,
フランネル ブランケット,ライトグレー / 150×200cm（約820g）,574,,,,,
フランネル ブランケット,ライトグレー / 180×200cm（約950g）,624,,,,,
プラッシュ クッション,両面-A字型フラワーグレー / 45* 45センチメートル（コアなし）,299,,,,,
プラッシュ クッション,両面-A字型フラワースキンパウダー / 45* 45センチメートル（コアなし）,299,,,,,
プラッシュ クッション,両面-A字型フラワーベージュ / 45* 45センチメートル（コアなし）,299,,,,,
プラッシュ クッション,両面-A字型フラワーライトブラウン / 45* 45センチメートル（コアなし）,299,,,,,
プラッシュ クッション,両面-Wパターン、グレー / 45* 45センチメートル（コアなし）,344,,,,,
プラッシュ クッション,両面-Wパターンベージュ / 45* 45センチメートル（コアなし）,344,,,,,
プラッシュ クッション,両面-W柄、ライトブラウン / 45* 45センチメートル（コアなし）,344,,,,,
プラッシュ クッション,両面-W柄レザーパウダー / 45* 45センチメートル（コアなし）,344,,,,,
ベルベット クッション,カーキ バーチカルプリーツ / 45×45cm（中材付き）,1144,,,,,
ベルベット クッション,カーキ ブラッシュ / 45×45cm（中材付き）,1094,,,,,
ベルベット クッション,カーキ ベルベット / 45×45cm（中材付き）,894,,,,,
ベルベット クッション,ブラウン コーデュロイチェック / 45×45cm（中材付き）,1694,,,,,
ベルベット クッション,ブラウン フォレストカット / 45×45cm（中材付き）,1119,,,,,
ベルベット クッション,ブラウン ブリック×スワロー / 45×45cm（中材付き）,1169,,,,,
ベルベット クッション,ブラウン ペンシルライン / 45×45cm（中材付き）,1719,,,,,
ベルベット クッション,ブラウン レースジオメトリック / 45×45cm（中材付き）,1494,,,,,
ボア ラウンジチェア,イエロー,1871,,,,,
ボア ラウンジチェア,カーキ,1871,,,,,
ボア ラウンジチェア,グリーン,1871,,,,,
ボア ラウンジチェア,グレー,1871,,,,,
ボア ラウンジチェア,パープル,1871,,,,,
ボア ラウンジチェア,ピンク,1871,,,,,
ボア ラウンジチェア,フルーツグリーン,1871,,,,,
ボア ラウンジチェア,ブラウン,1871,,,,,
ボア ラウンジチェア,ベージュ,1871,,,,,
ボア ラウンジチェア,ライトブルー,1871,,,,,
マッシュルーム コードレステーブルランプ,タッチ式・3色調光 / グレー,1624,,,,,
マッシュルーム コードレステーブルランプ,タッチ式・3色調光 / ゴールド,1624,,,,,
マッシュルーム コードレステーブルランプ,タッチ式・3色調光 / シルバー,1624,,,,,
マッシュルーム コードレステーブルランプ,タッチ式・3色調光 / ダークグリーン,1624,,,,,
マッシュルーム コードレステーブルランプ,タッチ式・3色調光 / バーガンディ,1624,,,,,
マッシュルーム コードレステーブルランプ,タッチ式・3色調光 / ライムブルー,1624,,,,,
マッシュルーム コードレステーブルランプ,タッチ式・3色調光 / ローズゴールド,1624,,,,,
ミニ アラームクロック,エメラルド,719,,,,,
ミニ アラームクロック,オフホワイト,719,,,,,
ミニ アラームクロック,ピンク,719,,,,,
ミニ アラームクロック,ライトパープル,719,,,,,
モコ ラウンジチェア,コーデュロイ オレンジ,10445,,,,,
モコ ラウンジチェア,コーデュロイ キャラメル,10445,,,,,
モコ ラウンジチェア,コーデュロイ グリーン,10445,,,,,
モコ ラウンジチェア,コーデュロイ ブラック,10445,,,,,
モコ ラウンジチェア,コーデュロイ ブルー,10445,,,,,
モコ ラウンジチェア,コーデュロイ ホワイト,10445,,,,,
ルナ ウォールライト,3色切替 / アンバー,,,,,,
ルナ ウォールライト,3色切替 / クリアブラック,,,,,,
ルナ ウォールライト,3色切替 / クリアホワイト,,,,,,
ルナ ウォールライト,3色切替 / スモーキーグレー,,,,,,
ルナ ウォールライト,電球色 / アンバー,,,,,,
ルナ ウォールライト,電球色 / クリアブラック,,,,,,
ルナ ウォールライト,電球色 / クリアホワイト,,,,,,
ルナ ウォールライト,電球色 / スモーキーグレー,,,,,,
レジン スカルプチャーオブジェ,15センチデビッド,389,,,,,
レジン スカルプチャーオブジェ,15センチメートルアポロ,389,,,,,
レジン スカルプチャーオブジェ,18CM マルセイユ,389,,,,,
ロロ サイドテーブル,イエロー,3404,,,,,
ロロ サイドテーブル,ブラック,3404,,,,,
ロロ サイドテーブル,ホワイト,3404,,,,,
ロンド コーヒーテーブル,ウォールナット × ブラック脚 50cm / 組み立て式,5497,,,,,
ロンド コーヒーテーブル,ウォールナット × ブラック脚 60cm / 組み立て式,6497,,,,,
ロンド コーヒーテーブル,ウォールナット × ホワイト脚 50cm / 組み立て式,5497,,,,,
ロンド コーヒーテーブル,ウォールナット × ホワイト脚 60cm / 組み立て式,6497,,,,,
ロンド コーヒーテーブル,ホワイト × ブラック脚 50cm / 組み立て式,5497,,,,,
ロンド コーヒーテーブル,ホワイト × ブラック脚 60cm / 組み立て式,6497,,,,,
ロンド コーヒーテーブル,ホワイト × ホワイト脚 50cm / 組み立て式,5497,,,,,
ロンド コーヒーテーブル,ホワイト × ホワイト脚 60cm / 組み立て式,6497,,,,,
ロンド コーヒーテーブル,マットブラック × ブラック脚 50cm / 組み立て式,5497,,,,,
ロンド コーヒーテーブル,マットブラック × ブラック脚 60cm / 組み立て式,6497,,,,,
ロンド コーヒーテーブル,マットブラック × ホワイト脚 50cm / 組み立て式,5497,,,,,
ロンド コーヒーテーブル,マットブラック × ホワイト脚 60cm / 組み立て式,6497,,,,,
手編みコースター,12cm ダック,232,,,,,
手編みコースター,アプリコットリス直径12cm,232,,,,,
手編みコースター,カエルの直径は12cmです,232,,,,,
手編みコースター,トカゲ 12 センチ,349,,,,,
手編みコースター,明るい色のカメ,499,,,,,
手編みコースター,直径12cmのピンクリス,232,,,,,
手編みコースター,直径12センチのマウス,299,,,,,
