product,product_id,product_status,variant,variant_id,sku,price,tracked,inventory_quantity,inventory_policy,continue_selling_when_out_of_stock,location,fulfillment_service,online_store_published,purchasable_now,sold_out_at_zero,classification,note
MORU フラワーラウンジ,10214219743472,ACTIVE,アイボリー,gid://shopify/ProductVariant/50279721730288,f89ed6c7183ca65547d2c2561819369f,9980,true,5,DENY,no(DENY),Shop location,manual(Shopify既定),true,true,true,A,唯一の在庫追跡商品。在庫を使い切ると DENY で売り切れになる
MORU フラワーラウンジ,10214219743472,ACTIVE,オリーブグリーン,gid://shopify/ProductVariant/50279721763056,476e297375c500bb15ef0aef7f8abb53,9980,true,5,DENY,no(DENY),Shop location,manual(Shopify既定),true,true,true,A,唯一の在庫追跡商品。在庫を使い切ると DENY で売り切れになる
アブストラクト オブジェ,10218008215792,DRAFT,ビッグコンビネーション [稲の耳]-M53,gid://shopify/ProductVariant/50296080564464,75ab49fe91f8127a9d33ca4f6f82f4c4,58980,false,100,DENY,no(DENY),Shop location,manual(Shopify既定),false,false,false(追跡なしのため在庫0でも売れる),D,DRAFT のためオンラインストア未公開。公開すれば購入可能になる
アブストラクト オブジェ,10218008215792,DRAFT,グループコンビネーション [スプリングハーベスト]-O21,gid://shopify/ProductVariant/50296080597232,34036f8d1a6f5bd05389ed4172858aad,22980,false,100,DENY,no(DENY),Shop location,manual(Shopify既定),false,false,false(追跡なしのため在庫0でも売れる),D,DRAFT のためオンラインストア未公開。公開すれば購入可能になる
アブストラクト オブジェ,10218008215792,DRAFT,グループコンビネーション [チンラン]-I56,gid://shopify/ProductVariant/50296080630000,6134b4c23d96e190b34ec02a4d2ae408,22480,false,100,DENY,no(DENY),Shop location,manual(Shopify既定),false,false,false(追跡なしのため在庫0でも売れる),D,DRAFT のためオンラインストア未公開。公開すれば購入可能になる
アブストラクト オブジェ,10218008215792,DRAFT,グループコンビネーション [ムヤン]-R65,gid://shopify/ProductVariant/50296080662768,197b0e8b7d429973acd263d74989b79c,18480,false,103,DENY,no(DENY),Shop location,manual(Shopify既定),false,false,false(追跡なしのため在庫0でも売れる),D,DRAFT のためオンラインストア未公開。公開すれば購入可能になる
アブストラクト オブジェ,10218008215792,DRAFT,コンビネーション [メープル]-O43,gid://shopify/ProductVariant/50296080695536,7aed9956f07f7d6c3d99ab34f4e9d199,44480,false,102,DENY,no(DENY),Shop location,manual(Shopify既定),false,false,false(追跡なしのため在庫0でも売れる),D,DRAFT のためオンラインストア未公開。公開すれば購入可能になる
アブストラクト オブジェ,10218008215792,DRAFT,グループコンビネーション [メープルリーフ]-N48,gid://shopify/ProductVariant/50296080728304,1a96be22bfb7f2f7155463a3fc1a4a2b,30480,false,103,DENY,no(DENY),Shop location,manual(Shopify既定),false,false,false(追跡なしのため在庫0でも売れる),D,DRAFT のためオンラインストア未公開。公開すれば購入可能になる
アブストラクト オブジェ,10218008215792,DRAFT,グループコンビネーション [プレーンスタイル]-O14,gid://shopify/ProductVariant/50296080761072,01aba7397719c00556a65d49ee19e6b4,26980,false,103,DENY,no(DENY),Shop location,manual(Shopify既定),false,false,false(追跡なしのため在庫0でも売れる),D,DRAFT のためオンラインストア未公開。公開すれば購入可能になる
アブストラクト オブジェ,10218008215792,DRAFT,白茶色のセラミックオーナメント1組-M17,gid://shopify/ProductVariant/50296080793840,ec536c2c6e56f150de44b47bcf2a59c2,11980,false,103,DENY,no(DENY),Shop location,manual(Shopify既定),false,false,false(追跡なしのため在庫0でも売れる),D,DRAFT のためオンラインストア未公開。公開すれば購入可能になる
アブストラクト オブジェ,10218008215792,DRAFT,特殊形状シェルセラミック-A35,gid://shopify/ProductVariant/50296080826608,747adb5c3a47a7c491a3239ec1294164,12980,false,102,DENY,no(DENY),Shop location,manual(Shopify既定),false,false,false(追跡なしのため在庫0でも売れる),D,DRAFT のためオンラインストア未公開。公開すれば購入可能になる
アブストラクト オブジェ,10218008215792,DRAFT,ラッキーキャットのペア-O11,gid://shopify/ProductVariant/50296080859376,cd92d5ec9a58941b12944db9f3cde68d,9480,false,104,DENY,no(DENY),Shop location,manual(Shopify既定),false,false,false(追跡なしのため在庫0でも売れる),D,DRAFT のためオンラインストア未公開。公開すれば購入可能になる
アブストラクト オブジェ,10218008215792,DRAFT,ノットデコレーション-H38,gid://shopify/ProductVariant/50296080892144,1bc403c2a05ed4a9bba330ff372bb6ed,9480,false,101,DENY,no(DENY),Shop location,manual(Shopify既定),false,false,false(追跡なしのため在庫0でも売れる),D,DRAFT のためオンラインストア未公開。公開すれば購入可能になる
アブストラクト オブジェ,10218008215792,DRAFT,コーヒー色のガラスの花瓶-A55,gid://shopify/ProductVariant/50296080924912,b414e97d924bc272ccfe7c39c6bc037c,6980,false,103,DENY,no(DENY),Shop location,manual(Shopify既定),false,false,false(追跡なしのため在庫0でも売れる),D,DRAFT のためオンラインストア未公開。公開すれば購入可能になる
アブストラクト オブジェ,10218008215792,DRAFT,白い双頭花瓶-E88,gid://shopify/ProductVariant/50296080957680,fb4d1081470264108ddbdd5ac726fce9,6480,false,100,DENY,no(DENY),Shop location,manual(Shopify既定),false,false,false(追跡なしのため在庫0でも売れる),D,DRAFT のためオンラインストア未公開。公開すれば購入可能になる
アブストラクト オブジェ,10218008215792,DRAFT,陶器コーヒーカップ-N66,gid://shopify/ProductVariant/50296080990448,658f9def757e31b83fefd579954a5238,6480,false,102,DENY,no(DENY),Shop location,manual(Shopify既定),false,false,false(追跡なしのため在庫0でも売れる),D,DRAFT のためオンラインストア未公開。公開すれば購入可能になる
アブストラクト オブジェ,10218008215792,DRAFT,スティックマンブックストップ-T78,gid://shopify/ProductVariant/50296081023216,b5e4f2f7e89931a952a531c6d20e7fa1,6980,false,100,DENY,no(DENY),Shop location,manual(Shopify既定),false,false,false(追跡なしのため在庫0でも売れる),D,DRAFT のためオンラインストア未公開。公開すれば購入可能になる
アブストラクト オブジェ,10218008215792,DRAFT,アインシュタイン原稿-C20,gid://shopify/ProductVariant/50296081055984,191ce5dc8d92c18f76292b4d245e1d11,9480,false,103,DENY,no(DENY),Shop location,manual(Shopify既定),false,false,false(追跡なしのため在庫0でも売れる),D,DRAFT のためオンラインストア未公開。公開すれば購入可能になる
アブストラクト オブジェ,10218008215792,DRAFT,シュラグ花瓶-レッドスモール-H63,gid://shopify/ProductVariant/50296081088752,f95267d75899a7db1cf00e8282954998,16980,false,101,DENY,no(DENY),Shop location,manual(Shopify既定),false,false,false(追跡なしのため在庫0でも売れる),D,DRAFT のためオンラインストア未公開。公開すれば購入可能になる
アブストラクト オブジェ,10218008215792,DRAFT,シュラグ花瓶-大-Q49,gid://shopify/ProductVariant/50296081121520,97f04c82685b8f9c9c228ab1f6196a53,18480,false,101,DENY,no(DENY),Shop location,manual(Shopify既定),false,false,false(追跡なしのため在庫0でも売れる),D,DRAFT のためオンラインストア未公開。公開すれば購入可能になる
アブストラクト オブジェ,10218008215792,DRAFT,スナグルフラワー花瓶-I72,gid://shopify/ProductVariant/50296081154288,7ba1fe4c9b7d035d2e77e89cfaec6ca1,9980,false,100,DENY,no(DENY),Shop location,manual(Shopify既定),false,false,false(追跡なしのため在庫0でも売れる),D,DRAFT のためオンラインストア未公開。公開すれば購入可能になる
アブストラクト オブジェ,10218008215792,DRAFT,マウンテンキャラクターセラミック-F30,gid://shopify/ProductVariant/50296081187056,2c429cd9ea2d1ca3e5eb14d52d357103,6980,false,101,DENY,no(DENY),Shop location,manual(Shopify既定),false,false,false(追跡なしのため在庫0でも売れる),D,DRAFT のためオンラインストア未公開。公開すれば購入可能になる
アブストラクト オブジェ,10218008215792,DRAFT,ポット型セラミック-K87,gid://shopify/ProductVariant/50296081219824,78c58ba6410473c63d66a2065a25196d,4980,false,101,DENY,no(DENY),Shop location,manual(Shopify既定),false,false,false(追跡なしのため在庫0でも売れる),D,DRAFT のためオンラインストア未公開。公開すれば購入可能になる
ガラスフラワー オブジェ,10218058285296,ACTIVE,ルビー（7点セット）,gid://shopify/ProductVariant/50296393662704,29d7e8cbcebfab5af9efca0ec2f23682,3980,false,224,DENY,no(DENY),Shop location,manual(Shopify既定),true,true,false(追跡なしのため在庫0でも売れる),A,在庫を追跡していないため常に購入可能
ガラスフラワー オブジェ,10218058285296,ACTIVE,ブルー（7点セット）,gid://shopify/ProductVariant/50296393695472,7b370f9a7f74641e87773b8735868386,3980,false,233,DENY,no(DENY),Shop location,manual(Shopify既定),true,true,false(追跡なしのため在庫0でも売れる),A,在庫を追跡していないため常に購入可能
ガラスフラワー オブジェ,10218058285296,ACTIVE,ピンク（7点セット）,gid://shopify/ProductVariant/50296393728240,7f19f1a9b72ba25c4af03320b63d2075,3980,false,147,DENY,no(DENY),Shop location,manual(Shopify既定),true,true,false(追跡なしのため在庫0でも売れる),A,在庫を追跡していないため常に購入可能
ガラスフラワー オブジェ,10218058285296,ACTIVE,ホワイト（7点セット）,gid://shopify/ProductVariant/50296393826544,4e3ef97bd8e412402af2f47ab63a30e1,3980,false,268,DENY,no(DENY),Shop location,manual(Shopify既定),true,true,false(追跡なしのため在庫0でも売れる),A,在庫を追跡していないため常に購入可能
ガラスフラワー オブジェ,10218058285296,ACTIVE,アンバー（7点セット）,gid://shopify/ProductVariant/50296393924848,dab3482fc0695768b2496f0f97c5e4ce,3980,false,254,DENY,no(DENY),Shop location,manual(Shopify既定),true,true,false(追跡なしのため在庫0でも売れる),A,在庫を追跡していないため常に購入可能
クラウド サイドテーブル,10218006315248,ACTIVE,スターライトブラック（1段）,gid://shopify/ProductVariant/50296062673136,05570b9a124d02f2d3769d087d12019a,12480,false,100244,DENY,no(DENY),Shop location,manual(Shopify既定),true,true,false(追跡なしのため在庫0でも売れる),A,在庫を追跡していないため常に購入可能
クラウド サイドテーブル,10218006315248,ACTIVE,ミルキーホワイト（1段）,gid://shopify/ProductVariant/50296062705904,5b71a3dc3109a5c3443b343e30aaeb76,12480,false,100387,DENY,no(DENY),Shop location,manual(Shopify既定),true,true,false(追跡なしのため在庫0でも売れる),A,在庫を追跡していないため常に購入可能
クラウド サイドテーブル,10218006315248,ACTIVE,ウォールナット（1段）,gid://shopify/ProductVariant/50296062738672,dc56669e522c1955922bcd9dff5572be,12480,false,100415,DENY,no(DENY),Shop location,manual(Shopify既定),true,true,false(追跡なしのため在庫0でも売れる),A,在庫を追跡していないため常に購入可能
クリアシェード テーブルランプ,10218006348016,ACTIVE,充電式・無段階調光 / クローム（クリアシェード）,gid://shopify/ProductVariant/50296062869744,9c4ed89e3487f9ce5f4c97186b090232,11480,false,123,DENY,no(DENY),Shop location,manual(Shopify既定),true,true,false(追跡なしのため在庫0でも売れる),A,在庫を追跡していないため常に購入可能
クリアシェード テーブルランプ,10218006348016,ACTIVE,充電式・無段階調光 / バーガンディ（クリアシェード）,gid://shopify/ProductVariant/50296062902512,b809bb70178d3b8681fed393f957dc98,11480,false,228,DENY,no(DENY),Shop location,manual(Shopify既定),true,true,false(追跡なしのため在庫0でも売れる),A,在庫を追跡していないため常に購入可能
クリアシェード テーブルランプ,10218006348016,ACTIVE,充電式・無段階調光 / パールブラック（クリアシェード）,gid://shopify/ProductVariant/50296062935280,baed95876fcacec127ef858731c7dc04,11480,false,224,DENY,no(DENY),Shop location,manual(Shopify既定),true,true,false(追跡なしのため在庫0でも売れる),A,在庫を追跡していないため常に購入可能
コイル サイドテーブル,10218058318064,ACTIVE,レモンイエロー / 全高45cm（天板径34cm）,gid://shopify/ProductVariant/50296394121456,ab07dcd0e56eb7ee717e2da9a3ac402d,33480,false,9402,DENY,no(DENY),Shop location,manual(Shopify既定),true,true,false(追跡なしのため在庫0でも売れる),A,在庫を追跡していないため常に購入可能
コイル サイドテーブル,10218058318064,ACTIVE,トゥルーレッド / 全高45cm（天板径34cm）,gid://shopify/ProductVariant/50296394154224,8c1b2d9a7e72c188d438d40ddf490f56,33480,false,9283,DENY,no(DENY),Shop location,manual(Shopify既定),true,true,false(追跡なしのため在庫0でも売れる),A,在庫を追跡していないため常に購入可能
コイル サイドテーブル,10218058318064,ACTIVE,グリーン / 全高45cm（天板径34cm）,gid://shopify/ProductVariant/50296394186992,3455466daef0d9268b82871cbe8c210c,33480,false,9408,DENY,no(DENY),Shop location,manual(Shopify既定),true,true,false(追跡なしのため在庫0でも売れる),A,在庫を追跡していないため常に購入可能
コーデュロイ フォールディングチェア,10218008084720,ACTIVE,ブラウン,gid://shopify/ProductVariant/50296079712496,cfba35e8e118f16f83ff476952758d2b,11480,false,200,DENY,no(DENY),Shop location,manual(Shopify既定),true,true,false(追跡なしのため在庫0でも売れる),A,在庫を追跡していないため常に購入可能
コーデュロイ フォールディングチェア,10218008084720,ACTIVE,ピーコックブルー,gid://shopify/ProductVariant/50296079745264,b2e07986192be22f0732e2deb26a4121,11480,false,200,DENY,no(DENY),Shop location,manual(Shopify既定),true,true,false(追跡なしのため在庫0でも売れる),A,在庫を追跡していないため常に購入可能
コーデュロイ フォールディングチェア,10218008084720,ACTIVE,オレンジ,gid://shopify/ProductVariant/50296079778032,b135c1eeb074ce7fa189ada712ece2f9,11480,false,200,DENY,no(DENY),Shop location,manual(Shopify既定),true,true,false(追跡なしのため在庫0でも売れる),A,在庫を追跡していないため常に購入可能
コーデュロイ フォールディングチェア,10218008084720,ACTIVE,ピンク,gid://shopify/ProductVariant/50296079810800,c8fb2c55f4618676bee453bed599f9aa,11480,false,200,DENY,no(DENY),Shop location,manual(Shopify既定),true,true,false(追跡なしのため在庫0でも売れる),A,在庫を追跡していないため常に購入可能
コーデュロイ フォールディングチェア,10218008084720,ACTIVE,オリーブグリーン,gid://shopify/ProductVariant/50296079843568,e562d7f8143adbced26b8edd39314da9,11480,false,200,DENY,no(DENY),Shop location,manual(Shopify既定),true,true,false(追跡なしのため在庫0でも売れる),A,在庫を追跡していないため常に購入可能
ジオメトリック ブックスタンド,10218008150256,ACTIVE,ミッドセンチュリー ブックスタンド,gid://shopify/ProductVariant/50296080302320,1be0d3e140f8e8a6b08ace3037286484,8480,false,200,DENY,no(DENY),Shop location,manual(Shopify既定),true,true,false(追跡なしのため在庫0でも売れる),A,在庫を追跡していないため常に購入可能
ジオメトリック ブックスタンド,10218008150256,ACTIVE,ミッドセンチュリー ブックスタンド+ダミーブック3冊,gid://shopify/ProductVariant/50296080335088,0976a78b31041ab45bd0e91144ccb408,9480,false,200,DENY,no(DENY),Shop location,manual(Shopify既定),true,true,false(追跡なしのため在庫0でも売れる),A,在庫を追跡していないため常に購入可能
ジャカード 中綿付きクッション,10218057892080,ACTIVE,イエロー ウェーブ / 45×45cm（中材付き）,gid://shopify/ProductVariant/50296391205104,69a55069d32475d8c1cd19bfe9fec6ff,3980,false,952,DENY,no(DENY),Shop location,manual(Shopify既定),true,true,false(追跡なしのため在庫0でも売れる),A,在庫を追跡していないため常に購入可能
ジャカード 中綿付きクッション,10218057892080,ACTIVE,イエロー ダイヤグリッド / 45×45cm（中材付き）,gid://shopify/ProductVariant/50296391270640,b1cffd17310b993326477bdfa88de12b,3980,false,905,DENY,no(DENY),Shop location,manual(Shopify既定),true,true,false(追跡なしのため在庫0でも売れる),A,在庫を追跡していないため常に購入可能
ジャカード 中綿付きクッション,10218057892080,ACTIVE,イエロー スモールスクエア / 45×45cm（中材付き）,gid://shopify/ProductVariant/50296391336176,24f5a06e8b01eb11abc4c5edc9d552cb,3980,false,931,DENY,no(DENY),Shop location,manual(Shopify既定),true,true,false(追跡なしのため在庫0でも売れる),A,在庫を追跡していないため常に購入可能
ジャカード 中綿付きクッション,10218057892080,ACTIVE,イエロー エコー / 45×45cm（中材付き）,gid://shopify/ProductVariant/50296391401712,45c2c2242560adb70d1480e42205ea8a,3980,false,908,DENY,no(DENY),Shop location,manual(Shopify既定),true,true,false(追跡なしのため在庫0でも売れる),A,在庫を追跡していないため常に購入可能
ジャカード 中綿付きクッション,10218057892080,ACTIVE,イエロー ヘリンボーン / 45×45cm（中材付き）,gid://shopify/ProductVariant/50296391467248,24e86b5f2b68da1216806cd6af3928eb,3980,false,952,DENY,no(DENY),Shop location,manual(Shopify既定),true,true,false(追跡なしのため在庫0でも売れる),A,在庫を追跡していないため常に購入可能
セラミック ブックエンド,10218008183024,ACTIVE,アーチライン ブックスタンド雑誌3冊付き パールホワイト,gid://shopify/ProductVariant/50296080400624,ba4eca5633219572344e574b5062107f,8480,false,200,DENY,no(DENY),Shop location,manual(Shopify既定),true,true,false(追跡なしのため在庫0でも売れる),A,在庫を追跡していないため常に購入可能
セラミック ブックエンド,10218008183024,ACTIVE,アーチライン ブックスタンド雑誌3冊付き マットブラック,gid://shopify/ProductVariant/50296080433392,043c6ce59288f4e637dfe5184f318efa,8480,false,200,DENY,no(DENY),Shop location,manual(Shopify既定),true,true,false(追跡なしのため在庫0でも売れる),A,在庫を追跡していないため常に購入可能
セラミック ブックエンド,10218008183024,ACTIVE,アーチライン ブックスタンド パールホワイト,gid://shopify/ProductVariant/50296080498928,a2c3760b1bc87363b76c29257054a1c5,7980,false,200,DENY,no(DENY),Shop location,manual(Shopify既定),true,true,false(追跡なしのため在庫0でも売れる),A,在庫を追跡していないため常に購入可能
セラミック ブックエンド,10218008183024,ACTIVE,アーチライン ブックスタンド マットブラック,gid://shopify/ProductVariant/50296080531696,a17d885349ed46057d7d14d8f0a0e9bf,7980,false,200,DENY,no(DENY),Shop location,manual(Shopify既定),true,true,false(追跡なしのため在庫0でも売れる),A,在庫を追跡していないため常に購入可能
セル サイドボード,10218006479088,ACTIVE,ホワイト Aタイプ / 幅50×奥行35×高さ52.5cm,gid://shopify/ProductVariant/50296063918320,9feb89d52da0cf51d6d50cf83f962590,33480,false,10000,DENY,no(DENY),Shop location,manual(Shopify既定),true,true,false(追跡なしのため在庫0でも売れる),A,在庫を追跡していないため常に購入可能
セル サイドボード,10218006479088,ACTIVE,ブラック Aタイプ / 幅50×奥行35×高さ52.5cm,gid://shopify/ProductVariant/50296063951088,ba0c178e35a349e64233449856c0c13f,33480,false,10000,DENY,no(DENY),Shop location,manual(Shopify既定),true,true,false(追跡なしのため在庫0でも売れる),A,在庫を追跡していないため常に購入可能
セル サイドボード,10218006479088,ACTIVE,ホワイト Bタイプ / 幅50×奥行35×高さ52.5cm,gid://shopify/ProductVariant/50296063983856,82ce2d2926ae52167411b53631bb6c60,34980,false,10000,DENY,no(DENY),Shop location,manual(Shopify既定),true,true,false(追跡なしのため在庫0でも売れる),A,在庫を追跡していないため常に購入可能
セル サイドボード,10218006479088,ACTIVE,ブラック Bタイプ / 幅50×奥行35×高さ52.5cm,gid://shopify/ProductVariant/50296064016624,c92a60f86cdf943ba40bfdeb2ca905f1,34980,false,10000,DENY,no(DENY),Shop location,manual(Shopify既定),true,true,false(追跡なしのため在庫0でも売れる),A,在庫を追跡していないため常に購入可能
セル モジュールキャビネット,10218009264368,DRAFT,シングル Aタイプ 幅75×奥行35×高さ70cm,gid://shopify/ProductVariant/50296096588016,45722313e1218e2f7ba24b599e052b1c,39480,false,976,DENY,no(DENY),Shop location,manual(Shopify既定),false,false,false(追跡なしのため在庫0でも売れる),D,DRAFT のためオンラインストア未公開。公開すれば購入可能になる
セル モジュールキャビネット,10218009264368,DRAFT,シングル Bタイプ 幅75×奥行35×高さ70cm,gid://shopify/ProductVariant/50296096620784,260fd4a5b8b793cae5dec5022f16aec5,46480,false,999,DENY,no(DENY),Shop location,manual(Shopify既定),false,false,false(追跡なしのため在庫0でも売れる),D,DRAFT のためオンラインストア未公開。公開すれば購入可能になる
セル モジュールキャビネット,10218009264368,DRAFT,シングル Cタイプ 幅75×奥行35×高さ70cm,gid://shopify/ProductVariant/50296096653552,9f8b62bce2483c8608d6d8de98334b41,50480,false,1000,DENY,no(DENY),Shop location,manual(Shopify既定),false,false,false(追跡なしのため在庫0でも売れる),D,DRAFT のためオンラインストア未公開。公開すれば購入可能になる
セル モジュールキャビネット,10218009264368,DRAFT,ダブル Aタイプ 幅150×奥行35×高さ70cm,gid://shopify/ProductVariant/50296096817392,eb0fbfee661102f80b2ab299590804bc,92480,false,1000,DENY,no(DENY),Shop location,manual(Shopify既定),false,false,false(追跡なしのため在庫0でも売れる),D,DRAFT のためオンラインストア未公開。公開すれば購入可能になる
セル モジュールキャビネット,10218009264368,DRAFT,ダブル Bタイプ 幅150×奥行35×高さ70cm,gid://shopify/ProductVariant/50296096850160,685bce782560abc0cd163f2f8013fee0,92480,false,1000,DENY,no(DENY),Shop location,manual(Shopify既定),false,false,false(追跡なしのため在庫0でも売れる),D,DRAFT のためオンラインストア未公開。公開すれば購入可能になる
ソラ キャットハンモック,10218060906736,ACTIVE,ファブリック グレー,gid://shopify/ProductVariant/50296441667824,108b0dc0e0bad0bdf88b77370e3717fb,20480,false,14,DENY,no(DENY),Shop location,manual(Shopify既定),true,true,false(追跡なしのため在庫0でも売れる),A,在庫を追跡していないため常に購入可能
ソラ キャットハンモック,10218060906736,ACTIVE,ファブリック ベージュ,gid://shopify/ProductVariant/50296441700592,d52de93c868d7322a01e9bcfc6e7b7dc,20480,false,32,DENY,no(DENY),Shop location,manual(Shopify既定),true,true,false(追跡なしのため在庫0でも売れる),A,在庫を追跡していないため常に購入可能
ソラ キャットハンモック,10218060906736,ACTIVE,木製フレーム ベージュ（クッション付き）,gid://shopify/ProductVariant/50296441733360,4579d46734814c2073a47d9ffe183e32,20480,false,6,DENY,no(DENY),Shop location,manual(Shopify既定),true,true,false(追跡なしのため在庫0でも売れる),A,在庫を追跡していないため常に購入可能
ソラ キャットハンモック,10218060906736,ACTIVE,木製フレーム グレー（クッション付き）,gid://shopify/ProductVariant/50296441766128,d8093439f7aea64aef353acf897fbe58,20480,false,14,DENY,no(DENY),Shop location,manual(Shopify既定),true,true,false(追跡なしのため在庫0でも売れる),A,在庫を追跡していないため常に購入可能
ツインベル アラームクロック,10218008379632,ACTIVE,ホワイト,gid://shopify/ProductVariant/50296082170096,0d9069aadbf4ab17ccf3bddf69e4e3c8,5480,false,200,DENY,no(DENY),Shop location,manual(Shopify既定),true,true,false(追跡なしのため在庫0でも売れる),A,在庫を追跡していないため常に購入可能
デュオ ナイトテーブル,10218006511856,ACTIVE,天然木 1連 / ラバーウッド × ステンレス天板,gid://shopify/ProductVariant/50296064213232,b2b0b5df37fa7f2eda9a39de857f5751,53480,false,198,DENY,no(DENY),Shop location,manual(Shopify既定),true,true,false(追跡なしのため在庫0でも売れる),A,在庫を追跡していないため常に購入可能
デュオ ナイトテーブル,10218006511856,ACTIVE,天然木 2連 / ラバーウッド × ステンレス天板,gid://shopify/ProductVariant/50296064246000,8d3b616f47d3c16429f7d4a73434e0a5,104980,false,200,DENY,no(DENY),Shop location,manual(Shopify既定),true,true,false(追跡なしのため在庫0でも売れる),A,在庫を追跡していないため常に購入可能
デュオ ナイトテーブル,10218006511856,ACTIVE,ブラック 1連 / ラバーウッド × ステンレス天板,gid://shopify/ProductVariant/50296064311536,5ed747e288c42486e0ed8e70951a2ab4,53480,false,197,DENY,no(DENY),Shop location,manual(Shopify既定),true,true,false(追跡なしのため在庫0でも売れる),A,在庫を追跡していないため常に購入可能
デュオ ナイトテーブル,10218006511856,ACTIVE,ブラック 2連 / ラバーウッド × ステンレス天板,gid://shopify/ProductVariant/50296064344304,fe24c5b36b8e11aea02d5888028d654f,104980,false,200,DENY,no(DENY),Shop location,manual(Shopify既定),true,true,false(追跡なしのため在庫0でも売れる),A,在庫を追跡していないため常に購入可能
ハル ダイニングチェア,10218009198832,ACTIVE,チェリー × ミルクブラウンレザー調（1脚）,gid://shopify/ProductVariant/50296095637744,f95de56dc5ae72dddab037a31ac85f58,21980,false,200,DENY,no(DENY),Shop location,manual(Shopify既定),true,true,false(追跡なしのため在庫0でも売れる),A,在庫を追跡していないため常に購入可能
ハル ダイニングチェア,10218009198832,ACTIVE,ウォールナット × グレーレザー調（1脚）,gid://shopify/ProductVariant/50296095703280,66534c50a2e84f7325295556bd51f753,21980,false,200,DENY,no(DENY),Shop location,manual(Shopify既定),true,true,false(追跡なしのため在庫0でも売れる),A,在庫を追跡していないため常に購入可能
ハル ダイニングチェア,10218009198832,ACTIVE,チェリー × ミルクブラウンレザー調（2脚セット）,gid://shopify/ProductVariant/50296095768816,ec1e80f521e6b25b48fd78902e3de0a0,35480,false,200,DENY,no(DENY),Shop location,manual(Shopify既定),true,true,false(追跡なしのため在庫0でも売れる),A,在庫を追跡していないため常に購入可能
ハル ダイニングチェア,10218009198832,ACTIVE,ウォールナット × グレーレザー調（2脚セット）,gid://shopify/ProductVariant/50296095670512,4204cd6168b8b2ed94e1e2c636a4018a,35480,false,200,DENY,no(DENY),Shop location,manual(Shopify既定),true,true,false(追跡なしのため在庫0でも売れる),A,在庫を追跡していないため常に購入可能
バルーンドッグ オブジェ,10218009329904,ACTIVE,ブルー / 幅21×奥行7.5×高さ18cm,gid://shopify/ProductVariant/50296097243376,994c4b086820abeb527a60044275e816,3980,false,884,DENY,no(DENY),Shop location,manual(Shopify既定),true,true,false(追跡なしのため在庫0でも売れる),A,在庫を追跡していないため常に購入可能
バルーンドッグ オブジェ,10218009329904,ACTIVE,グリーン / 幅21×奥行7.5×高さ18cm,gid://shopify/ProductVariant/50296097276144,38abe9bb2c2e51270eabe1e756b45025,3980,false,903,DENY,no(DENY),Shop location,manual(Shopify既定),true,true,false(追跡なしのため在庫0でも売れる),A,在庫を追跡していないため常に購入可能
バルーンドッグ オブジェ,10218009329904,ACTIVE,ピンク / 幅21×奥行7.5×高さ18cm,gid://shopify/ProductVariant/50296097308912,258167debc56c33ca4a6574e3d4236cb,3980,false,860,DENY,no(DENY),Shop location,manual(Shopify既定),true,true,false(追跡なしのため在庫0でも売れる),A,在庫を追跡していないため常に購入可能
バルーンドッグ オブジェ,10218009329904,ACTIVE,マルチカラー / 幅21×奥行7.5×高さ18cm,gid://shopify/ProductVariant/50296097341680,79bd4179da79fb2fc982b60044e00385,3980,false,726,DENY,no(DENY),Shop location,manual(Shopify既定),true,true,false(追跡なしのため在庫0でも売れる),A,在庫を追跡していないため常に購入可能
バルーンドッグ オブジェ,10218009329904,ACTIVE,ゴールド / 幅21×奥行7.5×高さ18cm,gid://shopify/ProductVariant/50296097374448,d9dc8606261849e776997393a0efe792,3980,false,392,DENY,no(DENY),Shop location,manual(Shopify既定),true,true,false(追跡なしのため在庫0でも売れる),A,在庫を追跡していないため常に購入可能
バルーンドッグ オブジェ,10218009329904,ACTIVE,シルバー / 幅21×奥行7.5×高さ18cm,gid://shopify/ProductVariant/50296097407216,827a3e1539a7882340a1d41533f1426f,3980,false,193,DENY,no(DENY),Shop location,manual(Shopify既定),true,true,false(追跡なしのため在庫0でも売れる),A,在庫を追跡していないため常に購入可能
バルーンドッグ オブジェ,10218009329904,ACTIVE,パールホワイト / 幅21×奥行7.5×高さ18cm,gid://shopify/ProductVariant/50296097439984,6066adc934248df629535895abc0c1e3,3980,false,712,DENY,no(DENY),Shop location,manual(Shopify既定),true,true,false(追跡なしのため在庫0でも売れる),A,在庫を追跡していないため常に購入可能
バルーンドッグ オブジェ,10218009329904,ACTIVE,ブルーグレー / 幅21×奥行7.5×高さ18cm,gid://shopify/ProductVariant/50296097472752,7e898398eea72c7ecdcbcbb7206f2570,3980,false,670,DENY,no(DENY),Shop location,manual(Shopify既定),true,true,false(追跡なしのため在庫0でも売れる),A,在庫を追跡していないため常に購入可能
バルーンドッグ オブジェ,10218009329904,ACTIVE,オレンジレッド / 幅21×奥行7.5×高さ18cm,gid://shopify/ProductVariant/50296097505520,e9dbf34cf81c5b6f1117b0d5c9ffbc08,3980,false,909,DENY,no(DENY),Shop location,manual(Shopify既定),true,true,false(追跡なしのため在庫0でも売れる),A,在庫を追跡していないため常に購入可能
パイピング クッション,10218008969456,ACTIVE,ブラウン パイピング / 45×45cm（中材付き）,gid://shopify/ProductVariant/50296089837808,d8818d6dcb4b9335416a2f665e91fbfc,6480,false,200,DENY,no(DENY),Shop location,manual(Shopify既定),true,true,false(追跡なしのため在庫0でも売れる),A,在庫を追跡していないため常に購入可能
パイピング クッション,10218008969456,ACTIVE,ブラウン フレンチフラワー / 45×45cm（中材付き）,gid://shopify/ProductVariant/50296089903344,f64d694128a7e0f3bef294c4ab0fbb96,6480,false,200,DENY,no(DENY),Shop location,manual(Shopify既定),true,true,false(追跡なしのため在庫0でも売れる),A,在庫を追跡していないため常に購入可能
パイピング クッション,10218008969456,ACTIVE,ミルキーホワイト ダイヤキルト / 45×45cm（中材付き）,gid://shopify/ProductVariant/50296090362096,e999445af7f129580d529f89f2a7749c,6480,false,200,DENY,no(DENY),Shop location,manual(Shopify既定),true,true,false(追跡なしのため在庫0でも売れる),A,在庫を追跡していないため常に購入可能
パイピング クッション,10218008969456,ACTIVE,オフホワイト フレンチフラワー / 45×45cm（中材付き）,gid://shopify/ProductVariant/50296090558704,6ee575faf01b93bc4aebd9b2d771e447,6480,false,200,DENY,no(DENY),Shop location,manual(Shopify既定),true,true,false(追跡なしのため在庫0でも売れる),A,在庫を追跡していないため常に購入可能
パイピング クッション,10218008969456,ACTIVE,ブラウン ヘリンボーンチェック / 45×45cm（中材付き）,gid://shopify/ProductVariant/50296090820848,922262d1335c88bcf8489839816a654a,5980,false,200,DENY,no(DENY),Shop location,manual(Shopify既定),true,true,false(追跡なしのため在庫0でも売れる),A,在庫を追跡していないため常に購入可能
パイピング クッション,10218008969456,ACTIVE,ミルクイエロー ブリック / 45×45cm（中材付き）,gid://shopify/ProductVariant/50296090886384,e80d1522c7098febd365e6050bd60f49,6980,false,200,DENY,no(DENY),Shop location,manual(Shopify既定),true,true,false(追跡なしのため在庫0でも売れる),A,在庫を追跡していないため常に購入可能
パイピング クッション,10218008969456,ACTIVE,ライトカーキ カットフラワー / 45×45cm（中材付き）,gid://shopify/ProductVariant/50296090951920,b8092ba94a66a4acc00329edcad71b5d,5980,false,200,DENY,no(DENY),Shop location,manual(Shopify既定),true,true,false(追跡なしのため在庫0でも売れる),A,在庫を追跡していないため常に購入可能
パイピング クッション,10218008969456,ACTIVE,カーキ ワイドストライプ / 45×45cm（中材付き）,gid://shopify/ProductVariant/50296091082992,2f84c3b5a775a450a8e9a227ab340528,6480,false,200,DENY,no(DENY),Shop location,manual(Shopify既定),true,true,false(追跡なしのため在庫0でも売れる),A,在庫を追跡していないため常に購入可能
ビス ダイニングチェア,10218009231600,ACTIVE,ブラック × ベージュパッチワーク,gid://shopify/ProductVariant/50296096096496,40f54f66091edf591eec4114ea9d4a1e,23480,false,200,DENY,no(DENY),Shop location,manual(Shopify既定),true,true,false(追跡なしのため在庫0でも売れる),A,在庫を追跡していないため常に購入可能
ビス ダイニングチェア,10218009231600,ACTIVE,ブラック × ブラックパッチワーク,gid://shopify/ProductVariant/50296096129264,127a25ce45be89cdebdc6f5737d9188c,23480,false,200,DENY,no(DENY),Shop location,manual(Shopify既定),true,true,false(追跡なしのため在庫0でも売れる),A,在庫を追跡していないため常に購入可能
ビス ダイニングチェア,10218009231600,ACTIVE,ブラック × ベージュファブリック,gid://shopify/ProductVariant/50296096162032,470f2865fb2906169e1128531e04f974,25980,false,200,DENY,no(DENY),Shop location,manual(Shopify既定),true,true,false(追跡なしのため在庫0でも売れる),A,在庫を追跡していないため常に購入可能
ビス ダイニングチェア,10218009231600,ACTIVE,ブラック × オフホワイトファブリック,gid://shopify/ProductVariant/50296096194800,dc1f674d953fc4034a0b3081388bb714,25980,false,200,DENY,no(DENY),Shop location,manual(Shopify既定),true,true,false(追跡なしのため在庫0でも売れる),A,在庫を追跡していないため常に購入可能
ビス ダイニングチェア,10218009231600,ACTIVE,ダークウォールナット × ライスイエローファブリック,gid://shopify/ProductVariant/50296096227568,40fea582b71215b2350490e7403e206e,25980,false,200,DENY,no(DENY),Shop location,manual(Shopify既定),true,true,false(追跡なしのため在庫0でも売れる),A,在庫を追跡していないため常に購入可能
ビス ダイニングチェア,10218009231600,ACTIVE,ダークウォールナット × オフホワイトファブリック,gid://shopify/ProductVariant/50296096260336,23eb64717035be7c51dfd00be533c77b,25980,false,200,DENY,no(DENY),Shop location,manual(Shopify既定),true,true,false(追跡なしのため在庫0でも売れる),A,在庫を追跡していないため常に購入可能
ビス ダイニングチェア,10218009231600,ACTIVE,ダークウォールナット × ベージュパッチワーク,gid://shopify/ProductVariant/50296096293104,18dce98460fc8f94843bd61f9d234c7e,23480,false,200,DENY,no(DENY),Shop location,manual(Shopify既定),true,true,false(追跡なしのため在庫0でも売れる),A,在庫を追跡していないため常に購入可能
ビス ダイニングチェア,10218009231600,ACTIVE,ダークウォールナット × ブラックパッチワーク,gid://shopify/ProductVariant/50296096325872,7eaf3594cd8b46c6b74a5b77fe49a7e1,23480,false,200,DENY,no(DENY),Shop location,manual(Shopify既定),true,true,false(追跡なしのため在庫0でも売れる),A,在庫を追跡していないため常に購入可能
ビス ダイニングチェア,10218009231600,ACTIVE,ダークウォールナット × オレンジファブリック,gid://shopify/ProductVariant/50296096358640,f6e97e5b36057ef7be7f224f16127f41,23480,false,200,DENY,no(DENY),Shop location,manual(Shopify既定),true,true,false(追跡なしのため在庫0でも売れる),A,在庫を追跡していないため常に購入可能
ピボ テーブルランプ,10218008510704,ACTIVE,レッド,gid://shopify/ProductVariant/50296082661616,4a9615e29629c2a3273780d0bf0c0f99,28480,false,97,DENY,no(DENY),Shop location,manual(Shopify既定),true,true,false(追跡なしのため在庫0でも売れる),A,在庫を追跡していないため常に購入可能
ピボ テーブルランプ,10218008510704,ACTIVE,ダークグリーン,gid://shopify/ProductVariant/50296082694384,f2cace257776a331d6841064f744d08c,28480,false,94,DENY,no(DENY),Shop location,manual(Shopify既定),true,true,false(追跡なしのため在庫0でも売れる),A,在庫を追跡していないため常に購入可能
ピボ テーブルランプ,10218008510704,ACTIVE,オレンジ,gid://shopify/ProductVariant/50296082727152,f3cd002bec518d3fb6b0c5336b7b413e,28480,false,100,DENY,no(DENY),Shop location,manual(Shopify既定),true,true,false(追跡なしのため在庫0でも売れる),A,在庫を追跡していないため常に購入可能
フェイクファー ブランケット,10218005397744,ACTIVE,フェイクファーストライプ-クリームホワイト / 100×150cm,gid://shopify/ProductVariant/50296059003120,e983f9cfb6828b4645a902b69c2f810c,3480,false,9202,DENY,no(DENY),Shop location,manual(Shopify既定),true,true,false(追跡なしのため在庫0でも売れる),A,在庫を追跡していないため常に購入可能
フェイクファー ブランケット,10218005397744,ACTIVE,フェイクファーストライプ-クリームホワイト / 150×200cm,gid://shopify/ProductVariant/50296059068656,d2a5645fbbf6249fd82ecf74b898eaf7,4480,false,7845,DENY,no(DENY),Shop location,manual(Shopify既定),true,true,false(追跡なしのため在庫0でも売れる),A,在庫を追跡していないため常に購入可能
フェイクファー ブランケット,10218005397744,ACTIVE,フェイクファーストライプ-クリームホワイト / 180×200cm,gid://shopify/ProductVariant/50296059101424,5cd7e3bacba406bac4c6729e7a892299,4480,false,9528,DENY,no(DENY),Shop location,manual(Shopify既定),true,true,false(追跡なしのため在庫0でも売れる),A,在庫を追跡していないため常に購入可能
フェイクファー ブランケット,10218005397744,ACTIVE,フェイクファーストライプ-カーキ / 100×150cm,gid://shopify/ProductVariant/50296059232496,cad6c2b689bc2f50cd5d932eac52bfba,3480,false,9892,DENY,no(DENY),Shop location,manual(Shopify既定),true,true,false(追跡なしのため在庫0でも売れる),A,在庫を追跡していないため常に購入可能
フェイクファー ブランケット,10218005397744,ACTIVE,フェイクファーストライプ-カーキ / 150×200cm,gid://shopify/ProductVariant/50296059298032,eb92aa5bd7f4b97e87894944040ab635,4480,false,9763,DENY,no(DENY),Shop location,manual(Shopify既定),true,true,false(追跡なしのため在庫0でも売れる),A,在庫を追跡していないため常に購入可能
フェイクファー ブランケット,10218005397744,ACTIVE,フェイクファーストライプ-カーキ / 180×200cm,gid://shopify/ProductVariant/50296059330800,1e2a74b8fa053fd06b254c1a13e21917,4480,false,9741,DENY,no(DENY),Shop location,manual(Shopify既定),true,true,false(追跡なしのため在庫0でも売れる),A,在庫を追跡していないため常に購入可能
フェイクファー ブランケット,10218005397744,ACTIVE,フェイクファーストライプ-ダークグレー / 100×150cm,gid://shopify/ProductVariant/50296059461872,ef7f0159b57647335b52ff2199324d81,3480,false,9646,DENY,no(DENY),Shop location,manual(Shopify既定),true,true,false(追跡なしのため在庫0でも売れる),A,在庫を追跡していないため常に購入可能
フェイクファー ブランケット,10218005397744,ACTIVE,フェイクファーストライプ-ダークグレー / 150×200cm,gid://shopify/ProductVariant/50296059527408,b3503bd0f476df342afa45ed560f1e7a,4480,false,9811,DENY,no(DENY),Shop location,manual(Shopify既定),true,true,false(追跡なしのため在庫0でも売れる),A,在庫を追跡していないため常に購入可能
フェイクファー ブランケット,10218005397744,ACTIVE,フェイクファーストライプ-ダークグレー / 180×200cm,gid://shopify/ProductVariant/50296059560176,b8731d7437c74b9840c016fd69d394fa,4480,false,9908,DENY,no(DENY),Shop location,manual(Shopify既定),true,true,false(追跡なしのため在庫0でも売れる),A,在庫を追跡していないため常に購入可能
フェイクファー ブランケット,10218005397744,ACTIVE,フェイクファーストライプ-ライトグレー / 100×150cm,gid://shopify/ProductVariant/50296059691248,5621be7de738bdc3b454e2d3c513905e,3480,false,9656,DENY,no(DENY),Shop location,manual(Shopify既定),true,true,false(追跡なしのため在庫0でも売れる),A,在庫を追跡していないため常に購入可能
フェイクファー ブランケット,10218005397744,ACTIVE,フェイクファーストライプ-ライトグレー / 150×200cm,gid://shopify/ProductVariant/50296059756784,c3accbf3305de93ffc77f197970824c3,4480,false,9787,DENY,no(DENY),Shop location,manual(Shopify既定),true,true,false(追跡なしのため在庫0でも売れる),A,在庫を追跡していないため常に購入可能
フェイクファー ブランケット,10218005397744,ACTIVE,フェイクファーストライプ-ライトグレー / 180×200cm,gid://shopify/ProductVariant/50296059789552,935a0d5816288ee5398f22931588273f,4480,false,9857,DENY,no(DENY),Shop location,manual(Shopify既定),true,true,false(追跡なしのため在庫0でも売れる),A,在庫を追跡していないため常に購入可能
フェイクファー ブランケット,10218005397744,ACTIVE,フェイクファーストライプ-ピンク / 100×150cm,gid://shopify/ProductVariant/50296059920624,961447f0ebdc4ed8073bdbf1b1194649,3480,false,9656,DENY,no(DENY),Shop location,manual(Shopify既定),true,true,false(追跡なしのため在庫0でも売れる),A,在庫を追跡していないため常に購入可能
フェイクファー ブランケット,10218005397744,ACTIVE,フェイクファーストライプ-ピンク / 150×200cm,gid://shopify/ProductVariant/50296059986160,d38100db6b4de6e84cec2a2aa1e0b383,4480,false,9890,DENY,no(DENY),Shop location,manual(Shopify既定),true,true,false(追跡なしのため在庫0でも売れる),A,在庫を追跡していないため常に購入可能
フェイクファー ブランケット,10218005397744,ACTIVE,フェイクファーストライプ-ピンク / 180×200cm,gid://shopify/ProductVariant/50296060018928,9562e500e71761d4cfdd48903e856bd3,4480,false,9916,DENY,no(DENY),Shop location,manual(Shopify既定),true,true,false(追跡なしのため在庫0でも売れる),A,在庫を追跡していないため常に購入可能
フェイクファー ブランケット,10218005397744,ACTIVE,フェイクファーストライプ-フルーツグリーン / 100×150cm,gid://shopify/ProductVariant/50296060150000,0c2858c8271bcdc306931d3358271c66,3480,false,9878,DENY,no(DENY),Shop location,manual(Shopify既定),true,true,false(追跡なしのため在庫0でも売れる),A,在庫を追跡していないため常に購入可能
フェイクファー ブランケット,10218005397744,ACTIVE,フェイクファーストライプ-フルーツグリーン / 150×200cm,gid://shopify/ProductVariant/50296060215536,cfc43aa289e345b705e21f193a290122,4480,false,9929,DENY,no(DENY),Shop location,manual(Shopify既定),true,true,false(追跡なしのため在庫0でも売れる),A,在庫を追跡していないため常に購入可能
フェイクファー ブランケット,10218005397744,ACTIVE,フェイクファーストライプ-フルーツグリーン / 180×200cm,gid://shopify/ProductVariant/50296060248304,0d0bcb81ce73f807b8804b5076cdad00,4480,false,9985,DENY,no(DENY),Shop location,manual(Shopify既定),true,true,false(追跡なしのため在庫0でも売れる),A,在庫を追跡していないため常に購入可能
フェイクファー ブランケット,10218005397744,ACTIVE,フェイクファーストライプ-キャラメル / 100×150cm,gid://shopify/ProductVariant/50296060379376,d89bdd2b32c57d34de88ae20ffcbdbbe,3480,false,9978,DENY,no(DENY),Shop location,manual(Shopify既定),true,true,false(追跡なしのため在庫0でも売れる),A,在庫を追跡していないため常に購入可能
フェイクファー ブランケット,10218005397744,ACTIVE,フェイクファーストライプ-キャラメル / 150×200cm,gid://shopify/ProductVariant/50296060444912,f2bf4facb88d57e026c8ef3ed0839a98,4480,false,9955,DENY,no(DENY),Shop location,manual(Shopify既定),true,true,false(追跡なしのため在庫0でも売れる),A,在庫を追跡していないため常に購入可能
フェイクファー ブランケット,10218005397744,ACTIVE,フェイクファーストライプ-キャラメル / 180×200cm,gid://shopify/ProductVariant/50296060477680,4801cf62801f3d875f5678e0ece36469,4480,false,9983,DENY,no(DENY),Shop location,manual(Shopify既定),true,true,false(追跡なしのため在庫0でも売れる),A,在庫を追跡していないため常に購入可能
フェイクファー ブランケット,10218005397744,ACTIVE,フェイクファーストライプ-ブルー / 100×150cm,gid://shopify/ProductVariant/50296060608752,ff81abc9501768f632305d4ee8f39742,3480,false,9837,DENY,no(DENY),Shop location,manual(Shopify既定),true,true,false(追跡なしのため在庫0でも売れる),A,在庫を追跡していないため常に購入可能
フェイクファー ブランケット,10218005397744,ACTIVE,フェイクファーストライプ-ブルー / 150×200cm,gid://shopify/ProductVariant/50296060739824,a82c10cb9965aa01be6188d2ace920e0,4480,false,9901,DENY,no(DENY),Shop location,manual(Shopify既定),true,true,false(追跡なしのため在庫0でも売れる),A,在庫を追跡していないため常に購入可能
フェイクファー ブランケット,10218005397744,ACTIVE,フェイクファーストライプ-ブルー / 180×200cm,gid://shopify/ProductVariant/50296060772592,e1935a7a09805cba71df52da24f7116d,4480,false,9968,DENY,no(DENY),Shop location,manual(Shopify既定),true,true,false(追跡なしのため在庫0でも売れる),A,在庫を追跡していないため常に購入可能
フェイクファー ブランケット,10218005397744,ACTIVE,フェイクファーストライプ-ターメリックイエロー / 100×150cm,gid://shopify/ProductVariant/50296060903664,327bd51c72444e3414a91a64a9da2896,3480,false,9344,DENY,no(DENY),Shop location,manual(Shopify既定),true,true,false(追跡なしのため在庫0でも売れる),A,在庫を追跡していないため常に購入可能
フェイクファー ブランケット,10218005397744,ACTIVE,フェイクファーストライプ-ターメリックイエロー / 150×200cm,gid://shopify/ProductVariant/50296060969200,0f5576d828eee16041c802ec84715b87,4480,false,9963,DENY,no(DENY),Shop location,manual(Shopify既定),true,true,false(追跡なしのため在庫0でも売れる),A,在庫を追跡していないため常に購入可能
フェイクファー ブランケット,10218005397744,ACTIVE,フェイクファーストライプ-ターメリックイエロー / 180×200cm,gid://shopify/ProductVariant/50296061001968,9542c4e6f244ad5ae289368a369449a5,4480,false,9970,DENY,no(DENY),Shop location,manual(Shopify既定),true,true,false(追跡なしのため在庫0でも売れる),A,在庫を追跡していないため常に購入可能
フェイクファー ブランケット,10218005397744,ACTIVE,フェイクファーストライプ-ライトパープル / 100×150cm,gid://shopify/ProductVariant/50296061133040,3aa1f9d26861f0c3645ee3a3e51bc028,3480,false,9935,DENY,no(DENY),Shop location,manual(Shopify既定),true,true,false(追跡なしのため在庫0でも売れる),A,在庫を追跡していないため常に購入可能
フェイクファー ブランケット,10218005397744,ACTIVE,フェイクファーストライプ-ライトパープル / 150×200cm,gid://shopify/ProductVariant/50296061198576,1eccae5d97de019e00f4221da28f1c3f,4480,false,9958,DENY,no(DENY),Shop location,manual(Shopify既定),true,true,false(追跡なしのため在庫0でも売れる),A,在庫を追跡していないため常に購入可能
フェイクファー ブランケット,10218005397744,ACTIVE,フェイクファーストライプ-ライトパープル / 180×200cm,gid://shopify/ProductVariant/50296061231344,e80459fded21fd254cedb7f52adbe8ea,4480,false,9984,DENY,no(DENY),Shop location,manual(Shopify既定),true,true,false(追跡なしのため在庫0でも売れる),A,在庫を追跡していないため常に購入可能
フラワー キャットタワー,10218060808432,ACTIVE,花柄（花パーツ取り外し可）,gid://shopify/ProductVariant/50296441307376,fb7d098a2ec2110da668c161e1344f1f,31480,false,18,DENY,no(DENY),Shop location,manual(Shopify既定),true,true,false(追跡なしのため在庫0でも売れる),A,在庫を追跡していないため常に購入可能
フラワー キャットタワー,10218060808432,ACTIVE,ホワイト（花パーツ取り外し可）,gid://shopify/ProductVariant/50296441340144,fe5d75c6f93254e45c1becb57402bc81,31480,false,1,DENY,no(DENY),Shop location,manual(Shopify既定),true,true,false(追跡なしのため在庫0でも売れる),A,在庫を追跡していないため常に購入可能
フラワー フロアクッション,10218057531632,ACTIVE,ピンク / 直径50cm,gid://shopify/ProductVariant/50296389009648,2bd54ec1a89a8bdc734f1b05693653c4,8480,false,200,DENY,no(DENY),Shop location,manual(Shopify既定),true,true,false(追跡なしのため在庫0でも売れる),A,在庫を追跡していないため常に購入可能
フラワー フロアクッション,10218057531632,ACTIVE,ピンク / 直径40cm,gid://shopify/ProductVariant/50296389042416,63de84b56a8a6923bcb25dbaf4c318e3,7480,false,0,DENY,no(DENY),Shop location,manual(Shopify既定),true,true,false(追跡なしのため在庫0でも売れる),A,在庫を追跡していないため常に購入可能
フラワー フロアクッション,10218057531632,ACTIVE,イエロー / 直径50cm,gid://shopify/ProductVariant/50296389075184,b37b05b63a8197c0526904d5fce41ee0,8480,false,200,DENY,no(DENY),Shop location,manual(Shopify既定),true,true,false(追跡なしのため在庫0でも売れる),A,在庫を追跡していないため常に購入可能
フラワー フロアクッション,10218057531632,ACTIVE,イエロー / 直径40cm,gid://shopify/ProductVariant/50296389107952,5c7f336a7adf8976ae5c478b5608b81a,7480,false,200,DENY,no(DENY),Shop location,manual(Shopify既定),true,true,false(追跡なしのため在庫0でも売れる),A,在庫を追跡していないため常に購入可能
フラワー フロアクッション,10218057531632,ACTIVE,グレー / 直径50cm,gid://shopify/ProductVariant/50296389140720,ad2d5830a7985734a04c8a7d6fccaefe,8480,false,200,DENY,no(DENY),Shop location,manual(Shopify既定),true,true,false(追跡なしのため在庫0でも売れる),A,在庫を追跡していないため常に購入可能
フラワー フロアクッション,10218057531632,ACTIVE,グレー / 直径40cm,gid://shopify/ProductVariant/50296389173488,20035f21512475bd686fb24c7e99119b,7480,false,0,DENY,no(DENY),Shop location,manual(Shopify既定),true,true,false(追跡なしのため在庫0でも売れる),A,在庫を追跡していないため常に購入可能
フラワー フロアクッション,10218057531632,ACTIVE,グリーン / 直径50cm,gid://shopify/ProductVariant/50296389206256,19c4dca0b8d42491f406f3d1dcc2fe0a,8480,false,200,DENY,no(DENY),Shop location,manual(Shopify既定),true,true,false(追跡なしのため在庫0でも売れる),A,在庫を追跡していないため常に購入可能
フラワー フロアクッション,10218057531632,ACTIVE,グリーン / 直径40cm,gid://shopify/ProductVariant/50296389239024,730b1b4096305a288f8a15defb663f8c,7480,false,200,DENY,no(DENY),Shop location,manual(Shopify既定),true,true,false(追跡なしのため在庫0でも売れる),A,在庫を追跡していないため常に購入可能
フラワーバッド テーブルランプ,10218006446320,ACTIVE,充電式・タッチ式・3色調光 / レッド,gid://shopify/ProductVariant/50296063590640,d967da910e3b6ea7b627b1d9c288966c,6980,false,18401,DENY,no(DENY),Shop location,manual(Shopify既定),true,true,false(追跡なしのため在庫0でも売れる),A,在庫を追跡していないため常に購入可能
フラワーバッド テーブルランプ,10218006446320,ACTIVE,充電式・タッチ式・3色調光 / ホワイト,gid://shopify/ProductVariant/50296063623408,c1ded289d3375253bdea2c25abf7cea3,6980,false,16436,DENY,no(DENY),Shop location,manual(Shopify既定),true,true,false(追跡なしのため在庫0でも売れる),A,在庫を追跡していないため常に購入可能
フラワーバッド テーブルランプ,10218006446320,ACTIVE,充電式・タッチ式・3色調光 / ピンク,gid://shopify/ProductVariant/50296063656176,5c8ed019d1eb4dfa2f86c57e0ff40cfc,6980,false,15656,DENY,no(DENY),Shop location,manual(Shopify既定),true,true,false(追跡なしのため在庫0でも売れる),A,在庫を追跡していないため常に購入可能
フラワーバッド テーブルランプ,10218006446320,ACTIVE,充電式・タッチ式・3色調光 / イエロー,gid://shopify/ProductVariant/50296063688944,5355a954c7015707872313a25e6206e3,6980,false,21872,DENY,no(DENY),Shop location,manual(Shopify既定),true,true,false(追跡なしのため在庫0でも売れる),A,在庫を追跡していないため常に購入可能
フランネル ブランケット,10218005364976,ACTIVE,スペースグレイ / 100×150cm（約390g）,gid://shopify/ProductVariant/50296057200880,c4acced1debba629b67fea653ed982ab,3480,false,912,DENY,no(DENY),Shop location,manual(Shopify既定),true,true,false(追跡なしのため在庫0でも売れる),A,在庫を追跡していないため常に購入可能
フランネル ブランケット,10218005364976,ACTIVE,スペースグレイ / 150×200cm（約820g）,gid://shopify/ProductVariant/50296057233648,452655176431a63bad1928eadefe92dd,4480,false,975,DENY,no(DENY),Shop location,manual(Shopify既定),true,true,false(追跡なしのため在庫0でも売れる),A,在庫を追跡していないため常に購入可能
フランネル ブランケット,10218005364976,ACTIVE,スペースグレイ / 180×200cm（約950g）,gid://shopify/ProductVariant/50296057266416,4c641b92d632cc1367fe770d3c9b98a9,4480,false,965,DENY,no(DENY),Shop location,manual(Shopify既定),true,true,false(追跡なしのため在庫0でも売れる),A,在庫を追跡していないため常に購入可能
フランネル ブランケット,10218005364976,ACTIVE,ピンキー / 100×150cm（約390g）,gid://shopify/ProductVariant/50296057364720,1196318b1d4cdae7e370dc0d5e2f93df,3480,false,776,DENY,no(DENY),Shop location,manual(Shopify既定),true,true,false(追跡なしのため在庫0でも売れる),A,在庫を追跡していないため常に購入可能
フランネル ブランケット,10218005364976,ACTIVE,ピンキー / 150×200cm（約820g）,gid://shopify/ProductVariant/50296057397488,c646487cc16b82f676032ade9d67ff55,4480,false,992,DENY,no(DENY),Shop location,manual(Shopify既定),true,true,false(追跡なしのため在庫0でも売れる),A,在庫を追跡していないため常に購入可能
フランネル ブランケット,10218005364976,ACTIVE,ピンキー / 180×200cm（約950g）,gid://shopify/ProductVariant/50296057430256,f1feee9899f613978975ee1adfaefe36,4480,false,996,DENY,no(DENY),Shop location,manual(Shopify既定),true,true,false(追跡なしのため在庫0でも売れる),A,在庫を追跡していないため常に購入可能
フランネル ブランケット,10218005364976,ACTIVE,フルーツグリーン / 100×150cm（約390g）,gid://shopify/ProductVariant/50296057528560,2e8684b072b42006fb02724ee58d3213,3480,false,955,DENY,no(DENY),Shop location,manual(Shopify既定),true,true,false(追跡なしのため在庫0でも売れる),A,在庫を追跡していないため常に購入可能
フランネル ブランケット,10218005364976,ACTIVE,フルーツグリーン / 150×200cm（約820g）,gid://shopify/ProductVariant/50296057561328,3251606a990845aef651d2ad9fadf748,4480,false,934,DENY,no(DENY),Shop location,manual(Shopify既定),true,true,false(追跡なしのため在庫0でも売れる),A,在庫を追跡していないため常に購入可能
フランネル ブランケット,10218005364976,ACTIVE,フルーツグリーン / 180×200cm（約950g）,gid://shopify/ProductVariant/50296057594096,66d8ea11eba5ee0ce2b7b7b7b0e31660,4480,false,996,DENY,no(DENY),Shop location,manual(Shopify既定),true,true,false(追跡なしのため在庫0でも売れる),A,在庫を追跡していないため常に購入可能
フランネル ブランケット,10218005364976,ACTIVE,カーキ / 100×150cm（約390g）,gid://shopify/ProductVariant/50296057692400,f9ec1cd11bafd890b7f55f59a789ff06,3480,false,787,DENY,no(DENY),Shop location,manual(Shopify既定),true,true,false(追跡なしのため在庫0でも売れる),A,在庫を追跡していないため常に購入可能
フランネル ブランケット,10218005364976,ACTIVE,カーキ / 150×200cm（約820g）,gid://shopify/ProductVariant/50296057725168,c913286878c0dfb3693ccb409a458ddf,4480,false,972,DENY,no(DENY),Shop location,manual(Shopify既定),true,true,false(追跡なしのため在庫0でも売れる),A,在庫を追跡していないため常に購入可能
フランネル ブランケット,10218005364976,ACTIVE,カーキ / 180×200cm（約950g）,gid://shopify/ProductVariant/50296057757936,dfb471855e0606419c6bef5bc00359fb,4480,false,982,DENY,no(DENY),Shop location,manual(Shopify既定),true,true,false(追跡なしのため在庫0でも売れる),A,在庫を追跡していないため常に購入可能
フランネル ブランケット,10218005364976,ACTIVE,ブルーグレー / 100×150cm（約390g）,gid://shopify/ProductVariant/50296057856240,1197ee2cdeea09dccfbb51439b8b4f15,3480,false,953,DENY,no(DENY),Shop location,manual(Shopify既定),true,true,false(追跡なしのため在庫0でも売れる),A,在庫を追跡していないため常に購入可能
フランネル ブランケット,10218005364976,ACTIVE,ブルーグレー / 150×200cm（約820g）,gid://shopify/ProductVariant/50296057889008,1d3ecc01bf4ae9cd69951920a662f826,4480,false,992,DENY,no(DENY),Shop location,manual(Shopify既定),true,true,false(追跡なしのため在庫0でも売れる),A,在庫を追跡していないため常に購入可能
フランネル ブランケット,10218005364976,ACTIVE,ブルーグレー / 180×200cm（約950g）,gid://shopify/ProductVariant/50296057921776,4a3bc10f14e4c1ce6cd037cf909d4291,4480,false,993,DENY,no(DENY),Shop location,manual(Shopify既定),true,true,false(追跡なしのため在庫0でも売れる),A,在庫を追跡していないため常に購入可能
フランネル ブランケット,10218005364976,ACTIVE,オフホワイト / 100×150cm（約390g）,gid://shopify/ProductVariant/50296058020080,55440b7f0d45a7a0fc14e08952a8d76d,3480,false,800,DENY,no(DENY),Shop location,manual(Shopify既定),true,true,false(追跡なしのため在庫0でも売れる),A,在庫を追跡していないため常に購入可能
フランネル ブランケット,10218005364976,ACTIVE,オフホワイト / 150×200cm（約820g）,gid://shopify/ProductVariant/50296058052848,e47a06781d253236d1113288a722b998,4480,false,905,DENY,no(DENY),Shop location,manual(Shopify既定),true,true,false(追跡なしのため在庫0でも売れる),A,在庫を追跡していないため常に購入可能
フランネル ブランケット,10218005364976,ACTIVE,オフホワイト / 180×200cm（約950g）,gid://shopify/ProductVariant/50296058085616,b6363a92b7a64b03eed32322b6515cb2,4480,false,871,DENY,no(DENY),Shop location,manual(Shopify既定),true,true,false(追跡なしのため在庫0でも売れる),A,在庫を追跡していないため常に購入可能
フランネル ブランケット,10218005364976,ACTIVE,カラメル / 100×150cm（約390g）,gid://shopify/ProductVariant/50296058183920,e90ba25225f6287e4549dd2772c7dfbe,3480,false,986,DENY,no(DENY),Shop location,manual(Shopify既定),true,true,false(追跡なしのため在庫0でも売れる),A,在庫を追跡していないため常に購入可能
フランネル ブランケット,10218005364976,ACTIVE,カラメル / 150×200cm（約820g）,gid://shopify/ProductVariant/50296058216688,db3b3aeed211745fd805473087efb4c0,4480,false,992,DENY,no(DENY),Shop location,manual(Shopify既定),true,true,false(追跡なしのため在庫0でも売れる),A,在庫を追跡していないため常に購入可能
フランネル ブランケット,10218005364976,ACTIVE,カラメル / 180×200cm（約950g）,gid://shopify/ProductVariant/50296058249456,5007adb61e1ed4a493a48f67b171aa22,4480,false,992,DENY,no(DENY),Shop location,manual(Shopify既定),true,true,false(追跡なしのため在庫0でも売れる),A,在庫を追跡していないため常に購入可能
フランネル ブランケット,10218005364976,ACTIVE,フォググレー / 100×150cm（約390g）,gid://shopify/ProductVariant/50296058347760,c4584d40eeed582143775e8ec675c943,3480,false,882,DENY,no(DENY),Shop location,manual(Shopify既定),true,true,false(追跡なしのため在庫0でも売れる),A,在庫を追跡していないため常に購入可能
フランネル ブランケット,10218005364976,ACTIVE,フォググレー / 150×200cm（約820g）,gid://shopify/ProductVariant/50296058380528,142eb05285cad0a4ab99342734d5801d,4480,false,977,DENY,no(DENY),Shop location,manual(Shopify既定),true,true,false(追跡なしのため在庫0でも売れる),A,在庫を追跡していないため常に購入可能
フランネル ブランケット,10218005364976,ACTIVE,フォググレー / 180×200cm（約950g）,gid://shopify/ProductVariant/50296058413296,bdfedfa8a7216b2b44d2c1f39498225e,4480,false,981,DENY,no(DENY),Shop location,manual(Shopify既定),true,true,false(追跡なしのため在庫0でも売れる),A,在庫を追跡していないため常に購入可能
フランネル ブランケット,10218005364976,ACTIVE,ライトグレー / 100×150cm（約390g）,gid://shopify/ProductVariant/50296058511600,0aeadce8618637984c4ccdd619804b74,3480,false,772,DENY,no(DENY),Shop location,manual(Shopify既定),true,true,false(追跡なしのため在庫0でも売れる),A,在庫を追跡していないため常に購入可能
フランネル ブランケット,10218005364976,ACTIVE,ライトグレー / 150×200cm（約820g）,gid://shopify/ProductVariant/50296058544368,0d4d0b49ecfad1aa9d9eecfa80d87361,4480,false,995,DENY,no(DENY),Shop location,manual(Shopify既定),true,true,false(追跡なしのため在庫0でも売れる),A,在庫を追跡していないため常に購入可能
フランネル ブランケット,10218005364976,ACTIVE,ライトグレー / 180×200cm（約950g）,gid://shopify/ProductVariant/50296058577136,128863319c7884484770419caa56efa9,4480,false,990,DENY,no(DENY),Shop location,manual(Shopify既定),true,true,false(追跡なしのため在庫0でも売れる),A,在庫を追跡していないため常に購入可能
フランネル ブランケット,10218005364976,ACTIVE,イエロー / 100×150cm（約390g）,gid://shopify/ProductVariant/50296058675440,d6bdcee64f5750d6950fab1173e82c0f,3480,false,930,DENY,no(DENY),Shop location,manual(Shopify既定),true,true,false(追跡なしのため在庫0でも売れる),A,在庫を追跡していないため常に購入可能
フランネル ブランケット,10218005364976,ACTIVE,イエロー / 150×200cm（約820g）,gid://shopify/ProductVariant/50296058708208,0bfde4a02208f5e75f575e54cbb29e74,4480,false,978,DENY,no(DENY),Shop location,manual(Shopify既定),true,true,false(追跡なしのため在庫0でも売れる),A,在庫を追跡していないため常に購入可能
フランネル ブランケット,10218005364976,ACTIVE,イエロー / 180×200cm（約950g）,gid://shopify/ProductVariant/50296058740976,83632dbf2bc5c22665ddaad80fcf3e78,4480,false,996,DENY,no(DENY),Shop location,manual(Shopify既定),true,true,false(追跡なしのため在庫0でも売れる),A,在庫を追跡していないため常に購入可能
フランネル ブランケット,10218005364976,ACTIVE,バイオレット / 100×150cm（約390g）,gid://shopify/ProductVariant/50296058839280,1e44264a5c02b85dff99e19db7947ec5,3480,false,784,DENY,no(DENY),Shop location,manual(Shopify既定),true,true,false(追跡なしのため在庫0でも売れる),A,在庫を追跡していないため常に購入可能
フランネル ブランケット,10218005364976,ACTIVE,バイオレット / 150×200cm（約820g）,gid://shopify/ProductVariant/50296058872048,019ce43de93970505071df6e000bf6cb,4480,false,993,DENY,no(DENY),Shop location,manual(Shopify既定),true,true,false(追跡なしのため在庫0でも売れる),A,在庫を追跡していないため常に購入可能
フランネル ブランケット,10218005364976,ACTIVE,バイオレット / 180×200cm（約950g）,gid://shopify/ProductVariant/50296058904816,e9435186290cd889a961fef393727ba3,4480,false,996,DENY,no(DENY),Shop location,manual(Shopify既定),true,true,false(追跡なしのため在庫0でも売れる),A,在庫を追跡していないため常に購入可能
プラッシュ クッション,10218006544624,DRAFT,両面-Wパターンベージュ / 45* 45センチメートル（コアなし）,gid://shopify/ProductVariant/50296064409840,da7295269ce19e20aa497af582e1a0bb,3480,false,545695,DENY,no(DENY),Shop location,manual(Shopify既定),false,false,false(追跡なしのため在庫0でも売れる),D,DRAFT のためオンラインストア未公開。公開すれば購入可能になる
プラッシュ クッション,10218006544624,DRAFT,両面-W柄レザーパウダー / 45* 45センチメートル（コアなし）,gid://shopify/ProductVariant/50296064442608,a52fdeba31cb7e146072603005a52b5f,3480,false,25454,DENY,no(DENY),Shop location,manual(Shopify既定),false,false,false(追跡なしのため在庫0でも売れる),D,DRAFT のためオンラインストア未公開。公開すれば購入可能になる
プラッシュ クッション,10218006544624,DRAFT,両面-Wパターン、グレー / 45* 45センチメートル（コアなし）,gid://shopify/ProductVariant/50296064475376,4e792efd816ff3ab09bc87f3e70446e8,3480,false,713137,DENY,no(DENY),Shop location,manual(Shopify既定),false,false,false(追跡なしのため在庫0でも売れる),D,DRAFT のためオンラインストア未公開。公開すれば購入可能になる
プラッシュ クッション,10218006544624,DRAFT,両面-W柄、ライトブラウン / 45* 45センチメートル（コアなし）,gid://shopify/ProductVariant/50296064508144,8b6b1edfd7b7a99c731285c4f2e14ec6,3480,false,760168,DENY,no(DENY),Shop location,manual(Shopify既定),false,false,false(追跡なしのため在庫0でも売れる),D,DRAFT のためオンラインストア未公開。公開すれば購入可能になる
プラッシュ クッション,10218006544624,DRAFT,両面-A字型フラワーベージュ / 45* 45センチメートル（コアなし）,gid://shopify/ProductVariant/50296064540912,a85c759b184efcad7b292631d65261c8,3480,false,893,DENY,no(DENY),Shop location,manual(Shopify既定),false,false,false(追跡なしのため在庫0でも売れる),D,DRAFT のためオンラインストア未公開。公開すれば購入可能になる
プラッシュ クッション,10218006544624,DRAFT,両面-A字型フラワースキンパウダー / 45* 45センチメートル（コアなし）,gid://shopify/ProductVariant/50296064573680,66c8fe9c01869bc1f56eca6cfd39e7c6,3480,false,765323,DENY,no(DENY),Shop location,manual(Shopify既定),false,false,false(追跡なしのため在庫0でも売れる),D,DRAFT のためオンラインストア未公開。公開すれば購入可能になる
プラッシュ クッション,10218006544624,DRAFT,両面-A字型フラワーグレー / 45* 45センチメートル（コアなし）,gid://shopify/ProductVariant/50296064606448,a99d9ae1654d2d71d6cddb4e2cff040d,3480,false,773835,DENY,no(DENY),Shop location,manual(Shopify既定),false,false,false(追跡なしのため在庫0でも売れる),D,DRAFT のためオンラインストア未公開。公開すれば購入可能になる
プラッシュ クッション,10218006544624,DRAFT,両面-A字型フラワーライトブラウン / 45* 45センチメートル（コアなし）,gid://shopify/ProductVariant/50296064639216,17086de7d4f1140ae2512316522deb20,3480,false,7938,DENY,no(DENY),Shop location,manual(Shopify既定),false,false,false(追跡なしのため在庫0でも売れる),D,DRAFT のためオンラインストア未公開。公開すれば購入可能になる
ベルベット クッション,10218009133296,ACTIVE,ブラウン ブリック×スワロー / 45×45cm（中材付き）,gid://shopify/ProductVariant/50296092885232,6fd500457bd1f317ddc02d7b923b42b3,5980,false,200,DENY,no(DENY),Shop location,manual(Shopify既定),true,true,false(追跡なしのため在庫0でも売れる),A,在庫を追跡していないため常に購入可能
ベルベット クッション,10218009133296,ACTIVE,ブラウン ペンシルライン / 45×45cm（中材付き）,gid://shopify/ProductVariant/50296093212912,6aa6f7ab0481865d7d6e0bf7fc187b01,7980,false,200,DENY,no(DENY),Shop location,manual(Shopify既定),true,true,false(追跡なしのため在庫0でも売れる),A,在庫を追跡していないため常に購入可能
ベルベット クッション,10218009133296,ACTIVE,ブラウン フォレストカット / 45×45cm（中材付き）,gid://shopify/ProductVariant/50296093278448,7056521c8f86ed6957cd85a002691079,5980,false,200,DENY,no(DENY),Shop location,manual(Shopify既定),true,true,false(追跡なしのため在庫0でも売れる),A,在庫を追跡していないため常に購入可能
ベルベット クッション,10218009133296,ACTIVE,カーキ ブラッシュ / 45×45cm（中材付き）,gid://shopify/ProductVariant/50296093475056,bf72544adaf473a942916db1d2141e13,5980,false,200,DENY,no(DENY),Shop location,manual(Shopify既定),true,true,false(追跡なしのため在庫0でも売れる),A,在庫を追跡していないため常に購入可能
ベルベット クッション,10218009133296,ACTIVE,ブラウン コーデュロイチェック / 45×45cm（中材付き）,gid://shopify/ProductVariant/50296093606128,fc5e2d506080f3c64a6f81271d29d5f4,7980,false,200,DENY,no(DENY),Shop location,manual(Shopify既定),true,true,false(追跡なしのため在庫0でも売れる),A,在庫を追跡していないため常に購入可能
ベルベット クッション,10218009133296,ACTIVE,カーキ ベルベット / 45×45cm（中材付き）,gid://shopify/ProductVariant/50296094032112,87d03e70e06ae732ef0f1abd8affa152,5480,false,200,DENY,no(DENY),Shop location,manual(Shopify既定),true,true,false(追跡なしのため在庫0でも売れる),A,在庫を追跡していないため常に購入可能
ベルベット クッション,10218009133296,ACTIVE,ブラウン レースジオメトリック / 45×45cm（中材付き）,gid://shopify/ProductVariant/50296094228720,554cce8f88b4583bc3c5e7feeb2dbbca,6980,false,200,DENY,no(DENY),Shop location,manual(Shopify既定),true,true,false(追跡なしのため在庫0でも売れる),A,在庫を追跡していないため常に購入可能
ベルベット クッション,10218009133296,ACTIVE,カーキ バーチカルプリーツ / 45×45cm（中材付き）,gid://shopify/ProductVariant/50296094753008,41edc84f3cc23581fdfc96c5811b355f,5980,false,200,DENY,no(DENY),Shop location,manual(Shopify既定),true,true,false(追跡なしのため在庫0でも売れる),A,在庫を追跡していないため常に購入可能
ボア ラウンジチェア,10218058350832,ACTIVE,ベージュ,gid://shopify/ProductVariant/50296394219760,0a0fc2d46443c2e16a54e3ff49f0d2bd,16480,false,611,DENY,no(DENY),Shop location,manual(Shopify既定),true,true,false(追跡なしのため在庫0でも売れる),A,在庫を追跡していないため常に購入可能
ボア ラウンジチェア,10218058350832,ACTIVE,グレー,gid://shopify/ProductVariant/50296394252528,56d9696e4dc74f4a7062e0af60f5b710,16480,false,394,DENY,no(DENY),Shop location,manual(Shopify既定),true,true,false(追跡なしのため在庫0でも売れる),A,在庫を追跡していないため常に購入可能
ボア ラウンジチェア,10218058350832,ACTIVE,フルーツグリーン,gid://shopify/ProductVariant/50296394285296,aa2ddd95d709c8ccb1d4c4cb849f4002,16480,false,479,DENY,no(DENY),Shop location,manual(Shopify既定),true,true,false(追跡なしのため在庫0でも売れる),A,在庫を追跡していないため常に購入可能
ボア ラウンジチェア,10218058350832,ACTIVE,イエロー,gid://shopify/ProductVariant/50296394318064,a6355ed0ed32e0a1c93d4c19610b9831,16480,false,409,DENY,no(DENY),Shop location,manual(Shopify既定),true,true,false(追跡なしのため在庫0でも売れる),A,在庫を追跡していないため常に購入可能
ボア ラウンジチェア,10218058350832,ACTIVE,カーキ,gid://shopify/ProductVariant/50296394350832,f2bc85459e87fd2567f20b614e5fd142,16480,false,436,DENY,no(DENY),Shop location,manual(Shopify既定),true,true,false(追跡なしのため在庫0でも売れる),A,在庫を追跡していないため常に購入可能
ボア ラウンジチェア,10218058350832,ACTIVE,グリーン,gid://shopify/ProductVariant/50296394383600,3ba42d820cbf5cc93a739139e10d7705,16480,false,412,DENY,no(DENY),Shop location,manual(Shopify既定),true,true,false(追跡なしのため在庫0でも売れる),A,在庫を追跡していないため常に購入可能
ボア ラウンジチェア,10218058350832,ACTIVE,ピンク,gid://shopify/ProductVariant/50296394416368,6cfc096b7b342f9737a86e61d5cddf2e,16480,false,447,DENY,no(DENY),Shop location,manual(Shopify既定),true,true,false(追跡なしのため在庫0でも売れる),A,在庫を追跡していないため常に購入可能
ボア ラウンジチェア,10218058350832,ACTIVE,パープル,gid://shopify/ProductVariant/50296394449136,379608d81e12eadc08063b43e5cc07cf,16480,false,451,DENY,no(DENY),Shop location,manual(Shopify既定),true,true,false(追跡なしのため在庫0でも売れる),A,在庫を追跡していないため常に購入可能
ボア ラウンジチェア,10218058350832,ACTIVE,ライトブルー,gid://shopify/ProductVariant/50296394481904,03b4705ba099fa466c30e537123d903f,16480,false,466,DENY,no(DENY),Shop location,manual(Shopify既定),true,true,false(追跡なしのため在庫0でも売れる),A,在庫を追跡していないため常に購入可能
ボア ラウンジチェア,10218058350832,ACTIVE,ブラウン,gid://shopify/ProductVariant/50296394514672,9b04a9e2ea4eaf2cb15ed2528450e69d,16480,false,444,DENY,no(DENY),Shop location,manual(Shopify既定),true,true,false(追跡なしのため在庫0でも売れる),A,在庫を追跡していないため常に購入可能
マッシュルーム コードレステーブルランプ,10218008248560,ACTIVE,タッチ式・3色調光 / ゴールド,gid://shopify/ProductVariant/50296081252592,50ff41261ae8e82cd2d346387eb4b6d6,10480,false,24,DENY,no(DENY),Shop location,manual(Shopify既定),true,true,false(追跡なしのため在庫0でも売れる),A,在庫を追跡していないため常に購入可能
マッシュルーム コードレステーブルランプ,10218008248560,ACTIVE,タッチ式・3色調光 / シルバー,gid://shopify/ProductVariant/50296081285360,4da199691f98857117fa7b188dcd9858,10480,false,15,DENY,no(DENY),Shop location,manual(Shopify既定),true,true,false(追跡なしのため在庫0でも売れる),A,在庫を追跡していないため常に購入可能
マッシュルーム コードレステーブルランプ,10218008248560,ACTIVE,タッチ式・3色調光 / ローズゴールド,gid://shopify/ProductVariant/50296081318128,74f1a59143a7e816aeb9990c394019a2,10480,false,68,DENY,no(DENY),Shop location,manual(Shopify既定),true,true,false(追跡なしのため在庫0でも売れる),A,在庫を追跡していないため常に購入可能
マッシュルーム コードレステーブルランプ,10218008248560,ACTIVE,タッチ式・3色調光 / バーガンディ,gid://shopify/ProductVariant/50296081350896,2634ae17339667740d151c3ecb342a11,10480,false,18,DENY,no(DENY),Shop location,manual(Shopify既定),true,true,false(追跡なしのため在庫0でも売れる),A,在庫を追跡していないため常に購入可能
マッシュルーム コードレステーブルランプ,10218008248560,ACTIVE,タッチ式・3色調光 / ダークグリーン,gid://shopify/ProductVariant/50296081383664,c35ba17c20ac64feee2c9561b04cbf81,10480,false,0,DENY,no(DENY),Shop location,manual(Shopify既定),true,true,false(追跡なしのため在庫0でも売れる),A,在庫を追跡していないため常に購入可能
マッシュルーム コードレステーブルランプ,10218008248560,ACTIVE,タッチ式・3色調光 / ライムブルー,gid://shopify/ProductVariant/50296081416432,0626459e8d49f0b09793d5e42184c6b6,10480,false,47,DENY,no(DENY),Shop location,manual(Shopify既定),true,true,false(追跡なしのため在庫0でも売れる),A,在庫を追跡していないため常に購入可能
マッシュルーム コードレステーブルランプ,10218008248560,ACTIVE,タッチ式・3色調光 / グレー,gid://shopify/ProductVariant/50296081449200,0321a46c69856508f6a0936ba1bc3f24,10480,false,41,DENY,no(DENY),Shop location,manual(Shopify既定),true,true,false(追跡なしのため在庫0でも売れる),A,在庫を追跡していないため常に購入可能
ミニ アラームクロック,10218008346864,ACTIVE,エメラルド,gid://shopify/ProductVariant/50296082006256,96215d76d010f2bce216f9d25b42a668,4980,false,200,DENY,no(DENY),Shop location,manual(Shopify既定),true,true,false(追跡なしのため在庫0でも売れる),A,在庫を追跡していないため常に購入可能
ミニ アラームクロック,10218008346864,ACTIVE,ライトパープル,gid://shopify/ProductVariant/50296082039024,a90106aa715a3314950bbf33f04689f8,4980,false,200,DENY,no(DENY),Shop location,manual(Shopify既定),true,true,false(追跡なしのため在庫0でも売れる),A,在庫を追跡していないため常に購入可能
ミニ アラームクロック,10218008346864,ACTIVE,オフホワイト,gid://shopify/ProductVariant/50296082071792,8e3c7acb378cf2d2d55ae2e36d73683b,4980,false,200,DENY,no(DENY),Shop location,manual(Shopify既定),true,true,false(追跡なしのため在庫0でも売れる),A,在庫を追跡していないため常に購入可能
ミニ アラームクロック,10218008346864,ACTIVE,ピンク,gid://shopify/ProductVariant/50296082104560,d34f601bfbf06254c15df02d7d7da5b5,4980,false,200,DENY,no(DENY),Shop location,manual(Shopify既定),true,true,false(追跡なしのため在庫0でも売れる),A,在庫を追跡していないため常に購入可能
モコ ラウンジチェア,10218008051952,ACTIVE,コーデュロイ グリーン,gid://shopify/ProductVariant/50296079188208,63173a7685901fbd0c7cb7001128b9ee,42480,false,200,DENY,no(DENY),Shop location,manual(Shopify既定),true,true,false(追跡なしのため在庫0でも売れる),A,在庫を追跡していないため常に購入可能
モコ ラウンジチェア,10218008051952,ACTIVE,コーデュロイ ブラック,gid://shopify/ProductVariant/50296079220976,5b32b11e70a805b50f796508726ebeeb,42480,false,200,DENY,no(DENY),Shop location,manual(Shopify既定),true,true,false(追跡なしのため在庫0でも売れる),A,在庫を追跡していないため常に購入可能
モコ ラウンジチェア,10218008051952,ACTIVE,コーデュロイ ホワイト,gid://shopify/ProductVariant/50296079253744,e4c41b8d8d59f66b1c7917c8084f0dfe,42480,false,200,DENY,no(DENY),Shop location,manual(Shopify既定),true,true,false(追跡なしのため在庫0でも売れる),A,在庫を追跡していないため常に購入可能
モコ ラウンジチェア,10218008051952,ACTIVE,コーデュロイ キャラメル,gid://shopify/ProductVariant/50296079286512,f2123ac36bda669c3fa1ba7c9a3d2d54,42480,false,200,DENY,no(DENY),Shop location,manual(Shopify既定),true,true,false(追跡なしのため在庫0でも売れる),A,在庫を追跡していないため常に購入可能
モコ ラウンジチェア,10218008051952,ACTIVE,コーデュロイ ブルー,gid://shopify/ProductVariant/50296079319280,6d7c1d2d5fc36ef37c3541493f0dad97,42480,false,200,DENY,no(DENY),Shop location,manual(Shopify既定),true,true,false(追跡なしのため在庫0でも売れる),A,在庫を追跡していないため常に購入可能
モコ ラウンジチェア,10218008051952,ACTIVE,コーデュロイ オレンジ,gid://shopify/ProductVariant/50296079515888,c52362be9d60328c2754c8bd5b6f7a8e,42480,false,200,DENY,no(DENY),Shop location,manual(Shopify既定),true,true,false(追跡なしのため在庫0でも売れる),A,在庫を追跡していないため常に購入可能
ルナ ウォールライト,10218057957616,DRAFT,電球色 / アンバー,gid://shopify/ProductVariant/50296391663856,a1fbf7b60e2bd020b62268f0acc8067d,9480,false,155,DENY,no(DENY),Shop location,manual(Shopify既定),false,false,false(追跡なしのため在庫0でも売れる),D,DRAFT のためオンラインストア未公開。公開すれば購入可能になる
ルナ ウォールライト,10218057957616,DRAFT,電球色 / クリアブラック,gid://shopify/ProductVariant/50296391696624,4163a48a2e32e05c8c3cd43f5a104b31,9480,false,338,DENY,no(DENY),Shop location,manual(Shopify既定),false,false,false(追跡なしのため在庫0でも売れる),D,DRAFT のためオンラインストア未公開。公開すれば購入可能になる
ルナ ウォールライト,10218057957616,DRAFT,電球色 / スモーキーグレー,gid://shopify/ProductVariant/50296391729392,92dcd1320191757f01b9d074e1781929,9480,false,64,DENY,no(DENY),Shop location,manual(Shopify既定),false,false,false(追跡なしのため在庫0でも売れる),D,DRAFT のためオンラインストア未公開。公開すれば購入可能になる
ルナ ウォールライト,10218057957616,DRAFT,電球色 / クリアホワイト,gid://shopify/ProductVariant/50296391926000,1f6927e71cd84c1de52982a4e1ef3ef1,9480,false,75,DENY,no(DENY),Shop location,manual(Shopify既定),false,false,false(追跡なしのため在庫0でも売れる),D,DRAFT のためオンラインストア未公開。公開すれば購入可能になる
ルナ ウォールライト,10218057957616,DRAFT,3色切替 / アンバー,gid://shopify/ProductVariant/50296391958768,8d8d2c7182276a6df84fbf6bed183fc5,9980,false,160,DENY,no(DENY),Shop location,manual(Shopify既定),false,false,false(追跡なしのため在庫0でも売れる),D,DRAFT のためオンラインストア未公開。公開すれば購入可能になる
ルナ ウォールライト,10218057957616,DRAFT,3色切替 / クリアブラック,gid://shopify/ProductVariant/50296391991536,7ccd3a27929a58fb8829af6bb33831a4,9980,false,191,DENY,no(DENY),Shop location,manual(Shopify既定),false,false,false(追跡なしのため在庫0でも売れる),D,DRAFT のためオンラインストア未公開。公開すれば購入可能になる
ルナ ウォールライト,10218057957616,DRAFT,3色切替 / スモーキーグレー,gid://shopify/ProductVariant/50296392024304,a0ecebc1599e7cb2d56e4ee18157ba93,9980,false,144,DENY,no(DENY),Shop location,manual(Shopify既定),false,false,false(追跡なしのため在庫0でも売れる),D,DRAFT のためオンラインストア未公開。公開すれば購入可能になる
ルナ ウォールライト,10218057957616,DRAFT,3色切替 / クリアホワイト,gid://shopify/ProductVariant/50296392220912,bab0af12fef04105c5c95d00eab84dc2,9980,false,170,DENY,no(DENY),Shop location,manual(Shopify既定),false,false,false(追跡なしのため在庫0でも売れる),D,DRAFT のためオンラインストア未公開。公開すれば購入可能になる
レジン スカルプチャーオブジェ,10218009166064,ACTIVE,18CM マルセイユ,gid://shopify/ProductVariant/50296094884080,b9bd5c1034a5dcb2891e32a6a6df4368,3980,false,200,DENY,no(DENY),Shop location,manual(Shopify既定),true,true,false(追跡なしのため在庫0でも売れる),A,在庫を追跡していないため常に購入可能
レジン スカルプチャーオブジェ,10218009166064,ACTIVE,15センチデビッド,gid://shopify/ProductVariant/50296094949616,6f718b090047f87d13987ada61115234,3980,false,200,DENY,no(DENY),Shop location,manual(Shopify既定),true,true,false(追跡なしのため在庫0でも売れる),A,在庫を追跡していないため常に購入可能
レジン スカルプチャーオブジェ,10218009166064,ACTIVE,15センチメートルアポロ,gid://shopify/ProductVariant/50296095047920,c13c9a63c3ef9bf9efa4e8b75ab0e914,3980,false,13,DENY,no(DENY),Shop location,manual(Shopify既定),true,true,false(追跡なしのため在庫0でも売れる),A,在庫を追跡していないため常に購入可能
ロロ サイドテーブル,10218057924848,ACTIVE,イエロー,gid://shopify/ProductVariant/50296391532784,cc7f970733f1f71ee4a03c394c855fcb,20980,false,999,DENY,no(DENY),Shop location,manual(Shopify既定),true,true,false(追跡なしのため在庫0でも売れる),A,在庫を追跡していないため常に購入可能
ロロ サイドテーブル,10218057924848,ACTIVE,ブラック,gid://shopify/ProductVariant/50296391565552,95d874d1d07cb6db1f02970b435c6e62,20980,false,998,DENY,no(DENY),Shop location,manual(Shopify既定),true,true,false(追跡なしのため在庫0でも売れる),A,在庫を追跡していないため常に購入可能
ロロ サイドテーブル,10218057924848,ACTIVE,ホワイト,gid://shopify/ProductVariant/50296391598320,ef809f15a456dce687bdf9bca30f4a23,20980,false,998,DENY,no(DENY),Shop location,manual(Shopify既定),true,true,false(追跡なしのため在庫0でも売れる),A,在庫を追跡していないため常に購入可能
ロンド コーヒーテーブル,10218006577392,ACTIVE,ウォールナット × ブラック脚 50cm / 組み立て式,gid://shopify/ProductVariant/50296065523952,da2ba66aab28abeb0e68028421b986a5,27480,false,200,DENY,no(DENY),Shop location,manual(Shopify既定),true,true,false(追跡なしのため在庫0でも売れる),A,在庫を追跡していないため常に購入可能
ロンド コーヒーテーブル,10218006577392,ACTIVE,マットブラック × ブラック脚 50cm / 組み立て式,gid://shopify/ProductVariant/50296065589488,73e99259ea217a46565ce5c25895c775,27480,false,200,DENY,no(DENY),Shop location,manual(Shopify既定),true,true,false(追跡なしのため在庫0でも売れる),A,在庫を追跡していないため常に購入可能
ロンド コーヒーテーブル,10218006577392,ACTIVE,ホワイト × ブラック脚 50cm / 組み立て式,gid://shopify/ProductVariant/50296065655024,3ce337b18dce0b9cf2ac313d2f16567f,27480,false,200,DENY,no(DENY),Shop location,manual(Shopify既定),true,true,false(追跡なしのため在庫0でも売れる),A,在庫を追跡していないため常に購入可能
ロンド コーヒーテーブル,10218006577392,ACTIVE,ウォールナット × ホワイト脚 50cm / 組み立て式,gid://shopify/ProductVariant/50296065720560,dd73b33abda994be14ce76419b399f6a,27480,false,200,DENY,no(DENY),Shop location,manual(Shopify既定),true,true,false(追跡なしのため在庫0でも売れる),A,在庫を追跡していないため常に購入可能
ロンド コーヒーテーブル,10218006577392,ACTIVE,マットブラック × ホワイト脚 50cm / 組み立て式,gid://shopify/ProductVariant/50296065786096,a9762ad4df1c2ef94b333d036f15fb72,27480,false,200,DENY,no(DENY),Shop location,manual(Shopify既定),true,true,false(追跡なしのため在庫0でも売れる),A,在庫を追跡していないため常に購入可能
ロンド コーヒーテーブル,10218006577392,ACTIVE,ホワイト × ホワイト脚 50cm / 組み立て式,gid://shopify/ProductVariant/50296065851632,a7745707d9a29d49de867ad36b9300d3,27480,false,200,DENY,no(DENY),Shop location,manual(Shopify既定),true,true,false(追跡なしのため在庫0でも売れる),A,在庫を追跡していないため常に購入可能
ロンド コーヒーテーブル,10218006577392,ACTIVE,ウォールナット × ブラック脚 60cm / 組み立て式,gid://shopify/ProductVariant/50296065917168,01a6c2162acdfd3fb5bf6b9d4b7a38ec,30480,false,200,DENY,no(DENY),Shop location,manual(Shopify既定),true,true,false(追跡なしのため在庫0でも売れる),A,在庫を追跡していないため常に購入可能
ロンド コーヒーテーブル,10218006577392,ACTIVE,マットブラック × ブラック脚 60cm / 組み立て式,gid://shopify/ProductVariant/50296065949936,2e891102d31893d4ace0f0b308986ca0,30480,false,200,DENY,no(DENY),Shop location,manual(Shopify既定),true,true,false(追跡なしのため在庫0でも売れる),A,在庫を追跡していないため常に購入可能
ロンド コーヒーテーブル,10218006577392,ACTIVE,ウォールナット × ホワイト脚 60cm / 組み立て式,gid://shopify/ProductVariant/50296065982704,16579d5d3d8ae241b5e8f1cf0815b9b4,30480,false,200,DENY,no(DENY),Shop location,manual(Shopify既定),true,true,false(追跡なしのため在庫0でも売れる),A,在庫を追跡していないため常に購入可能
ロンド コーヒーテーブル,10218006577392,ACTIVE,ホワイト × ブラック脚 60cm / 組み立て式,gid://shopify/ProductVariant/50296066015472,370cd7ae54df6b3d0627793153b57e89,30480,false,200,DENY,no(DENY),Shop location,manual(Shopify既定),true,true,false(追跡なしのため在庫0でも売れる),A,在庫を追跡していないため常に購入可能
ロンド コーヒーテーブル,10218006577392,ACTIVE,マットブラック × ホワイト脚 60cm / 組み立て式,gid://shopify/ProductVariant/50296066048240,a5e3876532b73d5ccb8147858be445ce,30480,false,200,DENY,no(DENY),Shop location,manual(Shopify既定),true,true,false(追跡なしのため在庫0でも売れる),A,在庫を追跡していないため常に購入可能
ロンド コーヒーテーブル,10218006577392,ACTIVE,ホワイト × ホワイト脚 60cm / 組み立て式,gid://shopify/ProductVariant/50296066081008,3e7606c8d1f6da37581ab19849a34061,30480,false,200,DENY,no(DENY),Shop location,manual(Shopify既定),true,true,false(追跡なしのため在庫0でも売れる),A,在庫を追跡していないため常に購入可能
手編みコースター,10218057990384,ACTIVE,直径12センチのマウス,gid://shopify/ProductVariant/50296392253680,e4c1bbed3ed125e09f392c2835b64634,3480,false,853,DENY,no(DENY),Shop location,manual(Shopify既定),true,true,false(追跡なしのため在庫0でも売れる),A,在庫を追跡していないため常に購入可能
手編みコースター,10218057990384,ACTIVE,アプリコットリス直径12cm,gid://shopify/ProductVariant/50296392286448,4e26c52e09e526d4e4e7aa0a006e7b8e,3480,false,1819,DENY,no(DENY),Shop location,manual(Shopify既定),true,true,false(追跡なしのため在庫0でも売れる),A,在庫を追跡していないため常に購入可能
手編みコースター,10218057990384,ACTIVE,カエルの直径は12cmです,gid://shopify/ProductVariant/50296392351984,f66ade5d5c4d93f26d8e63fce6e03096,3480,false,123,DENY,no(DENY),Shop location,manual(Shopify既定),true,true,false(追跡なしのため在庫0でも売れる),A,在庫を追跡していないため常に購入可能
手編みコースター,10218057990384,ACTIVE,直径12cmのピンクリス,gid://shopify/ProductVariant/50296392450288,d1950deb7ed9a7f3d33b9f283826ed36,3480,false,868,DENY,no(DENY),Shop location,manual(Shopify既定),true,true,false(追跡なしのため在庫0でも売れる),A,在庫を追跡していないため常に購入可能
手編みコースター,10218057990384,ACTIVE,トカゲ 12 センチ,gid://shopify/ProductVariant/50296392614128,985d44c5315c47c3f94288d945554b6f,3980,false,727,DENY,no(DENY),Shop location,manual(Shopify既定),true,true,false(追跡なしのため在庫0でも売れる),A,在庫を追跡していないため常に購入可能
手編みコースター,10218057990384,ACTIVE,12cm ダック,gid://shopify/ProductVariant/50296392712432,4df925651476dd0fc36d6f6c6ccc7afb,3480,false,107,DENY,no(DENY),Shop location,manual(Shopify既定),true,true,false(追跡なしのため在庫0でも売れる),A,在庫を追跡していないため常に購入可能
手編みコースター,10218057990384,ACTIVE,明るい色のカメ,gid://shopify/ProductVariant/50296392810736,8357c023c320a6691fc995f931fdea8f,3980,false,1100,DENY,no(DENY),Shop location,manual(Shopify既定),true,true,false(追跡なしのため在庫0でも売れる),A,在庫を追跡していないため常に購入可能
