product,variant,sku,status,tier,cat,ckb_cost,ship_domestic_cn,agent_qc,intl_ship,duty_tax,ship_est,landed,cost_source,price,mult_now,price_proposed,mult_proposed,通常_売価,通常_粗利額,通常_粗利率,通常_限界利益,通常_BE_ROAS,通常_CPA上限,10%OFF_売価,10%OFF_粗利額,10%OFF_粗利率,10%OFF_限界利益,10%OFF_BE_ROAS,10%OFF_CPA上限,15%OFF_売価,15%OFF_粗利額,15%OFF_粗利率,15%OFF_限界利益,15%OFF_BE_ROAS,15%OFF_CPA上限,判定
MORU フラワーラウンジ,アイボリー,f89ed6c7183ca65547d2c2561819369f,ACTIVE,tier-hero,pet-bed,1381.0,未確認,未確認,未確認,未確認,1750,3131.0,推定(ckb_cost + ship_est),9980,3.19,9480,3.03,9980,6849,68.6%,6490,1.54,4543,8982,5851,65.1%,5528,1.62,3869,8483,5352,63.1%,5047,1.68,3533,OK
MORU フラワーラウンジ,オリーブグリーン,476e297375c500bb15ef0aef7f8abb53,ACTIVE,tier-hero,pet-bed,1381.0,未確認,未確認,未確認,未確認,1750,3131.0,推定(ckb_cost + ship_est),9980,3.19,9480,3.03,9980,6849,68.6%,6490,1.54,4543,8982,5851,65.1%,5528,1.62,3869,8483,5352,63.1%,5047,1.68,3533,OK
アブストラクト オブジェ,ビッグコンビネーション [稲の耳]-M53,75ab49fe91f8127a9d33ca4f6f82f4c4,DRAFT,tier-aov,object,未確認,未確認,未確認,未確認,未確認,800,未確認,原価待ち,58980,原価待ち,原価待ち,原価待ち,原価待ち,原価待ち,原価待ち,原価待ち,原価待ち,原価待ち,原価待ち,原価待ち,原価待ち,原価待ち,原価待ち,原価待ち,原価待ち,原価待ち,原価待ち,原価待ち,原価待ち,原価待ち,原価待ち
アブストラクト オブジェ,グループコンビネーション [スプリングハーベスト]-O21,34036f8d1a6f5bd05389ed4172858aad,DRAFT,tier-aov,object,未確認,未確認,未確認,未確認,未確認,800,未確認,原価待ち,22980,原価待ち,原価待ち,原価待ち,原価待ち,原価待ち,原価待ち,原価待ち,原価待ち,原価待ち,原価待ち,原価待ち,原価待ち,原価待ち,原価待ち,原価待ち,原価待ち,原価待ち,原価待ち,原価待ち,原価待ち,原価待ち,原価待ち
アブストラクト オブジェ,グループコンビネーション [チンラン]-I56,6134b4c23d96e190b34ec02a4d2ae408,DRAFT,tier-aov,object,未確認,未確認,未確認,未確認,未確認,800,未確認,原価待ち,22480,原価待ち,原価待ち,原価待ち,原価待ち,原価待ち,原価待ち,原価待ち,原価待ち,原価待ち,原価待ち,原価待ち,原価待ち,原価待ち,原価待ち,原価待ち,原価待ち,原価待ち,原価待ち,原価待ち,原価待ち,原価待ち,原価待ち
アブストラクト オブジェ,グループコンビネーション [ムヤン]-R65,197b0e8b7d429973acd263d74989b79c,DRAFT,tier-aov,object,未確認,未確認,未確認,未確認,未確認,800,未確認,原価待ち,18480,原価待ち,原価待ち,原価待ち,原価待ち,原価待ち,原価待ち,原価待ち,原価待ち,原価待ち,原価待ち,原価待ち,原価待ち,原価待ち,原価待ち,原価待ち,原価待ち,原価待ち,原価待ち,原価待ち,原価待ち,原価待ち,原価待ち
アブストラクト オブジェ,コンビネーション [メープル]-O43,7aed9956f07f7d6c3d99ab34f4e9d199,DRAFT,tier-aov,object,未確認,未確認,未確認,未確認,未確認,800,未確認,原価待ち,44480,原価待ち,原価待ち,原価待ち,原価待ち,原価待ち,原価待ち,原価待ち,原価待ち,原価待ち,原価待ち,原価待ち,原価待ち,原価待ち,原価待ち,原価待ち,原価待ち,原価待ち,原価待ち,原価待ち,原価待ち,原価待ち,原価待ち
アブストラクト オブジェ,グループコンビネーション [メープルリーフ]-N48,1a96be22bfb7f2f7155463a3fc1a4a2b,DRAFT,tier-aov,object,未確認,未確認,未確認,未確認,未確認,800,未確認,原価待ち,30480,原価待ち,原価待ち,原価待ち,原価待ち,原価待ち,原価待ち,原価待ち,原価待ち,原価待ち,原価待ち,原価待ち,原価待ち,原価待ち,原価待ち,原価待ち,原価待ち,原価待ち,原価待ち,原価待ち,原価待ち,原価待ち,原価待ち
アブストラクト オブジェ,グループコンビネーション [プレーンスタイル]-O14,01aba7397719c00556a65d49ee19e6b4,DRAFT,tier-aov,object,未確認,未確認,未確認,未確認,未確認,800,未確認,原価待ち,26980,原価待ち,原価待ち,原価待ち,原価待ち,原価待ち,原価待ち,原価待ち,原価待ち,原価待ち,原価待ち,原価待ち,原価待ち,原価待ち,原価待ち,原価待ち,原価待ち,原価待ち,原価待ち,原価待ち,原価待ち,原価待ち,原価待ち
アブストラクト オブジェ,白茶色のセラミックオーナメント1組-M17,ec536c2c6e56f150de44b47bcf2a59c2,DRAFT,tier-aov,object,未確認,未確認,未確認,未確認,未確認,800,未確認,原価待ち,11980,原価待ち,原価待ち,原価待ち,原価待ち,原価待ち,原価待ち,原価待ち,原価待ち,原価待ち,原価待ち,原価待ち,原価待ち,原価待ち,原価待ち,原価待ち,原価待ち,原価待ち,原価待ち,原価待ち,原価待ち,原価待ち,原価待ち
アブストラクト オブジェ,特殊形状シェルセラミック-A35,747adb5c3a47a7c491a3239ec1294164,DRAFT,tier-aov,object,未確認,未確認,未確認,未確認,未確認,800,未確認,原価待ち,12980,原価待ち,原価待ち,原価待ち,原価待ち,原価待ち,原価待ち,原価待ち,原価待ち,原価待ち,原価待ち,原価待ち,原価待ち,原価待ち,原価待ち,原価待ち,原価待ち,原価待ち,原価待ち,原価待ち,原価待ち,原価待ち,原価待ち
アブストラクト オブジェ,ラッキーキャットのペア-O11,cd92d5ec9a58941b12944db9f3cde68d,DRAFT,tier-aov,object,未確認,未確認,未確認,未確認,未確認,800,未確認,原価待ち,9480,原価待ち,原価待ち,原価待ち,原価待ち,原価待ち,原価待ち,原価待ち,原価待ち,原価待ち,原価待ち,原価待ち,原価待ち,原価待ち,原価待ち,原価待ち,原価待ち,原価待ち,原価待ち,原価待ち,原価待ち,原価待ち,原価待ち
アブストラクト オブジェ,ノットデコレーション-H38,1bc403c2a05ed4a9bba330ff372bb6ed,DRAFT,tier-aov,object,未確認,未確認,未確認,未確認,未確認,800,未確認,原価待ち,9480,原価待ち,原価待ち,原価待ち,原価待ち,原価待ち,原価待ち,原価待ち,原価待ち,原価待ち,原価待ち,原価待ち,原価待ち,原価待ち,原価待ち,原価待ち,原価待ち,原価待ち,原価待ち,原価待ち,原価待ち,原価待ち,原価待ち
アブストラクト オブジェ,コーヒー色のガラスの花瓶-A55,b414e97d924bc272ccfe7c39c6bc037c,DRAFT,tier-aov,object,未確認,未確認,未確認,未確認,未確認,800,未確認,原価待ち,6980,原価待ち,原価待ち,原価待ち,原価待ち,原価待ち,原価待ち,原価待ち,原価待ち,原価待ち,原価待ち,原価待ち,原価待ち,原価待ち,原価待ち,原価待ち,原価待ち,原価待ち,原価待ち,原価待ち,原価待ち,原価待ち,原価待ち
アブストラクト オブジェ,白い双頭花瓶-E88,fb4d1081470264108ddbdd5ac726fce9,DRAFT,tier-aov,object,未確認,未確認,未確認,未確認,未確認,800,未確認,原価待ち,6480,原価待ち,原価待ち,原価待ち,原価待ち,原価待ち,原価待ち,原価待ち,原価待ち,原価待ち,原価待ち,原価待ち,原価待ち,原価待ち,原価待ち,原価待ち,原価待ち,原価待ち,原価待ち,原価待ち,原価待ち,原価待ち,原価待ち
アブストラクト オブジェ,陶器コーヒーカップ-N66,658f9def757e31b83fefd579954a5238,DRAFT,tier-aov,object,未確認,未確認,未確認,未確認,未確認,800,未確認,原価待ち,6480,原価待ち,原価待ち,原価待ち,原価待ち,原価待ち,原価待ち,原価待ち,原価待ち,原価待ち,原価待ち,原価待ち,原価待ち,原価待ち,原価待ち,原価待ち,原価待ち,原価待ち,原価待ち,原価待ち,原価待ち,原価待ち,原価待ち
アブストラクト オブジェ,スティックマンブックストップ-T78,b5e4f2f7e89931a952a531c6d20e7fa1,DRAFT,tier-aov,object,未確認,未確認,未確認,未確認,未確認,800,未確認,原価待ち,6980,原価待ち,原価待ち,原価待ち,原価待ち,原価待ち,原価待ち,原価待ち,原価待ち,原価待ち,原価待ち,原価待ち,原価待ち,原価待ち,原価待ち,原価待ち,原価待ち,原価待ち,原価待ち,原価待ち,原価待ち,原価待ち,原価待ち
アブストラクト オブジェ,アインシュタイン原稿-C20,191ce5dc8d92c18f76292b4d245e1d11,DRAFT,tier-aov,object,未確認,未確認,未確認,未確認,未確認,800,未確認,原価待ち,9480,原価待ち,原価待ち,原価待ち,原価待ち,原価待ち,原価待ち,原価待ち,原価待ち,原価待ち,原価待ち,原価待ち,原価待ち,原価待ち,原価待ち,原価待ち,原価待ち,原価待ち,原価待ち,原価待ち,原価待ち,原価待ち,原価待ち
アブストラクト オブジェ,シュラグ花瓶-レッドスモール-H63,f95267d75899a7db1cf00e8282954998,DRAFT,tier-aov,object,未確認,未確認,未確認,未確認,未確認,800,未確認,原価待ち,16980,原価待ち,原価待ち,原価待ち,原価待ち,原価待ち,原価待ち,原価待ち,原価待ち,原価待ち,原価待ち,原価待ち,原価待ち,原価待ち,原価待ち,原価待ち,原価待ち,原価待ち,原価待ち,原価待ち,原価待ち,原価待ち,原価待ち
アブストラクト オブジェ,シュラグ花瓶-大-Q49,97f04c82685b8f9c9c228ab1f6196a53,DRAFT,tier-aov,object,未確認,未確認,未確認,未確認,未確認,800,未確認,原価待ち,18480,原価待ち,原価待ち,原価待ち,原価待ち,原価待ち,原価待ち,原価待ち,原価待ち,原価待ち,原価待ち,原価待ち,原価待ち,原価待ち,原価待ち,原価待ち,原価待ち,原価待ち,原価待ち,原価待ち,原価待ち,原価待ち,原価待ち
アブストラクト オブジェ,スナグルフラワー花瓶-I72,7ba1fe4c9b7d035d2e77e89cfaec6ca1,DRAFT,tier-aov,object,未確認,未確認,未確認,未確認,未確認,800,未確認,原価待ち,9980,原価待ち,原価待ち,原価待ち,原価待ち,原価待ち,原価待ち,原価待ち,原価待ち,原価待ち,原価待ち,原価待ち,原価待ち,原価待ち,原価待ち,原価待ち,原価待ち,原価待ち,原価待ち,原価待ち,原価待ち,原価待ち,原価待ち
アブストラクト オブジェ,マウンテンキャラクターセラミック-F30,2c429cd9ea2d1ca3e5eb14d52d357103,DRAFT,tier-aov,object,未確認,未確認,未確認,未確認,未確認,800,未確認,原価待ち,6980,原価待ち,原価待ち,原価待ち,原価待ち,原価待ち,原価待ち,原価待ち,原価待ち,原価待ち,原価待ち,原価待ち,原価待ち,原価待ち,原価待ち,原価待ち,原価待ち,原価待ち,原価待ち,原価待ち,原価待ち,原価待ち,原価待ち
アブストラクト オブジェ,ポット型セラミック-K87,78c58ba6410473c63d66a2065a25196d,DRAFT,tier-aov,object,未確認,未確認,未確認,未確認,未確認,800,未確認,原価待ち,4980,原価待ち,原価待ち,原価待ち,原価待ち,原価待ち,原価待ち,原価待ち,原価待ち,原価待ち,原価待ち,原価待ち,原価待ち,原価待ち,原価待ち,原価待ち,原価待ち,原価待ち,原価待ち,原価待ち,原価待ち,原価待ち,原価待ち
ガラスフラワー オブジェ,ルビー（7点セット）,29d7e8cbcebfab5af9efca0ec2f23682,ACTIVE,tier-aov,object,431.0,未確認,未確認,未確認,未確認,800,1231.0,推定(ckb_cost + ship_est),3980,3.23,3980,3.23,3980,2749,69.1%,2606,1.53,1824,3582,2351,65.6%,2222,1.61,1555,3383,2152,63.6%,2030,1.67,1421,OK
ガラスフラワー オブジェ,ブルー（7点セット）,7b370f9a7f74641e87773b8735868386,ACTIVE,tier-aov,object,431.0,未確認,未確認,未確認,未確認,800,1231.0,推定(ckb_cost + ship_est),3980,3.23,3980,3.23,3980,2749,69.1%,2606,1.53,1824,3582,2351,65.6%,2222,1.61,1555,3383,2152,63.6%,2030,1.67,1421,OK
ガラスフラワー オブジェ,ピンク（7点セット）,7f19f1a9b72ba25c4af03320b63d2075,ACTIVE,tier-aov,object,431.0,未確認,未確認,未確認,未確認,800,1231.0,推定(ckb_cost + ship_est),3980,3.23,3980,3.23,3980,2749,69.1%,2606,1.53,1824,3582,2351,65.6%,2222,1.61,1555,3383,2152,63.6%,2030,1.67,1421,OK
ガラスフラワー オブジェ,ホワイト（7点セット）,4e3ef97bd8e412402af2f47ab63a30e1,ACTIVE,tier-aov,object,431.0,未確認,未確認,未確認,未確認,800,1231.0,推定(ckb_cost + ship_est),3980,3.23,3980,3.23,3980,2749,69.1%,2606,1.53,1824,3582,2351,65.6%,2222,1.61,1555,3383,2152,63.6%,2030,1.67,1421,OK
ガラスフラワー オブジェ,アンバー（7点セット）,dab3482fc0695768b2496f0f97c5e4ce,ACTIVE,tier-aov,object,431.0,未確認,未確認,未確認,未確認,800,1231.0,推定(ckb_cost + ship_est),3980,3.23,3980,3.23,3980,2749,69.1%,2606,1.53,1824,3582,2351,65.6%,2222,1.61,1555,3383,2152,63.6%,2030,1.67,1421,OK
クラウド サイドテーブル,スターライトブラック（1段）,05570b9a124d02f2d3769d087d12019a,ACTIVE,tier-core,table,564.0,未確認,未確認,未確認,未確認,3500,4064.0,推定(ckb_cost + ship_est),12480,3.07,12480,3.07,12480,8416,67.4%,7967,1.57,5577,11232,7168,63.8%,6764,1.66,4735,10608,6544,61.7%,6162,1.72,4313,OK
クラウド サイドテーブル,ミルキーホワイト（1段）,5b71a3dc3109a5c3443b343e30aaeb76,ACTIVE,tier-core,table,564.0,未確認,未確認,未確認,未確認,3500,4064.0,推定(ckb_cost + ship_est),12480,3.07,12480,3.07,12480,8416,67.4%,7967,1.57,5577,11232,7168,63.8%,6764,1.66,4735,10608,6544,61.7%,6162,1.72,4313,OK
クラウド サイドテーブル,ウォールナット（1段）,dc56669e522c1955922bcd9dff5572be,ACTIVE,tier-core,table,564.0,未確認,未確認,未確認,未確認,3500,4064.0,推定(ckb_cost + ship_est),12480,3.07,12480,3.07,12480,8416,67.4%,7967,1.57,5577,11232,7168,63.8%,6764,1.66,4735,10608,6544,61.7%,6162,1.72,4313,OK
クリアシェード テーブルランプ,充電式・無段階調光 / クローム（クリアシェード）,9c4ed89e3487f9ce5f4c97186b090232,ACTIVE,tier-aov,lighting,1949.0,未確認,未確認,未確認,未確認,1750,3699.0,推定(ckb_cost + ship_est),11480,3.1,11480,3.1,11480,7781,67.8%,7368,1.56,5157,10332,6633,64.2%,6261,1.65,4383,9758,6059,62.1%,5708,1.71,3995,OK
クリアシェード テーブルランプ,充電式・無段階調光 / バーガンディ（クリアシェード）,b809bb70178d3b8681fed393f957dc98,ACTIVE,tier-aov,lighting,1949.0,未確認,未確認,未確認,未確認,1750,3699.0,推定(ckb_cost + ship_est),11480,3.1,11480,3.1,11480,7781,67.8%,7368,1.56,5157,10332,6633,64.2%,6261,1.65,4383,9758,6059,62.1%,5708,1.71,3995,OK
クリアシェード テーブルランプ,充電式・無段階調光 / パールブラック（クリアシェード）,baed95876fcacec127ef858731c7dc04,ACTIVE,tier-aov,lighting,1949.0,未確認,未確認,未確認,未確認,1750,3699.0,推定(ckb_cost + ship_est),11480,3.1,11480,3.1,11480,7781,67.8%,7368,1.56,5157,10332,6633,64.2%,6261,1.65,4383,9758,6059,62.1%,5708,1.71,3995,OK
コイル サイドテーブル,レモンイエロー / 全高45cm（天板径34cm）,ab07dcd0e56eb7ee717e2da9a3ac402d,ACTIVE,tier-brand-builder,table,7521.0,未確認,未確認,未確認,未確認,3500,11021.0,推定(ckb_cost + ship_est),33480,3.04,33480,3.04,33480,22459,67.1%,21254,1.58,14878,30132,19111,63.4%,18026,1.67,12618,28458,17437,61.3%,16413,1.73,11489,要検討: 15%OFF後 ×2.58 < 2.6
コイル サイドテーブル,トゥルーレッド / 全高45cm（天板径34cm）,8c1b2d9a7e72c188d438d40ddf490f56,ACTIVE,tier-brand-builder,table,7521.0,未確認,未確認,未確認,未確認,3500,11021.0,推定(ckb_cost + ship_est),33480,3.04,33480,3.04,33480,22459,67.1%,21254,1.58,14878,30132,19111,63.4%,18026,1.67,12618,28458,17437,61.3%,16413,1.73,11489,要検討: 15%OFF後 ×2.58 < 2.6
コイル サイドテーブル,グリーン / 全高45cm（天板径34cm）,3455466daef0d9268b82871cbe8c210c,ACTIVE,tier-brand-builder,table,7521.0,未確認,未確認,未確認,未確認,3500,11021.0,推定(ckb_cost + ship_est),33480,3.04,33480,3.04,33480,22459,67.1%,21254,1.58,14878,30132,19111,63.4%,18026,1.67,12618,28458,17437,61.3%,16413,1.73,11489,要検討: 15%OFF後 ×2.58 < 2.6
コーデュロイ フォールディングチェア,ブラウン,cfba35e8e118f16f83ff476952758d2b,ACTIVE,tier-core,chair,1999.0,未確認,未確認,未確認,未確認,1750,3749.0,推定(ckb_cost + ship_est),11480,3.06,11480,3.06,11480,7731,67.3%,7318,1.57,5122,10332,6583,63.7%,6211,1.66,4348,9758,6009,61.6%,5658,1.72,3960,OK
コーデュロイ フォールディングチェア,ピーコックブルー,b2e07986192be22f0732e2deb26a4121,ACTIVE,tier-core,chair,1999.0,未確認,未確認,未確認,未確認,1750,3749.0,推定(ckb_cost + ship_est),11480,3.06,11480,3.06,11480,7731,67.3%,7318,1.57,5122,10332,6583,63.7%,6211,1.66,4348,9758,6009,61.6%,5658,1.72,3960,OK
コーデュロイ フォールディングチェア,オレンジ,b135c1eeb074ce7fa189ada712ece2f9,ACTIVE,tier-core,chair,1999.0,未確認,未確認,未確認,未確認,1750,3749.0,推定(ckb_cost + ship_est),11480,3.06,11480,3.06,11480,7731,67.3%,7318,1.57,5122,10332,6583,63.7%,6211,1.66,4348,9758,6009,61.6%,5658,1.72,3960,OK
コーデュロイ フォールディングチェア,ピンク,c8fb2c55f4618676bee453bed599f9aa,ACTIVE,tier-core,chair,1999.0,未確認,未確認,未確認,未確認,1750,3749.0,推定(ckb_cost + ship_est),11480,3.06,11480,3.06,11480,7731,67.3%,7318,1.57,5122,10332,6583,63.7%,6211,1.66,4348,9758,6009,61.6%,5658,1.72,3960,OK
コーデュロイ フォールディングチェア,オリーブグリーン,e562d7f8143adbced26b8edd39314da9,ACTIVE,tier-core,chair,1999.0,未確認,未確認,未確認,未確認,1750,3749.0,推定(ckb_cost + ship_est),11480,3.06,11480,3.06,11480,7731,67.3%,7318,1.57,5122,10332,6583,63.7%,6211,1.66,4348,9758,6009,61.6%,5658,1.72,3960,OK
ジオメトリック ブックスタンド,ミッドセンチュリー ブックスタンド,1be0d3e140f8e8a6b08ace3037286484,ACTIVE,tier-aov,object,1974.0,未確認,未確認,未確認,未確認,800,2774.0,推定(ckb_cost + ship_est),8480,3.06,8480,3.06,8480,5706,67.3%,5401,1.57,3781,7632,4858,63.7%,4583,1.67,3208,7208,4434,61.5%,4175,1.73,2922,要検討: 15%OFF後 ×2.60 < 2.6
ジオメトリック ブックスタンド,ミッドセンチュリー ブックスタンド+ダミーブック3冊,0976a78b31041ab45bd0e91144ccb408,ACTIVE,tier-aov,object,2224.0,未確認,未確認,未確認,未確認,800,3024.0,推定(ckb_cost + ship_est),9480,3.13,9480,3.13,9480,6456,68.1%,6115,1.55,4280,8532,5508,64.6%,5201,1.64,3641,8058,5034,62.5%,4744,1.70,3321,OK
ジャカード 中綿付きクッション,イエロー ウェーブ / 45×45cm（中材付き）,69a55069d32475d8c1cd19bfe9fec6ff,ACTIVE,tier-aov,cushion,387.0,未確認,未確認,未確認,未確認,800,1187.0,推定(ckb_cost + ship_est),3980,3.35,3980,3.35,3980,2793,70.2%,2650,1.50,1855,3582,2395,66.9%,2266,1.58,1586,3383,2196,64.9%,2074,1.63,1452,OK
ジャカード 中綿付きクッション,イエロー ダイヤグリッド / 45×45cm（中材付き）,b1cffd17310b993326477bdfa88de12b,ACTIVE,tier-aov,cushion,387.0,未確認,未確認,未確認,未確認,800,1187.0,推定(ckb_cost + ship_est),3980,3.35,3980,3.35,3980,2793,70.2%,2650,1.50,1855,3582,2395,66.9%,2266,1.58,1586,3383,2196,64.9%,2074,1.63,1452,OK
ジャカード 中綿付きクッション,イエロー スモールスクエア / 45×45cm（中材付き）,24f5a06e8b01eb11abc4c5edc9d552cb,ACTIVE,tier-aov,cushion,387.0,未確認,未確認,未確認,未確認,800,1187.0,推定(ckb_cost + ship_est),3980,3.35,3980,3.35,3980,2793,70.2%,2650,1.50,1855,3582,2395,66.9%,2266,1.58,1586,3383,2196,64.9%,2074,1.63,1452,OK
ジャカード 中綿付きクッション,イエロー エコー / 45×45cm（中材付き）,45c2c2242560adb70d1480e42205ea8a,ACTIVE,tier-aov,cushion,387.0,未確認,未確認,未確認,未確認,800,1187.0,推定(ckb_cost + ship_est),3980,3.35,3980,3.35,3980,2793,70.2%,2650,1.50,1855,3582,2395,66.9%,2266,1.58,1586,3383,2196,64.9%,2074,1.63,1452,OK
ジャカード 中綿付きクッション,イエロー ヘリンボーン / 45×45cm（中材付き）,24e86b5f2b68da1216806cd6af3928eb,ACTIVE,tier-aov,cushion,387.0,未確認,未確認,未確認,未確認,800,1187.0,推定(ckb_cost + ship_est),3980,3.35,3980,3.35,3980,2793,70.2%,2650,1.50,1855,3582,2395,66.9%,2266,1.58,1586,3383,2196,64.9%,2074,1.63,1452,OK
セラミック ブックエンド,アーチライン ブックスタンド雑誌3冊付き パールホワイト,ba4eca5633219572344e574b5062107f,ACTIVE,tier-aov,object,1996.0,未確認,未確認,未確認,未確認,800,2796.0,推定(ckb_cost + ship_est),8480,3.03,8480,3.03,8480,5684,67.0%,5379,1.58,3765,7632,4836,63.4%,4561,1.67,3193,7208,4412,61.2%,4153,1.74,2907,要検討: 15%OFF後 ×2.58 < 2.6
セラミック ブックエンド,アーチライン ブックスタンド雑誌3冊付き マットブラック,043c6ce59288f4e637dfe5184f318efa,ACTIVE,tier-aov,object,1996.0,未確認,未確認,未確認,未確認,800,2796.0,推定(ckb_cost + ship_est),8480,3.03,8480,3.03,8480,5684,67.0%,5379,1.58,3765,7632,4836,63.4%,4561,1.67,3193,7208,4412,61.2%,4153,1.74,2907,要検討: 15%OFF後 ×2.58 < 2.6
セラミック ブックエンド,アーチライン ブックスタンド パールホワイト,a2c3760b1bc87363b76c29257054a1c5,ACTIVE,tier-aov,object,1746.0,未確認,未確認,未確認,未確認,800,2546.0,推定(ckb_cost + ship_est),7980,3.13,7980,3.13,7980,5434,68.1%,5147,1.55,3603,7182,4636,64.6%,4377,1.64,3064,6783,4237,62.5%,3993,1.70,2795,OK
セラミック ブックエンド,アーチライン ブックスタンド マットブラック,a17d885349ed46057d7d14d8f0a0e9bf,ACTIVE,tier-aov,object,1746.0,未確認,未確認,未確認,未確認,800,2546.0,推定(ckb_cost + ship_est),7980,3.13,7980,3.13,7980,5434,68.1%,5147,1.55,3603,7182,4636,64.6%,4377,1.64,3064,6783,4237,62.5%,3993,1.70,2795,OK
セル サイドボード,ホワイト Aタイプ / 幅50×奥行35×高さ52.5cm,9feb89d52da0cf51d6d50cf83f962590,ACTIVE,tier-core,storage,7472.0,未確認,未確認,未確認,未確認,3500,10972.0,推定(ckb_cost + ship_est),33480,3.05,32980,3.01,33480,22508,67.2%,21303,1.57,14912,30132,19160,63.6%,18075,1.67,12653,28458,17486,61.4%,16462,1.73,11523,要検討: 15%OFF後 ×2.59 < 2.6
セル サイドボード,ブラック Aタイプ / 幅50×奥行35×高さ52.5cm,ba0c178e35a349e64233449856c0c13f,ACTIVE,tier-core,storage,7472.0,未確認,未確認,未確認,未確認,3500,10972.0,推定(ckb_cost + ship_est),33480,3.05,32980,3.01,33480,22508,67.2%,21303,1.57,14912,30132,19160,63.6%,18075,1.67,12653,28458,17486,61.4%,16462,1.73,11523,要検討: 15%OFF後 ×2.59 < 2.6
セル サイドボード,ホワイト Bタイプ / 幅50×奥行35×高さ52.5cm,82ce2d2926ae52167411b53631bb6c60,ACTIVE,tier-core,storage,7971.0,未確認,未確認,未確認,未確認,3500,11471.0,推定(ckb_cost + ship_est),34980,3.05,34480,3.01,34980,23509,67.2%,22250,1.57,15575,31482,20011,63.6%,18878,1.67,13214,29733,18262,61.4%,17192,1.73,12034,要検討: 15%OFF後 ×2.59 < 2.6
セル サイドボード,ブラック Bタイプ / 幅50×奥行35×高さ52.5cm,c92a60f86cdf943ba40bfdeb2ca905f1,ACTIVE,tier-core,storage,7971.0,未確認,未確認,未確認,未確認,3500,11471.0,推定(ckb_cost + ship_est),34980,3.05,34480,3.01,34980,23509,67.2%,22250,1.57,15575,31482,20011,63.6%,18878,1.67,13214,29733,18262,61.4%,17192,1.73,12034,要検討: 15%OFF後 ×2.59 < 2.6
セル モジュールキャビネット,シングル Aタイプ 幅75×奥行35×高さ70cm,45722313e1218e2f7ba24b599e052b1c,DRAFT,tier-core,storage,未確認,未確認,未確認,未確認,未確認,3500,未確認,原価待ち,39480,原価待ち,原価待ち,原価待ち,原価待ち,原価待ち,原価待ち,原価待ち,原価待ち,原価待ち,原価待ち,原価待ち,原価待ち,原価待ち,原価待ち,原価待ち,原価待ち,原価待ち,原価待ち,原価待ち,原価待ち,原価待ち,原価待ち
セル モジュールキャビネット,シングル Bタイプ 幅75×奥行35×高さ70cm,260fd4a5b8b793cae5dec5022f16aec5,DRAFT,tier-core,storage,未確認,未確認,未確認,未確認,未確認,3500,未確認,原価待ち,46480,原価待ち,原価待ち,原価待ち,原価待ち,原価待ち,原価待ち,原価待ち,原価待ち,原価待ち,原価待ち,原価待ち,原価待ち,原価待ち,原価待ち,原価待ち,原価待ち,原価待ち,原価待ち,原価待ち,原価待ち,原価待ち,原価待ち
セル モジュールキャビネット,シングル Cタイプ 幅75×奥行35×高さ70cm,9f8b62bce2483c8608d6d8de98334b41,DRAFT,tier-core,storage,未確認,未確認,未確認,未確認,未確認,3500,未確認,原価待ち,50480,原価待ち,原価待ち,原価待ち,原価待ち,原価待ち,原価待ち,原価待ち,原価待ち,原価待ち,原価待ち,原価待ち,原価待ち,原価待ち,原価待ち,原価待ち,原価待ち,原価待ち,原価待ち,原価待ち,原価待ち,原価待ち,原価待ち
セル モジュールキャビネット,ダブル Aタイプ 幅150×奥行35×高さ70cm,eb0fbfee661102f80b2ab299590804bc,DRAFT,tier-core,storage,未確認,未確認,未確認,未確認,未確認,3500,未確認,原価待ち,92480,原価待ち,原価待ち,原価待ち,原価待ち,原価待ち,原価待ち,原価待ち,原価待ち,原価待ち,原価待ち,原価待ち,原価待ち,原価待ち,原価待ち,原価待ち,原価待ち,原価待ち,原価待ち,原価待ち,原価待ち,原価待ち,原価待ち
セル モジュールキャビネット,ダブル Bタイプ 幅150×奥行35×高さ70cm,685bce782560abc0cd163f2f8013fee0,DRAFT,tier-core,storage,未確認,未確認,未確認,未確認,未確認,3500,未確認,原価待ち,92480,原価待ち,原価待ち,原価待ち,原価待ち,原価待ち,原価待ち,原価待ち,原価待ち,原価待ち,原価待ち,原価待ち,原価待ち,原価待ち,原価待ち,原価待ち,原価待ち,原価待ち,原価待ち,原価待ち,原価待ち,原価待ち,原価待ち
ソラ キャットハンモック,ファブリック グレー,108b0dc0e0bad0bdf88b77370e3717fb,ACTIVE,tier-core,pet-furniture,4973.0,未確認,未確認,未確認,未確認,3500,8473.0,推定(ckb_cost + ship_est),20480,2.42,25480,3.01,20480,12007,58.6%,11270,1.82,7889,18432,9959,54.0%,9295,1.98,6507,17408,8935,51.3%,8308,2.10,5816,要検討: 15%OFF後 ×2.05 < 2.6
ソラ キャットハンモック,ファブリック ベージュ,d52de93c868d7322a01e9bcfc6e7b7dc,ACTIVE,tier-core,pet-furniture,4973.0,未確認,未確認,未確認,未確認,3500,8473.0,推定(ckb_cost + ship_est),20480,2.42,25480,3.01,20480,12007,58.6%,11270,1.82,7889,18432,9959,54.0%,9295,1.98,6507,17408,8935,51.3%,8308,2.10,5816,要検討: 15%OFF後 ×2.05 < 2.6
ソラ キャットハンモック,木製フレーム ベージュ（クッション付き）,4579d46734814c2073a47d9ffe183e32,ACTIVE,tier-core,pet-furniture,4973.0,未確認,未確認,未確認,未確認,3500,8473.0,推定(ckb_cost + ship_est),20480,2.42,25480,3.01,20480,12007,58.6%,11270,1.82,7889,18432,9959,54.0%,9295,1.98,6507,17408,8935,51.3%,8308,2.10,5816,要検討: 15%OFF後 ×2.05 < 2.6
ソラ キャットハンモック,木製フレーム グレー（クッション付き）,d8093439f7aea64aef353acf897fbe58,ACTIVE,tier-core,pet-furniture,4973.0,未確認,未確認,未確認,未確認,3500,8473.0,推定(ckb_cost + ship_est),20480,2.42,25480,3.01,20480,12007,58.6%,11270,1.82,7889,18432,9959,54.0%,9295,1.98,6507,17408,8935,51.3%,8308,2.10,5816,要検討: 15%OFF後 ×2.05 < 2.6
ツインベル アラームクロック,ホワイト,0d9069aadbf4ab17ccf3bddf69e4e3c8,ACTIVE,tier-aov,object,997.0,未確認,未確認,未確認,未確認,800,1797.0,推定(ckb_cost + ship_est),5480,3.05,5480,3.05,5480,3683,67.2%,3486,1.57,2440,4932,3135,63.6%,2957,1.67,2070,4658,2861,61.4%,2693,1.73,1885,要検討: 15%OFF後 ×2.59 < 2.6
デュオ ナイトテーブル,天然木 1連 / ラバーウッド × ステンレス天板,b2b0b5df37fa7f2eda9a39de857f5751,ACTIVE,tier-core,storage,14025.0,未確認,未確認,未確認,未確認,3500,17525.0,推定(ckb_cost + ship_est),53480,3.05,52980,3.02,53480,35955,67.2%,34030,1.57,23821,48132,30607,63.6%,28874,1.67,20212,45458,27933,61.4%,26297,1.73,18408,要検討: 15%OFF後 ×2.59 < 2.6
デュオ ナイトテーブル,天然木 2連 / ラバーウッド × ステンレス天板,8d3b616f47d3c16429f7d4a73434e0a5,ACTIVE,tier-core,storage,31237.0,未確認,未確認,未確認,未確認,3500,34737.0,推定(ckb_cost + ship_est),104980,3.02,104480,3.01,104980,70243,66.9%,66464,1.58,46525,94482,59745,63.2%,56344,1.68,39441,89233,54496,61.1%,51284,1.74,35899,要検討: 15%OFF後 ×2.57 < 2.6
デュオ ナイトテーブル,ブラック 1連 / ラバーウッド × ステンレス天板,5ed747e288c42486e0ed8e70951a2ab4,ACTIVE,tier-core,storage,14025.0,未確認,未確認,未確認,未確認,3500,17525.0,推定(ckb_cost + ship_est),53480,3.05,52980,3.02,53480,35955,67.2%,34030,1.57,23821,48132,30607,63.6%,28874,1.67,20212,45458,27933,61.4%,26297,1.73,18408,要検討: 15%OFF後 ×2.59 < 2.6
デュオ ナイトテーブル,ブラック 2連 / ラバーウッド × ステンレス天板,fe24c5b36b8e11aea02d5888028d654f,ACTIVE,tier-core,storage,31237.0,未確認,未確認,未確認,未確認,3500,34737.0,推定(ckb_cost + ship_est),104980,3.02,104480,3.01,104980,70243,66.9%,66464,1.58,46525,94482,59745,63.2%,56344,1.68,39441,89233,54496,61.1%,51284,1.74,35899,要検討: 15%OFF後 ×2.57 < 2.6
ハル ダイニングチェア,チェリー × ミルクブラウンレザー調（1脚）,f95de56dc5ae72dddab037a31ac85f58,ACTIVE,tier-core,chair,5372.0,未確認,未確認,未確認,未確認,1750,7122.0,推定(ckb_cost + ship_est),21980,3.09,21480,3.02,21980,14858,67.6%,14067,1.56,9847,19782,12660,64.0%,11948,1.66,8363,18683,11561,61.9%,10888,1.72,7622,OK
ハル ダイニングチェア,ウォールナット × グレーレザー調（1脚）,66534c50a2e84f7325295556bd51f753,ACTIVE,tier-core,chair,5372.0,未確認,未確認,未確認,未確認,1750,7122.0,推定(ckb_cost + ship_est),21980,3.09,21480,3.02,21980,14858,67.6%,14067,1.56,9847,19782,12660,64.0%,11948,1.66,8363,18683,11561,61.9%,10888,1.72,7622,OK
ハル ダイニングチェア,チェリー × ミルクブラウンレザー調（2脚セット）,ec1e80f521e6b25b48fd78902e3de0a0,ACTIVE,tier-core,chair,9871.0,未確認,未確認,未確認,未確認,1750,11621.0,推定(ckb_cost + ship_est),35480,3.05,34980,3.01,35480,23859,67.2%,22582,1.57,15807,31932,20311,63.6%,19161,1.67,13413,30158,18537,61.5%,17451,1.73,12216,要検討: 15%OFF後 ×2.60 < 2.6
ハル ダイニングチェア,ウォールナット × グレーレザー調（2脚セット）,4204cd6168b8b2ed94e1e2c636a4018a,ACTIVE,tier-core,chair,9871.0,未確認,未確認,未確認,未確認,1750,11621.0,推定(ckb_cost + ship_est),35480,3.05,34980,3.01,35480,23859,67.2%,22582,1.57,15807,31932,20311,63.6%,19161,1.67,13413,30158,18537,61.5%,17451,1.73,12216,要検討: 15%OFF後 ×2.60 < 2.6
バルーンドッグ オブジェ,ブルー / 幅21×奥行7.5×高さ18cm,994c4b086820abeb527a60044275e816,ACTIVE,tier-brand-builder,object,474.0,未確認,未確認,未確認,未確認,800,1274.0,推定(ckb_cost + ship_est),3980,3.12,3980,3.12,3980,2706,68.0%,2563,1.55,1794,3582,2308,64.4%,2179,1.64,1525,3383,2109,62.3%,1987,1.70,1391,OK
バルーンドッグ オブジェ,グリーン / 幅21×奥行7.5×高さ18cm,38abe9bb2c2e51270eabe1e756b45025,ACTIVE,tier-brand-builder,object,474.0,未確認,未確認,未確認,未確認,800,1274.0,推定(ckb_cost + ship_est),3980,3.12,3980,3.12,3980,2706,68.0%,2563,1.55,1794,3582,2308,64.4%,2179,1.64,1525,3383,2109,62.3%,1987,1.70,1391,OK
バルーンドッグ オブジェ,ピンク / 幅21×奥行7.5×高さ18cm,258167debc56c33ca4a6574e3d4236cb,ACTIVE,tier-brand-builder,object,474.0,未確認,未確認,未確認,未確認,800,1274.0,推定(ckb_cost + ship_est),3980,3.12,3980,3.12,3980,2706,68.0%,2563,1.55,1794,3582,2308,64.4%,2179,1.64,1525,3383,2109,62.3%,1987,1.70,1391,OK
バルーンドッグ オブジェ,マルチカラー / 幅21×奥行7.5×高さ18cm,79bd4179da79fb2fc982b60044e00385,ACTIVE,tier-brand-builder,object,474.0,未確認,未確認,未確認,未確認,800,1274.0,推定(ckb_cost + ship_est),3980,3.12,3980,3.12,3980,2706,68.0%,2563,1.55,1794,3582,2308,64.4%,2179,1.64,1525,3383,2109,62.3%,1987,1.70,1391,OK
バルーンドッグ オブジェ,ゴールド / 幅21×奥行7.5×高さ18cm,d9dc8606261849e776997393a0efe792,ACTIVE,tier-brand-builder,object,474.0,未確認,未確認,未確認,未確認,800,1274.0,推定(ckb_cost + ship_est),3980,3.12,3980,3.12,3980,2706,68.0%,2563,1.55,1794,3582,2308,64.4%,2179,1.64,1525,3383,2109,62.3%,1987,1.70,1391,OK
バルーンドッグ オブジェ,シルバー / 幅21×奥行7.5×高さ18cm,827a3e1539a7882340a1d41533f1426f,ACTIVE,tier-brand-builder,object,474.0,未確認,未確認,未確認,未確認,800,1274.0,推定(ckb_cost + ship_est),3980,3.12,3980,3.12,3980,2706,68.0%,2563,1.55,1794,3582,2308,64.4%,2179,1.64,1525,3383,2109,62.3%,1987,1.70,1391,OK
バルーンドッグ オブジェ,パールホワイト / 幅21×奥行7.5×高さ18cm,6066adc934248df629535895abc0c1e3,ACTIVE,tier-brand-builder,object,474.0,未確認,未確認,未確認,未確認,800,1274.0,推定(ckb_cost + ship_est),3980,3.12,3980,3.12,3980,2706,68.0%,2563,1.55,1794,3582,2308,64.4%,2179,1.64,1525,3383,2109,62.3%,1987,1.70,1391,OK
バルーンドッグ オブジェ,ブルーグレー / 幅21×奥行7.5×高さ18cm,7e898398eea72c7ecdcbcbb7206f2570,ACTIVE,tier-brand-builder,object,474.0,未確認,未確認,未確認,未確認,800,1274.0,推定(ckb_cost + ship_est),3980,3.12,3980,3.12,3980,2706,68.0%,2563,1.55,1794,3582,2308,64.4%,2179,1.64,1525,3383,2109,62.3%,1987,1.70,1391,OK
バルーンドッグ オブジェ,オレンジレッド / 幅21×奥行7.5×高さ18cm,e9dbf34cf81c5b6f1117b0d5c9ffbc08,ACTIVE,tier-brand-builder,object,474.0,未確認,未確認,未確認,未確認,800,1274.0,推定(ckb_cost + ship_est),3980,3.12,3980,3.12,3980,2706,68.0%,2563,1.55,1794,3582,2308,64.4%,2179,1.64,1525,3383,2109,62.3%,1987,1.70,1391,OK
パイピング クッション,ブラウン パイピング / 45×45cm（中材付き）,d8818d6dcb4b9335416a2f665e91fbfc,ACTIVE,tier-aov,cushion,1219.0,未確認,未確認,未確認,未確認,800,2019.0,推定(ckb_cost + ship_est),6480,3.21,6480,3.21,6480,4461,68.8%,4228,1.53,2959,5832,3813,65.4%,3603,1.62,2522,5508,3489,63.3%,3291,1.67,2303,OK
パイピング クッション,ブラウン フレンチフラワー / 45×45cm（中材付き）,f64d694128a7e0f3bef294c4ab0fbb96,ACTIVE,tier-aov,cushion,1219.0,未確認,未確認,未確認,未確認,800,2019.0,推定(ckb_cost + ship_est),6480,3.21,6480,3.21,6480,4461,68.8%,4228,1.53,2959,5832,3813,65.4%,3603,1.62,2522,5508,3489,63.3%,3291,1.67,2303,OK
パイピング クッション,ミルキーホワイト ダイヤキルト / 45×45cm（中材付き）,e999445af7f129580d529f89f2a7749c,ACTIVE,tier-aov,cushion,1219.0,未確認,未確認,未確認,未確認,800,2019.0,推定(ckb_cost + ship_est),6480,3.21,6480,3.21,6480,4461,68.8%,4228,1.53,2959,5832,3813,65.4%,3603,1.62,2522,5508,3489,63.3%,3291,1.67,2303,OK
パイピング クッション,オフホワイト フレンチフラワー / 45×45cm（中材付き）,6ee575faf01b93bc4aebd9b2d771e447,ACTIVE,tier-aov,cushion,1219.0,未確認,未確認,未確認,未確認,800,2019.0,推定(ckb_cost + ship_est),6480,3.21,6480,3.21,6480,4461,68.8%,4228,1.53,2959,5832,3813,65.4%,3603,1.62,2522,5508,3489,63.3%,3291,1.67,2303,OK
パイピング クッション,ブラウン ヘリンボーンチェック / 45×45cm（中材付き）,922262d1335c88bcf8489839816a654a,ACTIVE,tier-aov,cushion,1094.0,未確認,未確認,未確認,未確認,800,1894.0,推定(ckb_cost + ship_est),5980,3.16,5980,3.16,5980,4086,68.3%,3871,1.54,2710,5382,3488,64.8%,3294,1.63,2306,5083,3189,62.7%,3006,1.69,2104,OK
パイピング クッション,ミルクイエロー ブリック / 45×45cm（中材付き）,e80d1522c7098febd365e6050bd60f49,ACTIVE,tier-aov,cushion,1369.0,未確認,未確認,未確認,未確認,800,2169.0,推定(ckb_cost + ship_est),6980,3.22,6980,3.22,6980,4811,68.9%,4560,1.53,3192,6282,4113,65.5%,3887,1.62,2721,5933,3764,63.4%,3550,1.67,2485,OK
パイピング クッション,ライトカーキ カットフラワー / 45×45cm（中材付き）,b8092ba94a66a4acc00329edcad71b5d,ACTIVE,tier-aov,cushion,1094.0,未確認,未確認,未確認,未確認,800,1894.0,推定(ckb_cost + ship_est),5980,3.16,5980,3.16,5980,4086,68.3%,3871,1.54,2710,5382,3488,64.8%,3294,1.63,2306,5083,3189,62.7%,3006,1.69,2104,OK
パイピング クッション,カーキ ワイドストライプ / 45×45cm（中材付き）,2f84c3b5a775a450a8e9a227ab340528,ACTIVE,tier-aov,cushion,1219.0,未確認,未確認,未確認,未確認,800,2019.0,推定(ckb_cost + ship_est),6480,3.21,6480,3.21,6480,4461,68.8%,4228,1.53,2959,5832,3813,65.4%,3603,1.62,2522,5508,3489,63.3%,3291,1.67,2303,OK
ビス ダイニングチェア,ブラック × ベージュパッチワーク,40f54f66091edf591eec4114ea9d4a1e,ACTIVE,tier-core,chair,5947.0,未確認,未確認,未確認,未確認,1750,7697.0,推定(ckb_cost + ship_est),23480,3.05,23480,3.05,23480,15783,67.2%,14938,1.57,10456,21132,13435,63.6%,12674,1.67,8872,19958,12261,61.4%,11543,1.73,8080,要検討: 15%OFF後 ×2.59 < 2.6
ビス ダイニングチェア,ブラック × ブラックパッチワーク,127a25ce45be89cdebdc6f5737d9188c,ACTIVE,tier-core,chair,5947.0,未確認,未確認,未確認,未確認,1750,7697.0,推定(ckb_cost + ship_est),23480,3.05,23480,3.05,23480,15783,67.2%,14938,1.57,10456,21132,13435,63.6%,12674,1.67,8872,19958,12261,61.4%,11543,1.73,8080,要検討: 15%OFF後 ×2.59 < 2.6
ビス ダイニングチェア,ブラック × ベージュファブリック,470f2865fb2906169e1128531e04f974,ACTIVE,tier-core,chair,6697.0,未確認,未確認,未確認,未確認,1750,8447.0,推定(ckb_cost + ship_est),25980,3.08,25480,3.02,25980,17533,67.5%,16598,1.57,11618,23382,14935,63.9%,14093,1.66,9865,22083,13636,61.7%,12841,1.72,8989,OK
ビス ダイニングチェア,ブラック × オフホワイトファブリック,dc1f674d953fc4034a0b3081388bb714,ACTIVE,tier-core,chair,6697.0,未確認,未確認,未確認,未確認,1750,8447.0,推定(ckb_cost + ship_est),25980,3.08,25480,3.02,25980,17533,67.5%,16598,1.57,11618,23382,14935,63.9%,14093,1.66,9865,22083,13636,61.7%,12841,1.72,8989,OK
ビス ダイニングチェア,ダークウォールナット × ライスイエローファブリック,40fea582b71215b2350490e7403e206e,ACTIVE,tier-core,chair,6697.0,未確認,未確認,未確認,未確認,1750,8447.0,推定(ckb_cost + ship_est),25980,3.08,25480,3.02,25980,17533,67.5%,16598,1.57,11618,23382,14935,63.9%,14093,1.66,9865,22083,13636,61.7%,12841,1.72,8989,OK
ビス ダイニングチェア,ダークウォールナット × オフホワイトファブリック,23eb64717035be7c51dfd00be533c77b,ACTIVE,tier-core,chair,6697.0,未確認,未確認,未確認,未確認,1750,8447.0,推定(ckb_cost + ship_est),25980,3.08,25480,3.02,25980,17533,67.5%,16598,1.57,11618,23382,14935,63.9%,14093,1.66,9865,22083,13636,61.7%,12841,1.72,8989,OK
ビス ダイニングチェア,ダークウォールナット × ベージュパッチワーク,18dce98460fc8f94843bd61f9d234c7e,ACTIVE,tier-core,chair,5947.0,未確認,未確認,未確認,未確認,1750,7697.0,推定(ckb_cost + ship_est),23480,3.05,23480,3.05,23480,15783,67.2%,14938,1.57,10456,21132,13435,63.6%,12674,1.67,8872,19958,12261,61.4%,11543,1.73,8080,要検討: 15%OFF後 ×2.59 < 2.6
ビス ダイニングチェア,ダークウォールナット × ブラックパッチワーク,7eaf3594cd8b46c6b74a5b77fe49a7e1,ACTIVE,tier-core,chair,5947.0,未確認,未確認,未確認,未確認,1750,7697.0,推定(ckb_cost + ship_est),23480,3.05,23480,3.05,23480,15783,67.2%,14938,1.57,10456,21132,13435,63.6%,12674,1.67,8872,19958,12261,61.4%,11543,1.73,8080,要検討: 15%OFF後 ×2.59 < 2.6
ビス ダイニングチェア,ダークウォールナット × オレンジファブリック,f6e97e5b36057ef7be7f224f16127f41,ACTIVE,tier-core,chair,5947.0,未確認,未確認,未確認,未確認,1750,7697.0,推定(ckb_cost + ship_est),23480,3.05,23480,3.05,23480,15783,67.2%,14938,1.57,10456,21132,13435,63.6%,12674,1.67,8872,19958,12261,61.4%,11543,1.73,8080,要検討: 15%OFF後 ×2.59 < 2.6
ピボ テーブルランプ,レッド,4a9615e29629c2a3273780d0bf0c0f99,ACTIVE,tier-brand-builder,lighting,7496.0,未確認,未確認,未確認,未確認,1750,9246.0,推定(ckb_cost + ship_est),28480,3.08,27980,3.03,28480,19234,67.5%,18209,1.56,12746,25632,16386,63.9%,15463,1.66,10824,24208,14962,61.8%,14091,1.72,9863,OK
ピボ テーブルランプ,ダークグリーン,f2cace257776a331d6841064f744d08c,ACTIVE,tier-brand-builder,lighting,7496.0,未確認,未確認,未確認,未確認,1750,9246.0,推定(ckb_cost + ship_est),28480,3.08,27980,3.03,28480,19234,67.5%,18209,1.56,12746,25632,16386,63.9%,15463,1.66,10824,24208,14962,61.8%,14091,1.72,9863,OK
ピボ テーブルランプ,オレンジ,f3cd002bec518d3fb6b0c5336b7b413e,ACTIVE,tier-brand-builder,lighting,7496.0,未確認,未確認,未確認,未確認,1750,9246.0,推定(ckb_cost + ship_est),28480,3.08,27980,3.03,28480,19234,67.5%,18209,1.56,12746,25632,16386,63.9%,15463,1.66,10824,24208,14962,61.8%,14091,1.72,9863,OK
フェイクファー ブランケット,フェイクファーストライプ-クリームホワイト / 100×150cm,e983f9cfb6828b4645a902b69c2f810c,ACTIVE,tier-aov,textile,324.0,未確認,未確認,未確認,未確認,800,1124.0,推定(ckb_cost + ship_est),3480,3.1,3480,3.1,3480,2356,67.7%,2231,1.56,1562,3132,2008,64.1%,1895,1.65,1327,2958,1834,62.0%,1728,1.71,1209,OK
フェイクファー ブランケット,フェイクファーストライプ-クリームホワイト / 150×200cm,d2a5645fbbf6249fd82ecf74b898eaf7,ACTIVE,tier-aov,textile,549.0,未確認,未確認,未確認,未確認,800,1349.0,推定(ckb_cost + ship_est),4480,3.32,4480,3.32,4480,3131,69.9%,2970,1.51,2079,4032,2683,66.5%,2538,1.59,1776,3808,2459,64.6%,2322,1.64,1625,OK
フェイクファー ブランケット,フェイクファーストライプ-クリームホワイト / 180×200cm,5cd7e3bacba406bac4c6729e7a892299,ACTIVE,tier-aov,textile,624.0,未確認,未確認,未確認,未確認,800,1424.0,推定(ckb_cost + ship_est),4480,3.15,4480,3.15,4480,3056,68.2%,2895,1.55,2026,4032,2608,64.7%,2463,1.64,1724,3808,2384,62.6%,2247,1.69,1573,OK
フェイクファー ブランケット,フェイクファーストライプ-カーキ / 100×150cm,cad6c2b689bc2f50cd5d932eac52bfba,ACTIVE,tier-aov,textile,324.0,未確認,未確認,未確認,未確認,800,1124.0,推定(ckb_cost + ship_est),3480,3.1,3480,3.1,3480,2356,67.7%,2231,1.56,1562,3132,2008,64.1%,1895,1.65,1327,2958,1834,62.0%,1728,1.71,1209,OK
フェイクファー ブランケット,フェイクファーストライプ-カーキ / 150×200cm,eb92aa5bd7f4b97e87894944040ab635,ACTIVE,tier-aov,textile,549.0,未確認,未確認,未確認,未確認,800,1349.0,推定(ckb_cost + ship_est),4480,3.32,4480,3.32,4480,3131,69.9%,2970,1.51,2079,4032,2683,66.5%,2538,1.59,1776,3808,2459,64.6%,2322,1.64,1625,OK
フェイクファー ブランケット,フェイクファーストライプ-カーキ / 180×200cm,1e2a74b8fa053fd06b254c1a13e21917,ACTIVE,tier-aov,textile,624.0,未確認,未確認,未確認,未確認,800,1424.0,推定(ckb_cost + ship_est),4480,3.15,4480,3.15,4480,3056,68.2%,2895,1.55,2026,4032,2608,64.7%,2463,1.64,1724,3808,2384,62.6%,2247,1.69,1573,OK
フェイクファー ブランケット,フェイクファーストライプ-ダークグレー / 100×150cm,ef7f0159b57647335b52ff2199324d81,ACTIVE,tier-aov,textile,324.0,未確認,未確認,未確認,未確認,800,1124.0,推定(ckb_cost + ship_est),3480,3.1,3480,3.1,3480,2356,67.7%,2231,1.56,1562,3132,2008,64.1%,1895,1.65,1327,2958,1834,62.0%,1728,1.71,1209,OK
フェイクファー ブランケット,フェイクファーストライプ-ダークグレー / 150×200cm,b3503bd0f476df342afa45ed560f1e7a,ACTIVE,tier-aov,textile,549.0,未確認,未確認,未確認,未確認,800,1349.0,推定(ckb_cost + ship_est),4480,3.32,4480,3.32,4480,3131,69.9%,2970,1.51,2079,4032,2683,66.5%,2538,1.59,1776,3808,2459,64.6%,2322,1.64,1625,OK
フェイクファー ブランケット,フェイクファーストライプ-ダークグレー / 180×200cm,b8731d7437c74b9840c016fd69d394fa,ACTIVE,tier-aov,textile,624.0,未確認,未確認,未確認,未確認,800,1424.0,推定(ckb_cost + ship_est),4480,3.15,4480,3.15,4480,3056,68.2%,2895,1.55,2026,4032,2608,64.7%,2463,1.64,1724,3808,2384,62.6%,2247,1.69,1573,OK
フェイクファー ブランケット,フェイクファーストライプ-ライトグレー / 100×150cm,5621be7de738bdc3b454e2d3c513905e,ACTIVE,tier-aov,textile,324.0,未確認,未確認,未確認,未確認,800,1124.0,推定(ckb_cost + ship_est),3480,3.1,3480,3.1,3480,2356,67.7%,2231,1.56,1562,3132,2008,64.1%,1895,1.65,1327,2958,1834,62.0%,1728,1.71,1209,OK
フェイクファー ブランケット,フェイクファーストライプ-ライトグレー / 150×200cm,c3accbf3305de93ffc77f197970824c3,ACTIVE,tier-aov,textile,549.0,未確認,未確認,未確認,未確認,800,1349.0,推定(ckb_cost + ship_est),4480,3.32,4480,3.32,4480,3131,69.9%,2970,1.51,2079,4032,2683,66.5%,2538,1.59,1776,3808,2459,64.6%,2322,1.64,1625,OK
フェイクファー ブランケット,フェイクファーストライプ-ライトグレー / 180×200cm,935a0d5816288ee5398f22931588273f,ACTIVE,tier-aov,textile,624.0,未確認,未確認,未確認,未確認,800,1424.0,推定(ckb_cost + ship_est),4480,3.15,4480,3.15,4480,3056,68.2%,2895,1.55,2026,4032,2608,64.7%,2463,1.64,1724,3808,2384,62.6%,2247,1.69,1573,OK
フェイクファー ブランケット,フェイクファーストライプ-ピンク / 100×150cm,961447f0ebdc4ed8073bdbf1b1194649,ACTIVE,tier-aov,textile,324.0,未確認,未確認,未確認,未確認,800,1124.0,推定(ckb_cost + ship_est),3480,3.1,3480,3.1,3480,2356,67.7%,2231,1.56,1562,3132,2008,64.1%,1895,1.65,1327,2958,1834,62.0%,1728,1.71,1209,OK
フェイクファー ブランケット,フェイクファーストライプ-ピンク / 150×200cm,d38100db6b4de6e84cec2a2aa1e0b383,ACTIVE,tier-aov,textile,549.0,未確認,未確認,未確認,未確認,800,1349.0,推定(ckb_cost + ship_est),4480,3.32,4480,3.32,4480,3131,69.9%,2970,1.51,2079,4032,2683,66.5%,2538,1.59,1776,3808,2459,64.6%,2322,1.64,1625,OK
フェイクファー ブランケット,フェイクファーストライプ-ピンク / 180×200cm,9562e500e71761d4cfdd48903e856bd3,ACTIVE,tier-aov,textile,624.0,未確認,未確認,未確認,未確認,800,1424.0,推定(ckb_cost + ship_est),4480,3.15,4480,3.15,4480,3056,68.2%,2895,1.55,2026,4032,2608,64.7%,2463,1.64,1724,3808,2384,62.6%,2247,1.69,1573,OK
フェイクファー ブランケット,フェイクファーストライプ-フルーツグリーン / 100×150cm,0c2858c8271bcdc306931d3358271c66,ACTIVE,tier-aov,textile,324.0,未確認,未確認,未確認,未確認,800,1124.0,推定(ckb_cost + ship_est),3480,3.1,3480,3.1,3480,2356,67.7%,2231,1.56,1562,3132,2008,64.1%,1895,1.65,1327,2958,1834,62.0%,1728,1.71,1209,OK
フェイクファー ブランケット,フェイクファーストライプ-フルーツグリーン / 150×200cm,cfc43aa289e345b705e21f193a290122,ACTIVE,tier-aov,textile,549.0,未確認,未確認,未確認,未確認,800,1349.0,推定(ckb_cost + ship_est),4480,3.32,4480,3.32,4480,3131,69.9%,2970,1.51,2079,4032,2683,66.5%,2538,1.59,1776,3808,2459,64.6%,2322,1.64,1625,OK
フェイクファー ブランケット,フェイクファーストライプ-フルーツグリーン / 180×200cm,0d0bcb81ce73f807b8804b5076cdad00,ACTIVE,tier-aov,textile,624.0,未確認,未確認,未確認,未確認,800,1424.0,推定(ckb_cost + ship_est),4480,3.15,4480,3.15,4480,3056,68.2%,2895,1.55,2026,4032,2608,64.7%,2463,1.64,1724,3808,2384,62.6%,2247,1.69,1573,OK
フェイクファー ブランケット,フェイクファーストライプ-キャラメル / 100×150cm,d89bdd2b32c57d34de88ae20ffcbdbbe,ACTIVE,tier-aov,textile,324.0,未確認,未確認,未確認,未確認,800,1124.0,推定(ckb_cost + ship_est),3480,3.1,3480,3.1,3480,2356,67.7%,2231,1.56,1562,3132,2008,64.1%,1895,1.65,1327,2958,1834,62.0%,1728,1.71,1209,OK
フェイクファー ブランケット,フェイクファーストライプ-キャラメル / 150×200cm,f2bf4facb88d57e026c8ef3ed0839a98,ACTIVE,tier-aov,textile,549.0,未確認,未確認,未確認,未確認,800,1349.0,推定(ckb_cost + ship_est),4480,3.32,4480,3.32,4480,3131,69.9%,2970,1.51,2079,4032,2683,66.5%,2538,1.59,1776,3808,2459,64.6%,2322,1.64,1625,OK
フェイクファー ブランケット,フェイクファーストライプ-キャラメル / 180×200cm,4801cf62801f3d875f5678e0ece36469,ACTIVE,tier-aov,textile,624.0,未確認,未確認,未確認,未確認,800,1424.0,推定(ckb_cost + ship_est),4480,3.15,4480,3.15,4480,3056,68.2%,2895,1.55,2026,4032,2608,64.7%,2463,1.64,1724,3808,2384,62.6%,2247,1.69,1573,OK
フェイクファー ブランケット,フェイクファーストライプ-ブルー / 100×150cm,ff81abc9501768f632305d4ee8f39742,ACTIVE,tier-aov,textile,324.0,未確認,未確認,未確認,未確認,800,1124.0,推定(ckb_cost + ship_est),3480,3.1,3480,3.1,3480,2356,67.7%,2231,1.56,1562,3132,2008,64.1%,1895,1.65,1327,2958,1834,62.0%,1728,1.71,1209,OK
フェイクファー ブランケット,フェイクファーストライプ-ブルー / 150×200cm,a82c10cb9965aa01be6188d2ace920e0,ACTIVE,tier-aov,textile,549.0,未確認,未確認,未確認,未確認,800,1349.0,推定(ckb_cost + ship_est),4480,3.32,4480,3.32,4480,3131,69.9%,2970,1.51,2079,4032,2683,66.5%,2538,1.59,1776,3808,2459,64.6%,2322,1.64,1625,OK
フェイクファー ブランケット,フェイクファーストライプ-ブルー / 180×200cm,e1935a7a09805cba71df52da24f7116d,ACTIVE,tier-aov,textile,624.0,未確認,未確認,未確認,未確認,800,1424.0,推定(ckb_cost + ship_est),4480,3.15,4480,3.15,4480,3056,68.2%,2895,1.55,2026,4032,2608,64.7%,2463,1.64,1724,3808,2384,62.6%,2247,1.69,1573,OK
フェイクファー ブランケット,フェイクファーストライプ-ターメリックイエロー / 100×150cm,327bd51c72444e3414a91a64a9da2896,ACTIVE,tier-aov,textile,324.0,未確認,未確認,未確認,未確認,800,1124.0,推定(ckb_cost + ship_est),3480,3.1,3480,3.1,3480,2356,67.7%,2231,1.56,1562,3132,2008,64.1%,1895,1.65,1327,2958,1834,62.0%,1728,1.71,1209,OK
フェイクファー ブランケット,フェイクファーストライプ-ターメリックイエロー / 150×200cm,0f5576d828eee16041c802ec84715b87,ACTIVE,tier-aov,textile,549.0,未確認,未確認,未確認,未確認,800,1349.0,推定(ckb_cost + ship_est),4480,3.32,4480,3.32,4480,3131,69.9%,2970,1.51,2079,4032,2683,66.5%,2538,1.59,1776,3808,2459,64.6%,2322,1.64,1625,OK
フェイクファー ブランケット,フェイクファーストライプ-ターメリックイエロー / 180×200cm,9542c4e6f244ad5ae289368a369449a5,ACTIVE,tier-aov,textile,624.0,未確認,未確認,未確認,未確認,800,1424.0,推定(ckb_cost + ship_est),4480,3.15,4480,3.15,4480,3056,68.2%,2895,1.55,2026,4032,2608,64.7%,2463,1.64,1724,3808,2384,62.6%,2247,1.69,1573,OK
フェイクファー ブランケット,フェイクファーストライプ-ライトパープル / 100×150cm,3aa1f9d26861f0c3645ee3a3e51bc028,ACTIVE,tier-aov,textile,324.0,未確認,未確認,未確認,未確認,800,1124.0,推定(ckb_cost + ship_est),3480,3.1,3480,3.1,3480,2356,67.7%,2231,1.56,1562,3132,2008,64.1%,1895,1.65,1327,2958,1834,62.0%,1728,1.71,1209,OK
フェイクファー ブランケット,フェイクファーストライプ-ライトパープル / 150×200cm,1eccae5d97de019e00f4221da28f1c3f,ACTIVE,tier-aov,textile,549.0,未確認,未確認,未確認,未確認,800,1349.0,推定(ckb_cost + ship_est),4480,3.32,4480,3.32,4480,3131,69.9%,2970,1.51,2079,4032,2683,66.5%,2538,1.59,1776,3808,2459,64.6%,2322,1.64,1625,OK
フェイクファー ブランケット,フェイクファーストライプ-ライトパープル / 180×200cm,e80459fded21fd254cedb7f52adbe8ea,ACTIVE,tier-aov,textile,624.0,未確認,未確認,未確認,未確認,800,1424.0,推定(ckb_cost + ship_est),4480,3.15,4480,3.15,4480,3056,68.2%,2895,1.55,2026,4032,2608,64.7%,2463,1.64,1724,3808,2384,62.6%,2247,1.69,1573,OK
フラワー キャットタワー,花柄（花パーツ取り外し可）,fb7d098a2ec2110da668c161e1344f1f,ACTIVE,tier-core,cat-tower,6897.0,未確認,未確認,未確認,未確認,3500,10397.0,推定(ckb_cost + ship_est),31480,3.03,31480,3.03,31480,21083,67.0%,19950,1.58,13965,28332,17935,63.3%,16915,1.67,11841,26758,16361,61.1%,15398,1.74,10778,要検討: 15%OFF後 ×2.57 < 2.6
フラワー キャットタワー,ホワイト（花パーツ取り外し可）,fe5d75c6f93254e45c1becb57402bc81,ACTIVE,tier-core,cat-tower,6897.0,未確認,未確認,未確認,未確認,3500,10397.0,推定(ckb_cost + ship_est),31480,3.03,31480,3.03,31480,21083,67.0%,19950,1.58,13965,28332,17935,63.3%,16915,1.67,11841,26758,16361,61.1%,15398,1.74,10778,要検討: 15%OFF後 ×2.57 < 2.6
フラワー フロアクッション,ピンク / 直径50cm,2bd54ec1a89a8bdc734f1b05693653c4,ACTIVE,tier-aov,cushion,894.0,未確認,未確認,未確認,未確認,800,1694.0,推定(ckb_cost + ship_est),8480,5.01,5480,3.23,8480,6786,80.0%,6481,1.31,4537,7632,5938,77.8%,5663,1.35,3964,7208,5514,76.5%,5255,1.37,3678,OK
フラワー フロアクッション,ピンク / 直径40cm,63de84b56a8a6923bcb25dbaf4c318e3,ACTIVE,tier-aov,cushion,594.0,未確認,未確認,未確認,未確認,800,1394.0,推定(ckb_cost + ship_est),7480,5.37,4480,3.21,7480,6086,81.4%,5817,1.29,4072,6732,5338,79.3%,5096,1.32,3567,6358,4964,78.1%,4735,1.34,3315,OK
フラワー フロアクッション,イエロー / 直径50cm,b37b05b63a8197c0526904d5fce41ee0,ACTIVE,tier-aov,cushion,894.0,未確認,未確認,未確認,未確認,800,1694.0,推定(ckb_cost + ship_est),8480,5.01,5480,3.23,8480,6786,80.0%,6481,1.31,4537,7632,5938,77.8%,5663,1.35,3964,7208,5514,76.5%,5255,1.37,3678,OK
フラワー フロアクッション,イエロー / 直径40cm,5c7f336a7adf8976ae5c478b5608b81a,ACTIVE,tier-aov,cushion,594.0,未確認,未確認,未確認,未確認,800,1394.0,推定(ckb_cost + ship_est),7480,5.37,4480,3.21,7480,6086,81.4%,5817,1.29,4072,6732,5338,79.3%,5096,1.32,3567,6358,4964,78.1%,4735,1.34,3315,OK
フラワー フロアクッション,グレー / 直径50cm,ad2d5830a7985734a04c8a7d6fccaefe,ACTIVE,tier-aov,cushion,894.0,未確認,未確認,未確認,未確認,800,1694.0,推定(ckb_cost + ship_est),8480,5.01,5480,3.23,8480,6786,80.0%,6481,1.31,4537,7632,5938,77.8%,5663,1.35,3964,7208,5514,76.5%,5255,1.37,3678,OK
フラワー フロアクッション,グレー / 直径40cm,20035f21512475bd686fb24c7e99119b,ACTIVE,tier-aov,cushion,594.0,未確認,未確認,未確認,未確認,800,1394.0,推定(ckb_cost + ship_est),7480,5.37,4480,3.21,7480,6086,81.4%,5817,1.29,4072,6732,5338,79.3%,5096,1.32,3567,6358,4964,78.1%,4735,1.34,3315,OK
フラワー フロアクッション,グリーン / 直径50cm,19c4dca0b8d42491f406f3d1dcc2fe0a,ACTIVE,tier-aov,cushion,894.0,未確認,未確認,未確認,未確認,800,1694.0,推定(ckb_cost + ship_est),8480,5.01,5480,3.23,8480,6786,80.0%,6481,1.31,4537,7632,5938,77.8%,5663,1.35,3964,7208,5514,76.5%,5255,1.37,3678,OK
フラワー フロアクッション,グリーン / 直径40cm,730b1b4096305a288f8a15defb663f8c,ACTIVE,tier-aov,cushion,594.0,未確認,未確認,未確認,未確認,800,1394.0,推定(ckb_cost + ship_est),7480,5.37,4480,3.21,7480,6086,81.4%,5817,1.29,4072,6732,5338,79.3%,5096,1.32,3567,6358,4964,78.1%,4735,1.34,3315,OK
フラワーバッド テーブルランプ,充電式・タッチ式・3色調光 / レッド,d967da910e3b6ea7b627b1d9c288966c,ACTIVE,tier-core,lighting,469.0,未確認,未確認,未確認,未確認,1750,2219.0,推定(ckb_cost + ship_est),6980,3.15,6980,3.15,6980,4761,68.2%,4510,1.55,3157,6282,4063,64.7%,3837,1.64,2686,5933,3714,62.6%,3500,1.69,2450,OK
フラワーバッド テーブルランプ,充電式・タッチ式・3色調光 / ホワイト,c1ded289d3375253bdea2c25abf7cea3,ACTIVE,tier-core,lighting,469.0,未確認,未確認,未確認,未確認,1750,2219.0,推定(ckb_cost + ship_est),6980,3.15,6980,3.15,6980,4761,68.2%,4510,1.55,3157,6282,4063,64.7%,3837,1.64,2686,5933,3714,62.6%,3500,1.69,2450,OK
フラワーバッド テーブルランプ,充電式・タッチ式・3色調光 / ピンク,5c8ed019d1eb4dfa2f86c57e0ff40cfc,ACTIVE,tier-core,lighting,469.0,未確認,未確認,未確認,未確認,1750,2219.0,推定(ckb_cost + ship_est),6980,3.15,6980,3.15,6980,4761,68.2%,4510,1.55,3157,6282,4063,64.7%,3837,1.64,2686,5933,3714,62.6%,3500,1.69,2450,OK
フラワーバッド テーブルランプ,充電式・タッチ式・3色調光 / イエロー,5355a954c7015707872313a25e6206e3,ACTIVE,tier-core,lighting,469.0,未確認,未確認,未確認,未確認,1750,2219.0,推定(ckb_cost + ship_est),6980,3.15,6980,3.15,6980,4761,68.2%,4510,1.55,3157,6282,4063,64.7%,3837,1.64,2686,5933,3714,62.6%,3500,1.69,2450,OK
フランネル ブランケット,スペースグレイ / 100×150cm（約390g）,c4acced1debba629b67fea653ed982ab,ACTIVE,tier-aov,textile,299.0,未確認,未確認,未確認,未確認,800,1099.0,推定(ckb_cost + ship_est),3480,3.17,3480,3.17,3480,2381,68.4%,2256,1.54,1579,3132,2033,64.9%,1920,1.63,1344,2958,1859,62.8%,1753,1.69,1227,OK
フランネル ブランケット,スペースグレイ / 150×200cm（約820g）,452655176431a63bad1928eadefe92dd,ACTIVE,tier-aov,textile,574.0,未確認,未確認,未確認,未確認,800,1374.0,推定(ckb_cost + ship_est),4480,3.26,4480,3.26,4480,3106,69.3%,2945,1.52,2061,4032,2658,65.9%,2513,1.60,1759,3808,2434,63.9%,2297,1.66,1608,OK
フランネル ブランケット,スペースグレイ / 180×200cm（約950g）,4c641b92d632cc1367fe770d3c9b98a9,ACTIVE,tier-aov,textile,624.0,未確認,未確認,未確認,未確認,800,1424.0,推定(ckb_cost + ship_est),4480,3.15,4480,3.15,4480,3056,68.2%,2895,1.55,2026,4032,2608,64.7%,2463,1.64,1724,3808,2384,62.6%,2247,1.69,1573,OK
フランネル ブランケット,ピンキー / 100×150cm（約390g）,1196318b1d4cdae7e370dc0d5e2f93df,ACTIVE,tier-aov,textile,299.0,未確認,未確認,未確認,未確認,800,1099.0,推定(ckb_cost + ship_est),3480,3.17,3480,3.17,3480,2381,68.4%,2256,1.54,1579,3132,2033,64.9%,1920,1.63,1344,2958,1859,62.8%,1753,1.69,1227,OK
フランネル ブランケット,ピンキー / 150×200cm（約820g）,c646487cc16b82f676032ade9d67ff55,ACTIVE,tier-aov,textile,574.0,未確認,未確認,未確認,未確認,800,1374.0,推定(ckb_cost + ship_est),4480,3.26,4480,3.26,4480,3106,69.3%,2945,1.52,2061,4032,2658,65.9%,2513,1.60,1759,3808,2434,63.9%,2297,1.66,1608,OK
フランネル ブランケット,ピンキー / 180×200cm（約950g）,f1feee9899f613978975ee1adfaefe36,ACTIVE,tier-aov,textile,624.0,未確認,未確認,未確認,未確認,800,1424.0,推定(ckb_cost + ship_est),4480,3.15,4480,3.15,4480,3056,68.2%,2895,1.55,2026,4032,2608,64.7%,2463,1.64,1724,3808,2384,62.6%,2247,1.69,1573,OK
フランネル ブランケット,フルーツグリーン / 100×150cm（約390g）,2e8684b072b42006fb02724ee58d3213,ACTIVE,tier-aov,textile,299.0,未確認,未確認,未確認,未確認,800,1099.0,推定(ckb_cost + ship_est),3480,3.17,3480,3.17,3480,2381,68.4%,2256,1.54,1579,3132,2033,64.9%,1920,1.63,1344,2958,1859,62.8%,1753,1.69,1227,OK
フランネル ブランケット,フルーツグリーン / 150×200cm（約820g）,3251606a990845aef651d2ad9fadf748,ACTIVE,tier-aov,textile,574.0,未確認,未確認,未確認,未確認,800,1374.0,推定(ckb_cost + ship_est),4480,3.26,4480,3.26,4480,3106,69.3%,2945,1.52,2061,4032,2658,65.9%,2513,1.60,1759,3808,2434,63.9%,2297,1.66,1608,OK
フランネル ブランケット,フルーツグリーン / 180×200cm（約950g）,66d8ea11eba5ee0ce2b7b7b7b0e31660,ACTIVE,tier-aov,textile,624.0,未確認,未確認,未確認,未確認,800,1424.0,推定(ckb_cost + ship_est),4480,3.15,4480,3.15,4480,3056,68.2%,2895,1.55,2026,4032,2608,64.7%,2463,1.64,1724,3808,2384,62.6%,2247,1.69,1573,OK
フランネル ブランケット,カーキ / 100×150cm（約390g）,f9ec1cd11bafd890b7f55f59a789ff06,ACTIVE,tier-aov,textile,299.0,未確認,未確認,未確認,未確認,800,1099.0,推定(ckb_cost + ship_est),3480,3.17,3480,3.17,3480,2381,68.4%,2256,1.54,1579,3132,2033,64.9%,1920,1.63,1344,2958,1859,62.8%,1753,1.69,1227,OK
フランネル ブランケット,カーキ / 150×200cm（約820g）,c913286878c0dfb3693ccb409a458ddf,ACTIVE,tier-aov,textile,574.0,未確認,未確認,未確認,未確認,800,1374.0,推定(ckb_cost + ship_est),4480,3.26,4480,3.26,4480,3106,69.3%,2945,1.52,2061,4032,2658,65.9%,2513,1.60,1759,3808,2434,63.9%,2297,1.66,1608,OK
フランネル ブランケット,カーキ / 180×200cm（約950g）,dfb471855e0606419c6bef5bc00359fb,ACTIVE,tier-aov,textile,624.0,未確認,未確認,未確認,未確認,800,1424.0,推定(ckb_cost + ship_est),4480,3.15,4480,3.15,4480,3056,68.2%,2895,1.55,2026,4032,2608,64.7%,2463,1.64,1724,3808,2384,62.6%,2247,1.69,1573,OK
フランネル ブランケット,ブルーグレー / 100×150cm（約390g）,1197ee2cdeea09dccfbb51439b8b4f15,ACTIVE,tier-aov,textile,299.0,未確認,未確認,未確認,未確認,800,1099.0,推定(ckb_cost + ship_est),3480,3.17,3480,3.17,3480,2381,68.4%,2256,1.54,1579,3132,2033,64.9%,1920,1.63,1344,2958,1859,62.8%,1753,1.69,1227,OK
フランネル ブランケット,ブルーグレー / 150×200cm（約820g）,1d3ecc01bf4ae9cd69951920a662f826,ACTIVE,tier-aov,textile,574.0,未確認,未確認,未確認,未確認,800,1374.0,推定(ckb_cost + ship_est),4480,3.26,4480,3.26,4480,3106,69.3%,2945,1.52,2061,4032,2658,65.9%,2513,1.60,1759,3808,2434,63.9%,2297,1.66,1608,OK
フランネル ブランケット,ブルーグレー / 180×200cm（約950g）,4a3bc10f14e4c1ce6cd037cf909d4291,ACTIVE,tier-aov,textile,624.0,未確認,未確認,未確認,未確認,800,1424.0,推定(ckb_cost + ship_est),4480,3.15,4480,3.15,4480,3056,68.2%,2895,1.55,2026,4032,2608,64.7%,2463,1.64,1724,3808,2384,62.6%,2247,1.69,1573,OK
フランネル ブランケット,オフホワイト / 100×150cm（約390g）,55440b7f0d45a7a0fc14e08952a8d76d,ACTIVE,tier-aov,textile,299.0,未確認,未確認,未確認,未確認,800,1099.0,推定(ckb_cost + ship_est),3480,3.17,3480,3.17,3480,2381,68.4%,2256,1.54,1579,3132,2033,64.9%,1920,1.63,1344,2958,1859,62.8%,1753,1.69,1227,OK
フランネル ブランケット,オフホワイト / 150×200cm（約820g）,e47a06781d253236d1113288a722b998,ACTIVE,tier-aov,textile,574.0,未確認,未確認,未確認,未確認,800,1374.0,推定(ckb_cost + ship_est),4480,3.26,4480,3.26,4480,3106,69.3%,2945,1.52,2061,4032,2658,65.9%,2513,1.60,1759,3808,2434,63.9%,2297,1.66,1608,OK
フランネル ブランケット,オフホワイト / 180×200cm（約950g）,b6363a92b7a64b03eed32322b6515cb2,ACTIVE,tier-aov,textile,624.0,未確認,未確認,未確認,未確認,800,1424.0,推定(ckb_cost + ship_est),4480,3.15,4480,3.15,4480,3056,68.2%,2895,1.55,2026,4032,2608,64.7%,2463,1.64,1724,3808,2384,62.6%,2247,1.69,1573,OK
フランネル ブランケット,カラメル / 100×150cm（約390g）,e90ba25225f6287e4549dd2772c7dfbe,ACTIVE,tier-aov,textile,299.0,未確認,未確認,未確認,未確認,800,1099.0,推定(ckb_cost + ship_est),3480,3.17,3480,3.17,3480,2381,68.4%,2256,1.54,1579,3132,2033,64.9%,1920,1.63,1344,2958,1859,62.8%,1753,1.69,1227,OK
フランネル ブランケット,カラメル / 150×200cm（約820g）,db3b3aeed211745fd805473087efb4c0,ACTIVE,tier-aov,textile,574.0,未確認,未確認,未確認,未確認,800,1374.0,推定(ckb_cost + ship_est),4480,3.26,4480,3.26,4480,3106,69.3%,2945,1.52,2061,4032,2658,65.9%,2513,1.60,1759,3808,2434,63.9%,2297,1.66,1608,OK
フランネル ブランケット,カラメル / 180×200cm（約950g）,5007adb61e1ed4a493a48f67b171aa22,ACTIVE,tier-aov,textile,624.0,未確認,未確認,未確認,未確認,800,1424.0,推定(ckb_cost + ship_est),4480,3.15,4480,3.15,4480,3056,68.2%,2895,1.55,2026,4032,2608,64.7%,2463,1.64,1724,3808,2384,62.6%,2247,1.69,1573,OK
フランネル ブランケット,フォググレー / 100×150cm（約390g）,c4584d40eeed582143775e8ec675c943,ACTIVE,tier-aov,textile,299.0,未確認,未確認,未確認,未確認,800,1099.0,推定(ckb_cost + ship_est),3480,3.17,3480,3.17,3480,2381,68.4%,2256,1.54,1579,3132,2033,64.9%,1920,1.63,1344,2958,1859,62.8%,1753,1.69,1227,OK
フランネル ブランケット,フォググレー / 150×200cm（約820g）,142eb05285cad0a4ab99342734d5801d,ACTIVE,tier-aov,textile,574.0,未確認,未確認,未確認,未確認,800,1374.0,推定(ckb_cost + ship_est),4480,3.26,4480,3.26,4480,3106,69.3%,2945,1.52,2061,4032,2658,65.9%,2513,1.60,1759,3808,2434,63.9%,2297,1.66,1608,OK
フランネル ブランケット,フォググレー / 180×200cm（約950g）,bdfedfa8a7216b2b44d2c1f39498225e,ACTIVE,tier-aov,textile,624.0,未確認,未確認,未確認,未確認,800,1424.0,推定(ckb_cost + ship_est),4480,3.15,4480,3.15,4480,3056,68.2%,2895,1.55,2026,4032,2608,64.7%,2463,1.64,1724,3808,2384,62.6%,2247,1.69,1573,OK
フランネル ブランケット,ライトグレー / 100×150cm（約390g）,0aeadce8618637984c4ccdd619804b74,ACTIVE,tier-aov,textile,299.0,未確認,未確認,未確認,未確認,800,1099.0,推定(ckb_cost + ship_est),3480,3.17,3480,3.17,3480,2381,68.4%,2256,1.54,1579,3132,2033,64.9%,1920,1.63,1344,2958,1859,62.8%,1753,1.69,1227,OK
フランネル ブランケット,ライトグレー / 150×200cm（約820g）,0d4d0b49ecfad1aa9d9eecfa80d87361,ACTIVE,tier-aov,textile,574.0,未確認,未確認,未確認,未確認,800,1374.0,推定(ckb_cost + ship_est),4480,3.26,4480,3.26,4480,3106,69.3%,2945,1.52,2061,4032,2658,65.9%,2513,1.60,1759,3808,2434,63.9%,2297,1.66,1608,OK
フランネル ブランケット,ライトグレー / 180×200cm（約950g）,128863319c7884484770419caa56efa9,ACTIVE,tier-aov,textile,624.0,未確認,未確認,未確認,未確認,800,1424.0,推定(ckb_cost + ship_est),4480,3.15,4480,3.15,4480,3056,68.2%,2895,1.55,2026,4032,2608,64.7%,2463,1.64,1724,3808,2384,62.6%,2247,1.69,1573,OK
フランネル ブランケット,イエロー / 100×150cm（約390g）,d6bdcee64f5750d6950fab1173e82c0f,ACTIVE,tier-aov,textile,299.0,未確認,未確認,未確認,未確認,800,1099.0,推定(ckb_cost + ship_est),3480,3.17,3480,3.17,3480,2381,68.4%,2256,1.54,1579,3132,2033,64.9%,1920,1.63,1344,2958,1859,62.8%,1753,1.69,1227,OK
フランネル ブランケット,イエロー / 150×200cm（約820g）,0bfde4a02208f5e75f575e54cbb29e74,ACTIVE,tier-aov,textile,574.0,未確認,未確認,未確認,未確認,800,1374.0,推定(ckb_cost + ship_est),4480,3.26,4480,3.26,4480,3106,69.3%,2945,1.52,2061,4032,2658,65.9%,2513,1.60,1759,3808,2434,63.9%,2297,1.66,1608,OK
フランネル ブランケット,イエロー / 180×200cm（約950g）,83632dbf2bc5c22665ddaad80fcf3e78,ACTIVE,tier-aov,textile,624.0,未確認,未確認,未確認,未確認,800,1424.0,推定(ckb_cost + ship_est),4480,3.15,4480,3.15,4480,3056,68.2%,2895,1.55,2026,4032,2608,64.7%,2463,1.64,1724,3808,2384,62.6%,2247,1.69,1573,OK
フランネル ブランケット,バイオレット / 100×150cm（約390g）,1e44264a5c02b85dff99e19db7947ec5,ACTIVE,tier-aov,textile,299.0,未確認,未確認,未確認,未確認,800,1099.0,推定(ckb_cost + ship_est),3480,3.17,3480,3.17,3480,2381,68.4%,2256,1.54,1579,3132,2033,64.9%,1920,1.63,1344,2958,1859,62.8%,1753,1.69,1227,OK
フランネル ブランケット,バイオレット / 150×200cm（約820g）,019ce43de93970505071df6e000bf6cb,ACTIVE,tier-aov,textile,574.0,未確認,未確認,未確認,未確認,800,1374.0,推定(ckb_cost + ship_est),4480,3.26,4480,3.26,4480,3106,69.3%,2945,1.52,2061,4032,2658,65.9%,2513,1.60,1759,3808,2434,63.9%,2297,1.66,1608,OK
フランネル ブランケット,バイオレット / 180×200cm（約950g）,e9435186290cd889a961fef393727ba3,ACTIVE,tier-aov,textile,624.0,未確認,未確認,未確認,未確認,800,1424.0,推定(ckb_cost + ship_est),4480,3.15,4480,3.15,4480,3056,68.2%,2895,1.55,2026,4032,2608,64.7%,2463,1.64,1724,3808,2384,62.6%,2247,1.69,1573,OK
プラッシュ クッション,両面-Wパターンベージュ / 45* 45センチメートル（コアなし）,da7295269ce19e20aa497af582e1a0bb,DRAFT,tier-aov,cushion,344.0,未確認,未確認,未確認,未確認,800,1144.0,推定(ckb_cost + ship_est),3480,3.04,3480,3.04,3480,2336,67.1%,2211,1.57,1548,3132,1988,63.5%,1875,1.67,1313,2958,1814,61.3%,1708,1.73,1195,要検討: 15%OFF後 ×2.59 < 2.6
プラッシュ クッション,両面-W柄レザーパウダー / 45* 45センチメートル（コアなし）,a52fdeba31cb7e146072603005a52b5f,DRAFT,tier-aov,cushion,344.0,未確認,未確認,未確認,未確認,800,1144.0,推定(ckb_cost + ship_est),3480,3.04,3480,3.04,3480,2336,67.1%,2211,1.57,1548,3132,1988,63.5%,1875,1.67,1313,2958,1814,61.3%,1708,1.73,1195,要検討: 15%OFF後 ×2.59 < 2.6
プラッシュ クッション,両面-Wパターン、グレー / 45* 45センチメートル（コアなし）,4e792efd816ff3ab09bc87f3e70446e8,DRAFT,tier-aov,cushion,344.0,未確認,未確認,未確認,未確認,800,1144.0,推定(ckb_cost + ship_est),3480,3.04,3480,3.04,3480,2336,67.1%,2211,1.57,1548,3132,1988,63.5%,1875,1.67,1313,2958,1814,61.3%,1708,1.73,1195,要検討: 15%OFF後 ×2.59 < 2.6
プラッシュ クッション,両面-W柄、ライトブラウン / 45* 45センチメートル（コアなし）,8b6b1edfd7b7a99c731285c4f2e14ec6,DRAFT,tier-aov,cushion,344.0,未確認,未確認,未確認,未確認,800,1144.0,推定(ckb_cost + ship_est),3480,3.04,3480,3.04,3480,2336,67.1%,2211,1.57,1548,3132,1988,63.5%,1875,1.67,1313,2958,1814,61.3%,1708,1.73,1195,要検討: 15%OFF後 ×2.59 < 2.6
プラッシュ クッション,両面-A字型フラワーベージュ / 45* 45センチメートル（コアなし）,a85c759b184efcad7b292631d65261c8,DRAFT,tier-aov,cushion,299.0,未確認,未確認,未確認,未確認,800,1099.0,推定(ckb_cost + ship_est),3480,3.17,3480,3.17,3480,2381,68.4%,2256,1.54,1579,3132,2033,64.9%,1920,1.63,1344,2958,1859,62.8%,1753,1.69,1227,OK
プラッシュ クッション,両面-A字型フラワースキンパウダー / 45* 45センチメートル（コアなし）,66c8fe9c01869bc1f56eca6cfd39e7c6,DRAFT,tier-aov,cushion,299.0,未確認,未確認,未確認,未確認,800,1099.0,推定(ckb_cost + ship_est),3480,3.17,3480,3.17,3480,2381,68.4%,2256,1.54,1579,3132,2033,64.9%,1920,1.63,1344,2958,1859,62.8%,1753,1.69,1227,OK
プラッシュ クッション,両面-A字型フラワーグレー / 45* 45センチメートル（コアなし）,a99d9ae1654d2d71d6cddb4e2cff040d,DRAFT,tier-aov,cushion,299.0,未確認,未確認,未確認,未確認,800,1099.0,推定(ckb_cost + ship_est),3480,3.17,3480,3.17,3480,2381,68.4%,2256,1.54,1579,3132,2033,64.9%,1920,1.63,1344,2958,1859,62.8%,1753,1.69,1227,OK
プラッシュ クッション,両面-A字型フラワーライトブラウン / 45* 45センチメートル（コアなし）,17086de7d4f1140ae2512316522deb20,DRAFT,tier-aov,cushion,299.0,未確認,未確認,未確認,未確認,800,1099.0,推定(ckb_cost + ship_est),3480,3.17,3480,3.17,3480,2381,68.4%,2256,1.54,1579,3132,2033,64.9%,1920,1.63,1344,2958,1859,62.8%,1753,1.69,1227,OK
ベルベット クッション,ブラウン ブリック×スワロー / 45×45cm（中材付き）,6fd500457bd1f317ddc02d7b923b42b3,ACTIVE,tier-aov,cushion,1169.0,未確認,未確認,未確認,未確認,800,1969.0,推定(ckb_cost + ship_est),5980,3.04,5980,3.04,5980,4011,67.1%,3796,1.58,2657,5382,3413,63.4%,3219,1.67,2253,5083,3114,61.3%,2931,1.73,2052,要検討: 15%OFF後 ×2.58 < 2.6
ベルベット クッション,ブラウン ペンシルライン / 45×45cm（中材付き）,6aa6f7ab0481865d7d6e0bf7fc187b01,ACTIVE,tier-aov,cushion,1719.0,未確認,未確認,未確認,未確認,800,2519.0,推定(ckb_cost + ship_est),7980,3.17,7980,3.17,7980,5461,68.4%,5174,1.54,3622,7182,4663,64.9%,4404,1.63,3083,6783,4264,62.9%,4020,1.69,2814,OK
ベルベット クッション,ブラウン フォレストカット / 45×45cm（中材付き）,7056521c8f86ed6957cd85a002691079,ACTIVE,tier-aov,cushion,1119.0,未確認,未確認,未確認,未確認,800,1919.0,推定(ckb_cost + ship_est),5980,3.12,5980,3.12,5980,4061,67.9%,3846,1.55,2692,5382,3463,64.3%,3269,1.65,2288,5083,3164,62.2%,2981,1.71,2087,OK
ベルベット クッション,カーキ ブラッシュ / 45×45cm（中材付き）,bf72544adaf473a942916db1d2141e13,ACTIVE,tier-aov,cushion,1094.0,未確認,未確認,未確認,未確認,800,1894.0,推定(ckb_cost + ship_est),5980,3.16,5980,3.16,5980,4086,68.3%,3871,1.54,2710,5382,3488,64.8%,3294,1.63,2306,5083,3189,62.7%,3006,1.69,2104,OK
ベルベット クッション,ブラウン コーデュロイチェック / 45×45cm（中材付き）,fc5e2d506080f3c64a6f81271d29d5f4,ACTIVE,tier-aov,cushion,1694.0,未確認,未確認,未確認,未確認,800,2494.0,推定(ckb_cost + ship_est),7980,3.2,7980,3.2,7980,5486,68.7%,5199,1.53,3639,7182,4688,65.3%,4429,1.62,3101,6783,4289,63.2%,4045,1.68,2831,OK
ベルベット クッション,カーキ ベルベット / 45×45cm（中材付き）,87d03e70e06ae732ef0f1abd8affa152,ACTIVE,tier-aov,cushion,894.0,未確認,未確認,未確認,未確認,800,1694.0,推定(ckb_cost + ship_est),5480,3.23,5480,3.23,5480,3786,69.1%,3589,1.53,2512,4932,3238,65.7%,3060,1.61,2142,4658,2964,63.6%,2796,1.67,1957,OK
ベルベット クッション,ブラウン レースジオメトリック / 45×45cm（中材付き）,554cce8f88b4583bc3c5e7feeb2dbbca,ACTIVE,tier-aov,cushion,1494.0,未確認,未確認,未確認,未確認,800,2294.0,推定(ckb_cost + ship_est),6980,3.04,6980,3.04,6980,4686,67.1%,4435,1.57,3104,6282,3988,63.5%,3762,1.67,2633,5933,3639,61.3%,3425,1.73,2398,要検討: 15%OFF後 ×2.59 < 2.6
ベルベット クッション,カーキ バーチカルプリーツ / 45×45cm（中材付き）,41edc84f3cc23581fdfc96c5811b355f,ACTIVE,tier-aov,cushion,1144.0,未確認,未確認,未確認,未確認,800,1944.0,推定(ckb_cost + ship_est),5980,3.08,5980,3.08,5980,4036,67.5%,3821,1.57,2675,5382,3438,63.9%,3244,1.66,2271,5083,3139,61.8%,2956,1.72,2069,OK
ボア ラウンジチェア,ベージュ,0a0fc2d46443c2e16a54e3ff49f0d2bd,ACTIVE,tier-core,chair,1871.0,未確認,未確認,未確認,未確認,1750,3621.0,推定(ckb_cost + ship_est),16480,4.55,10980,3.03,16480,12859,78.0%,12266,1.34,8586,14832,11211,75.6%,10677,1.39,7474,14008,10387,74.2%,9883,1.42,6918,OK
ボア ラウンジチェア,グレー,56d9696e4dc74f4a7062e0af60f5b710,ACTIVE,tier-core,chair,1871.0,未確認,未確認,未確認,未確認,1750,3621.0,推定(ckb_cost + ship_est),16480,4.55,10980,3.03,16480,12859,78.0%,12266,1.34,8586,14832,11211,75.6%,10677,1.39,7474,14008,10387,74.2%,9883,1.42,6918,OK
ボア ラウンジチェア,フルーツグリーン,aa2ddd95d709c8ccb1d4c4cb849f4002,ACTIVE,tier-core,chair,1871.0,未確認,未確認,未確認,未確認,1750,3621.0,推定(ckb_cost + ship_est),16480,4.55,10980,3.03,16480,12859,78.0%,12266,1.34,8586,14832,11211,75.6%,10677,1.39,7474,14008,10387,74.2%,9883,1.42,6918,OK
ボア ラウンジチェア,イエロー,a6355ed0ed32e0a1c93d4c19610b9831,ACTIVE,tier-core,chair,1871.0,未確認,未確認,未確認,未確認,1750,3621.0,推定(ckb_cost + ship_est),16480,4.55,10980,3.03,16480,12859,78.0%,12266,1.34,8586,14832,11211,75.6%,10677,1.39,7474,14008,10387,74.2%,9883,1.42,6918,OK
ボア ラウンジチェア,カーキ,f2bc85459e87fd2567f20b614e5fd142,ACTIVE,tier-core,chair,1871.0,未確認,未確認,未確認,未確認,1750,3621.0,推定(ckb_cost + ship_est),16480,4.55,10980,3.03,16480,12859,78.0%,12266,1.34,8586,14832,11211,75.6%,10677,1.39,7474,14008,10387,74.2%,9883,1.42,6918,OK
ボア ラウンジチェア,グリーン,3ba42d820cbf5cc93a739139e10d7705,ACTIVE,tier-core,chair,1871.0,未確認,未確認,未確認,未確認,1750,3621.0,推定(ckb_cost + ship_est),16480,4.55,10980,3.03,16480,12859,78.0%,12266,1.34,8586,14832,11211,75.6%,10677,1.39,7474,14008,10387,74.2%,9883,1.42,6918,OK
ボア ラウンジチェア,ピンク,6cfc096b7b342f9737a86e61d5cddf2e,ACTIVE,tier-core,chair,1871.0,未確認,未確認,未確認,未確認,1750,3621.0,推定(ckb_cost + ship_est),16480,4.55,10980,3.03,16480,12859,78.0%,12266,1.34,8586,14832,11211,75.6%,10677,1.39,7474,14008,10387,74.2%,9883,1.42,6918,OK
ボア ラウンジチェア,パープル,379608d81e12eadc08063b43e5cc07cf,ACTIVE,tier-core,chair,1871.0,未確認,未確認,未確認,未確認,1750,3621.0,推定(ckb_cost + ship_est),16480,4.55,10980,3.03,16480,12859,78.0%,12266,1.34,8586,14832,11211,75.6%,10677,1.39,7474,14008,10387,74.2%,9883,1.42,6918,OK
ボア ラウンジチェア,ライトブルー,03b4705ba099fa466c30e537123d903f,ACTIVE,tier-core,chair,1871.0,未確認,未確認,未確認,未確認,1750,3621.0,推定(ckb_cost + ship_est),16480,4.55,10980,3.03,16480,12859,78.0%,12266,1.34,8586,14832,11211,75.6%,10677,1.39,7474,14008,10387,74.2%,9883,1.42,6918,OK
ボア ラウンジチェア,ブラウン,9b04a9e2ea4eaf2cb15ed2528450e69d,ACTIVE,tier-core,chair,1871.0,未確認,未確認,未確認,未確認,1750,3621.0,推定(ckb_cost + ship_est),16480,4.55,10980,3.03,16480,12859,78.0%,12266,1.34,8586,14832,11211,75.6%,10677,1.39,7474,14008,10387,74.2%,9883,1.42,6918,OK
マッシュルーム コードレステーブルランプ,タッチ式・3色調光 / ゴールド,50ff41261ae8e82cd2d346387eb4b6d6,ACTIVE,tier-brand-builder,lighting,1624.0,未確認,未確認,未確認,未確認,1750,3374.0,推定(ckb_cost + ship_est),10480,3.11,10480,3.11,10480,7106,67.8%,6729,1.56,4710,9432,6058,64.2%,5718,1.65,4003,8908,5534,62.1%,5213,1.71,3649,OK
マッシュルーム コードレステーブルランプ,タッチ式・3色調光 / シルバー,4da199691f98857117fa7b188dcd9858,ACTIVE,tier-brand-builder,lighting,1624.0,未確認,未確認,未確認,未確認,1750,3374.0,推定(ckb_cost + ship_est),10480,3.11,10480,3.11,10480,7106,67.8%,6729,1.56,4710,9432,6058,64.2%,5718,1.65,4003,8908,5534,62.1%,5213,1.71,3649,OK
マッシュルーム コードレステーブルランプ,タッチ式・3色調光 / ローズゴールド,74f1a59143a7e816aeb9990c394019a2,ACTIVE,tier-brand-builder,lighting,1624.0,未確認,未確認,未確認,未確認,1750,3374.0,推定(ckb_cost + ship_est),10480,3.11,10480,3.11,10480,7106,67.8%,6729,1.56,4710,9432,6058,64.2%,5718,1.65,4003,8908,5534,62.1%,5213,1.71,3649,OK
マッシュルーム コードレステーブルランプ,タッチ式・3色調光 / バーガンディ,2634ae17339667740d151c3ecb342a11,ACTIVE,tier-brand-builder,lighting,1624.0,未確認,未確認,未確認,未確認,1750,3374.0,推定(ckb_cost + ship_est),10480,3.11,10480,3.11,10480,7106,67.8%,6729,1.56,4710,9432,6058,64.2%,5718,1.65,4003,8908,5534,62.1%,5213,1.71,3649,OK
マッシュルーム コードレステーブルランプ,タッチ式・3色調光 / ダークグリーン,c35ba17c20ac64feee2c9561b04cbf81,ACTIVE,tier-brand-builder,lighting,1624.0,未確認,未確認,未確認,未確認,1750,3374.0,推定(ckb_cost + ship_est),10480,3.11,10480,3.11,10480,7106,67.8%,6729,1.56,4710,9432,6058,64.2%,5718,1.65,4003,8908,5534,62.1%,5213,1.71,3649,OK
マッシュルーム コードレステーブルランプ,タッチ式・3色調光 / ライムブルー,0626459e8d49f0b09793d5e42184c6b6,ACTIVE,tier-brand-builder,lighting,1624.0,未確認,未確認,未確認,未確認,1750,3374.0,推定(ckb_cost + ship_est),10480,3.11,10480,3.11,10480,7106,67.8%,6729,1.56,4710,9432,6058,64.2%,5718,1.65,4003,8908,5534,62.1%,5213,1.71,3649,OK
マッシュルーム コードレステーブルランプ,タッチ式・3色調光 / グレー,0321a46c69856508f6a0936ba1bc3f24,ACTIVE,tier-brand-builder,lighting,1624.0,未確認,未確認,未確認,未確認,1750,3374.0,推定(ckb_cost + ship_est),10480,3.11,10480,3.11,10480,7106,67.8%,6729,1.56,4710,9432,6058,64.2%,5718,1.65,4003,8908,5534,62.1%,5213,1.71,3649,OK
ミニ アラームクロック,エメラルド,96215d76d010f2bce216f9d25b42a668,ACTIVE,tier-aov,object,719.0,未確認,未確認,未確認,未確認,800,1519.0,推定(ckb_cost + ship_est),4980,3.28,4980,3.28,4980,3461,69.5%,3282,1.52,2297,4482,2963,66.1%,2802,1.60,1961,4233,2714,64.1%,2562,1.65,1793,OK
ミニ アラームクロック,ライトパープル,a90106aa715a3314950bbf33f04689f8,ACTIVE,tier-aov,object,719.0,未確認,未確認,未確認,未確認,800,1519.0,推定(ckb_cost + ship_est),4980,3.28,4980,3.28,4980,3461,69.5%,3282,1.52,2297,4482,2963,66.1%,2802,1.60,1961,4233,2714,64.1%,2562,1.65,1793,OK
ミニ アラームクロック,オフホワイト,8e3c7acb378cf2d2d55ae2e36d73683b,ACTIVE,tier-aov,object,719.0,未確認,未確認,未確認,未確認,800,1519.0,推定(ckb_cost + ship_est),4980,3.28,4980,3.28,4980,3461,69.5%,3282,1.52,2297,4482,2963,66.1%,2802,1.60,1961,4233,2714,64.1%,2562,1.65,1793,OK
ミニ アラームクロック,ピンク,d34f601bfbf06254c15df02d7d7da5b5,ACTIVE,tier-aov,object,719.0,未確認,未確認,未確認,未確認,800,1519.0,推定(ckb_cost + ship_est),4980,3.28,4980,3.28,4980,3461,69.5%,3282,1.52,2297,4482,2963,66.1%,2802,1.60,1961,4233,2714,64.1%,2562,1.65,1793,OK
モコ ラウンジチェア,コーデュロイ グリーン,63173a7685901fbd0c7cb7001128b9ee,ACTIVE,tier-brand-builder,chair,10445.0,未確認,未確認,未確認,未確認,1750,12195.0,推定(ckb_cost + ship_est),42480,3.48,36980,3.03,42480,30285,71.3%,28756,1.48,20129,38232,26037,68.1%,24661,1.55,17262,36108,23913,66.2%,22613,1.60,15829,OK
モコ ラウンジチェア,コーデュロイ ブラック,5b32b11e70a805b50f796508726ebeeb,ACTIVE,tier-brand-builder,chair,10445.0,未確認,未確認,未確認,未確認,1750,12195.0,推定(ckb_cost + ship_est),42480,3.48,36980,3.03,42480,30285,71.3%,28756,1.48,20129,38232,26037,68.1%,24661,1.55,17262,36108,23913,66.2%,22613,1.60,15829,OK
モコ ラウンジチェア,コーデュロイ ホワイト,e4c41b8d8d59f66b1c7917c8084f0dfe,ACTIVE,tier-brand-builder,chair,10445.0,未確認,未確認,未確認,未確認,1750,12195.0,推定(ckb_cost + ship_est),42480,3.48,36980,3.03,42480,30285,71.3%,28756,1.48,20129,38232,26037,68.1%,24661,1.55,17262,36108,23913,66.2%,22613,1.60,15829,OK
モコ ラウンジチェア,コーデュロイ キャラメル,f2123ac36bda669c3fa1ba7c9a3d2d54,ACTIVE,tier-brand-builder,chair,10445.0,未確認,未確認,未確認,未確認,1750,12195.0,推定(ckb_cost + ship_est),42480,3.48,36980,3.03,42480,30285,71.3%,28756,1.48,20129,38232,26037,68.1%,24661,1.55,17262,36108,23913,66.2%,22613,1.60,15829,OK
モコ ラウンジチェア,コーデュロイ ブルー,6d7c1d2d5fc36ef37c3541493f0dad97,ACTIVE,tier-brand-builder,chair,10445.0,未確認,未確認,未確認,未確認,1750,12195.0,推定(ckb_cost + ship_est),42480,3.48,36980,3.03,42480,30285,71.3%,28756,1.48,20129,38232,26037,68.1%,24661,1.55,17262,36108,23913,66.2%,22613,1.60,15829,OK
モコ ラウンジチェア,コーデュロイ オレンジ,c52362be9d60328c2754c8bd5b6f7a8e,ACTIVE,tier-brand-builder,chair,10445.0,未確認,未確認,未確認,未確認,1750,12195.0,推定(ckb_cost + ship_est),42480,3.48,36980,3.03,42480,30285,71.3%,28756,1.48,20129,38232,26037,68.1%,24661,1.55,17262,36108,23913,66.2%,22613,1.60,15829,OK
ルナ ウォールライト,電球色 / アンバー,a1fbf7b60e2bd020b62268f0acc8067d,DRAFT,tier-core,lighting,未確認,未確認,未確認,未確認,未確認,1750,未確認,原価待ち,9480,原価待ち,原価待ち,原価待ち,原価待ち,原価待ち,原価待ち,原価待ち,原価待ち,原価待ち,原価待ち,原価待ち,原価待ち,原価待ち,原価待ち,原価待ち,原価待ち,原価待ち,原価待ち,原価待ち,原価待ち,原価待ち,原価待ち
ルナ ウォールライト,電球色 / クリアブラック,4163a48a2e32e05c8c3cd43f5a104b31,DRAFT,tier-core,lighting,未確認,未確認,未確認,未確認,未確認,1750,未確認,原価待ち,9480,原価待ち,原価待ち,原価待ち,原価待ち,原価待ち,原価待ち,原価待ち,原価待ち,原価待ち,原価待ち,原価待ち,原価待ち,原価待ち,原価待ち,原価待ち,原価待ち,原価待ち,原価待ち,原価待ち,原価待ち,原価待ち,原価待ち
ルナ ウォールライト,電球色 / スモーキーグレー,92dcd1320191757f01b9d074e1781929,DRAFT,tier-core,lighting,未確認,未確認,未確認,未確認,未確認,1750,未確認,原価待ち,9480,原価待ち,原価待ち,原価待ち,原価待ち,原価待ち,原価待ち,原価待ち,原価待ち,原価待ち,原価待ち,原価待ち,原価待ち,原価待ち,原価待ち,原価待ち,原価待ち,原価待ち,原価待ち,原価待ち,原価待ち,原価待ち,原価待ち
ルナ ウォールライト,電球色 / クリアホワイト,1f6927e71cd84c1de52982a4e1ef3ef1,DRAFT,tier-core,lighting,未確認,未確認,未確認,未確認,未確認,1750,未確認,原価待ち,9480,原価待ち,原価待ち,原価待ち,原価待ち,原価待ち,原価待ち,原価待ち,原価待ち,原価待ち,原価待ち,原価待ち,原価待ち,原価待ち,原価待ち,原価待ち,原価待ち,原価待ち,原価待ち,原価待ち,原価待ち,原価待ち,原価待ち
ルナ ウォールライト,3色切替 / アンバー,8d8d2c7182276a6df84fbf6bed183fc5,DRAFT,tier-core,lighting,未確認,未確認,未確認,未確認,未確認,1750,未確認,原価待ち,9980,原価待ち,原価待ち,原価待ち,原価待ち,原価待ち,原価待ち,原価待ち,原価待ち,原価待ち,原価待ち,原価待ち,原価待ち,原価待ち,原価待ち,原価待ち,原価待ち,原価待ち,原価待ち,原価待ち,原価待ち,原価待ち,原価待ち
ルナ ウォールライト,3色切替 / クリアブラック,7ccd3a27929a58fb8829af6bb33831a4,DRAFT,tier-core,lighting,未確認,未確認,未確認,未確認,未確認,1750,未確認,原価待ち,9980,原価待ち,原価待ち,原価待ち,原価待ち,原価待ち,原価待ち,原価待ち,原価待ち,原価待ち,原価待ち,原価待ち,原価待ち,原価待ち,原価待ち,原価待ち,原価待ち,原価待ち,原価待ち,原価待ち,原価待ち,原価待ち,原価待ち
ルナ ウォールライト,3色切替 / スモーキーグレー,a0ecebc1599e7cb2d56e4ee18157ba93,DRAFT,tier-core,lighting,未確認,未確認,未確認,未確認,未確認,1750,未確認,原価待ち,9980,原価待ち,原価待ち,原価待ち,原価待ち,原価待ち,原価待ち,原価待ち,原価待ち,原価待ち,原価待ち,原価待ち,原価待ち,原価待ち,原価待ち,原価待ち,原価待ち,原価待ち,原価待ち,原価待ち,原価待ち,原価待ち,原価待ち
ルナ ウォールライト,3色切替 / クリアホワイト,bab0af12fef04105c5c95d00eab84dc2,DRAFT,tier-core,lighting,未確認,未確認,未確認,未確認,未確認,1750,未確認,原価待ち,9980,原価待ち,原価待ち,原価待ち,原価待ち,原価待ち,原価待ち,原価待ち,原価待ち,原価待ち,原価待ち,原価待ち,原価待ち,原価待ち,原価待ち,原価待ち,原価待ち,原価待ち,原価待ち,原価待ち,原価待ち,原価待ち,原価待ち
レジン スカルプチャーオブジェ,18CM マルセイユ,b9bd5c1034a5dcb2891e32a6a6df4368,ACTIVE,tier-aov,object,389.0,未確認,未確認,未確認,未確認,800,1189.0,推定(ckb_cost + ship_est),3980,3.35,3980,3.35,3980,2791,70.1%,2648,1.50,1853,3582,2393,66.8%,2264,1.58,1585,3383,2194,64.9%,2072,1.63,1451,OK
レジン スカルプチャーオブジェ,15センチデビッド,6f718b090047f87d13987ada61115234,ACTIVE,tier-aov,object,389.0,未確認,未確認,未確認,未確認,800,1189.0,推定(ckb_cost + ship_est),3980,3.35,3980,3.35,3980,2791,70.1%,2648,1.50,1853,3582,2393,66.8%,2264,1.58,1585,3383,2194,64.9%,2072,1.63,1451,OK
レジン スカルプチャーオブジェ,15センチメートルアポロ,c13c9a63c3ef9bf9efa4e8b75ab0e914,ACTIVE,tier-aov,object,389.0,未確認,未確認,未確認,未確認,800,1189.0,推定(ckb_cost + ship_est),3980,3.35,3980,3.35,3980,2791,70.1%,2648,1.50,1853,3582,2393,66.8%,2264,1.58,1585,3383,2194,64.9%,2072,1.63,1451,OK
ロロ サイドテーブル,イエロー,cc7f970733f1f71ee4a03c394c855fcb,ACTIVE,tier-brand-builder,table,3404.0,未確認,未確認,未確認,未確認,3500,6904.0,推定(ckb_cost + ship_est),20980,3.04,20980,3.04,20980,14076,67.1%,13321,1.57,9325,18882,11978,63.4%,11298,1.67,7909,17833,10929,61.3%,10287,1.73,7201,要検討: 15%OFF後 ×2.58 < 2.6
ロロ サイドテーブル,ブラック,95d874d1d07cb6db1f02970b435c6e62,ACTIVE,tier-brand-builder,table,3404.0,未確認,未確認,未確認,未確認,3500,6904.0,推定(ckb_cost + ship_est),20980,3.04,20980,3.04,20980,14076,67.1%,13321,1.57,9325,18882,11978,63.4%,11298,1.67,7909,17833,10929,61.3%,10287,1.73,7201,要検討: 15%OFF後 ×2.58 < 2.6
ロロ サイドテーブル,ホワイト,ef809f15a456dce687bdf9bca30f4a23,ACTIVE,tier-brand-builder,table,3404.0,未確認,未確認,未確認,未確認,3500,6904.0,推定(ckb_cost + ship_est),20980,3.04,20980,3.04,20980,14076,67.1%,13321,1.57,9325,18882,11978,63.4%,11298,1.67,7909,17833,10929,61.3%,10287,1.73,7201,要検討: 15%OFF後 ×2.58 < 2.6
ロンド コーヒーテーブル,ウォールナット × ブラック脚 50cm / 組み立て式,da2ba66aab28abeb0e68028421b986a5,ACTIVE,tier-core,table,5497.0,未確認,未確認,未確認,未確認,3500,8997.0,推定(ckb_cost + ship_est),27480,3.05,27480,3.05,27480,18483,67.3%,17494,1.57,12246,24732,15735,63.6%,14845,1.67,10391,23358,14361,61.5%,13520,1.73,9464,要検討: 15%OFF後 ×2.60 < 2.6
ロンド コーヒーテーブル,マットブラック × ブラック脚 50cm / 組み立て式,73e99259ea217a46565ce5c25895c775,ACTIVE,tier-core,table,5497.0,未確認,未確認,未確認,未確認,3500,8997.0,推定(ckb_cost + ship_est),27480,3.05,27480,3.05,27480,18483,67.3%,17494,1.57,12246,24732,15735,63.6%,14845,1.67,10391,23358,14361,61.5%,13520,1.73,9464,要検討: 15%OFF後 ×2.60 < 2.6
ロンド コーヒーテーブル,ホワイト × ブラック脚 50cm / 組み立て式,3ce337b18dce0b9cf2ac313d2f16567f,ACTIVE,tier-core,table,5497.0,未確認,未確認,未確認,未確認,3500,8997.0,推定(ckb_cost + ship_est),27480,3.05,27480,3.05,27480,18483,67.3%,17494,1.57,12246,24732,15735,63.6%,14845,1.67,10391,23358,14361,61.5%,13520,1.73,9464,要検討: 15%OFF後 ×2.60 < 2.6
ロンド コーヒーテーブル,ウォールナット × ホワイト脚 50cm / 組み立て式,dd73b33abda994be14ce76419b399f6a,ACTIVE,tier-core,table,5497.0,未確認,未確認,未確認,未確認,3500,8997.0,推定(ckb_cost + ship_est),27480,3.05,27480,3.05,27480,18483,67.3%,17494,1.57,12246,24732,15735,63.6%,14845,1.67,10391,23358,14361,61.5%,13520,1.73,9464,要検討: 15%OFF後 ×2.60 < 2.6
ロンド コーヒーテーブル,マットブラック × ホワイト脚 50cm / 組み立て式,a9762ad4df1c2ef94b333d036f15fb72,ACTIVE,tier-core,table,5497.0,未確認,未確認,未確認,未確認,3500,8997.0,推定(ckb_cost + ship_est),27480,3.05,27480,3.05,27480,18483,67.3%,17494,1.57,12246,24732,15735,63.6%,14845,1.67,10391,23358,14361,61.5%,13520,1.73,9464,要検討: 15%OFF後 ×2.60 < 2.6
ロンド コーヒーテーブル,ホワイト × ホワイト脚 50cm / 組み立て式,a7745707d9a29d49de867ad36b9300d3,ACTIVE,tier-core,table,5497.0,未確認,未確認,未確認,未確認,3500,8997.0,推定(ckb_cost + ship_est),27480,3.05,27480,3.05,27480,18483,67.3%,17494,1.57,12246,24732,15735,63.6%,14845,1.67,10391,23358,14361,61.5%,13520,1.73,9464,要検討: 15%OFF後 ×2.60 < 2.6
ロンド コーヒーテーブル,ウォールナット × ブラック脚 60cm / 組み立て式,01a6c2162acdfd3fb5bf6b9d4b7a38ec,ACTIVE,tier-core,table,6497.0,未確認,未確認,未確認,未確認,3500,9997.0,推定(ckb_cost + ship_est),30480,3.05,30480,3.05,30480,20483,67.2%,19386,1.57,13570,27432,17435,63.6%,16447,1.67,11513,25908,15911,61.4%,14978,1.73,10485,要検討: 15%OFF後 ×2.59 < 2.6
ロンド コーヒーテーブル,マットブラック × ブラック脚 60cm / 組み立て式,2e891102d31893d4ace0f0b308986ca0,ACTIVE,tier-core,table,6497.0,未確認,未確認,未確認,未確認,3500,9997.0,推定(ckb_cost + ship_est),30480,3.05,30480,3.05,30480,20483,67.2%,19386,1.57,13570,27432,17435,63.6%,16447,1.67,11513,25908,15911,61.4%,14978,1.73,10485,要検討: 15%OFF後 ×2.59 < 2.6
ロンド コーヒーテーブル,ウォールナット × ホワイト脚 60cm / 組み立て式,16579d5d3d8ae241b5e8f1cf0815b9b4,ACTIVE,tier-core,table,6497.0,未確認,未確認,未確認,未確認,3500,9997.0,推定(ckb_cost + ship_est),30480,3.05,30480,3.05,30480,20483,67.2%,19386,1.57,13570,27432,17435,63.6%,16447,1.67,11513,25908,15911,61.4%,14978,1.73,10485,要検討: 15%OFF後 ×2.59 < 2.6
ロンド コーヒーテーブル,ホワイト × ブラック脚 60cm / 組み立て式,370cd7ae54df6b3d0627793153b57e89,ACTIVE,tier-core,table,6497.0,未確認,未確認,未確認,未確認,3500,9997.0,推定(ckb_cost + ship_est),30480,3.05,30480,3.05,30480,20483,67.2%,19386,1.57,13570,27432,17435,63.6%,16447,1.67,11513,25908,15911,61.4%,14978,1.73,10485,要検討: 15%OFF後 ×2.59 < 2.6
ロンド コーヒーテーブル,マットブラック × ホワイト脚 60cm / 組み立て式,a5e3876532b73d5ccb8147858be445ce,ACTIVE,tier-core,table,6497.0,未確認,未確認,未確認,未確認,3500,9997.0,推定(ckb_cost + ship_est),30480,3.05,30480,3.05,30480,20483,67.2%,19386,1.57,13570,27432,17435,63.6%,16447,1.67,11513,25908,15911,61.4%,14978,1.73,10485,要検討: 15%OFF後 ×2.59 < 2.6
ロンド コーヒーテーブル,ホワイト × ホワイト脚 60cm / 組み立て式,3e7606c8d1f6da37581ab19849a34061,ACTIVE,tier-core,table,6497.0,未確認,未確認,未確認,未確認,3500,9997.0,推定(ckb_cost + ship_est),30480,3.05,30480,3.05,30480,20483,67.2%,19386,1.57,13570,27432,17435,63.6%,16447,1.67,11513,25908,15911,61.4%,14978,1.73,10485,要検討: 15%OFF後 ×2.59 < 2.6
手編みコースター,直径12センチのマウス,e4c1bbed3ed125e09f392c2835b64634,ACTIVE,tier-aov,object,299.0,未確認,未確認,未確認,未確認,800,1099.0,推定(ckb_cost + ship_est),3480,3.17,3480,3.17,3480,2381,68.4%,2256,1.54,1579,3132,2033,64.9%,1920,1.63,1344,2958,1859,62.8%,1753,1.69,1227,OK
手編みコースター,アプリコットリス直径12cm,4e26c52e09e526d4e4e7aa0a006e7b8e,ACTIVE,tier-aov,object,232.0,未確認,未確認,未確認,未確認,800,1032.0,推定(ckb_cost + ship_est),3480,3.37,3480,3.37,3480,2448,70.3%,2323,1.50,1626,3132,2100,67.0%,1987,1.58,1391,2958,1926,65.1%,1820,1.63,1274,OK
手編みコースター,カエルの直径は12cmです,f66ade5d5c4d93f26d8e63fce6e03096,ACTIVE,tier-aov,object,232.0,未確認,未確認,未確認,未確認,800,1032.0,推定(ckb_cost + ship_est),3480,3.37,3480,3.37,3480,2448,70.3%,2323,1.50,1626,3132,2100,67.0%,1987,1.58,1391,2958,1926,65.1%,1820,1.63,1274,OK
手編みコースター,直径12cmのピンクリス,d1950deb7ed9a7f3d33b9f283826ed36,ACTIVE,tier-aov,object,232.0,未確認,未確認,未確認,未確認,800,1032.0,推定(ckb_cost + ship_est),3480,3.37,3480,3.37,3480,2448,70.3%,2323,1.50,1626,3132,2100,67.0%,1987,1.58,1391,2958,1926,65.1%,1820,1.63,1274,OK
手編みコースター,トカゲ 12 センチ,985d44c5315c47c3f94288d945554b6f,ACTIVE,tier-aov,object,349.0,未確認,未確認,未確認,未確認,800,1149.0,推定(ckb_cost + ship_est),3980,3.46,3480,3.03,3980,2831,71.1%,2688,1.48,1881,3582,2433,67.9%,2304,1.55,1613,3383,2234,66.0%,2112,1.60,1479,OK
手編みコースター,12cm ダック,4df925651476dd0fc36d6f6c6ccc7afb,ACTIVE,tier-aov,object,232.0,未確認,未確認,未確認,未確認,800,1032.0,推定(ckb_cost + ship_est),3480,3.37,3480,3.37,3480,2448,70.3%,2323,1.50,1626,3132,2100,67.0%,1987,1.58,1391,2958,1926,65.1%,1820,1.63,1274,OK
手編みコースター,明るい色のカメ,8357c023c320a6691fc995f931fdea8f,ACTIVE,tier-aov,object,499.0,未確認,未確認,未確認,未確認,800,1299.0,推定(ckb_cost + ship_est),3980,3.06,3980,3.06,3980,2681,67.4%,2538,1.57,1776,3582,2283,63.7%,2154,1.66,1508,3383,2084,61.6%,1962,1.72,1374,OK
