product,product_id,status,tier,cat,variant,sku,price,price_10,price_15,n_variants,n_prices,price_min,price_max,ckb_cost_variant,ckb_cost_product_record,ship_domestic_cn,agent_qc,intl_ship,duty_tax,landed_variant,ship_bucket,ship_est,landed_product_est,mult_ref,cost_basis_usable
MORU フラワーラウンジ,10214219743472,ACTIVE,tier-hero,pet-bed,アイボリー,f89ed6c7183ca65547d2c2561819369f,9980,8982,8483,2,1,9980,9980,未確認,1381,未確認,未確認,未確認,未確認,未確認,中型,1750,3131,3.19,参考可(単一価格)
MORU フラワーラウンジ,10214219743472,ACTIVE,tier-hero,pet-bed,オリーブグリーン,476e297375c500bb15ef0aef7f8abb53,9980,8982,8483,2,1,9980,9980,未確認,1381,未確認,未確認,未確認,未確認,未確認,中型,1750,3131,3.19,参考可(単一価格)
アブストラクト オブジェ,10218008215792,DRAFT,tier-aov,object,ビッグコンビネーション [稲の耳]-M53,75ab49fe91f8127a9d33ca4f6f82f4c4,58980,53082,50133,21,15,4980,58980,未確認,799,未確認,未確認,未確認,未確認,未確認,小物,800,1599,36.89,参考不可(Variant価格が複数)
アブストラクト オブジェ,10218008215792,DRAFT,tier-aov,object,グループコンビネーション [スプリングハーベスト]-O21,34036f8d1a6f5bd05389ed4172858aad,22980,20682,19533,21,15,4980,58980,未確認,799,未確認,未確認,未確認,未確認,未確認,小物,800,1599,14.37,参考不可(Variant価格が複数)
アブストラクト オブジェ,10218008215792,DRAFT,tier-aov,object,グループコンビネーション [チンラン]-I56,6134b4c23d96e190b34ec02a4d2ae408,22480,20232,19108,21,15,4980,58980,未確認,799,未確認,未確認,未確認,未確認,未確認,小物,800,1599,14.06,参考不可(Variant価格が複数)
アブストラクト オブジェ,10218008215792,DRAFT,tier-aov,object,グループコンビネーション [ムヤン]-R65,197b0e8b7d429973acd263d74989b79c,18480,16632,15708,21,15,4980,58980,未確認,799,未確認,未確認,未確認,未確認,未確認,小物,800,1599,11.56,参考不可(Variant価格が複数)
アブストラクト オブジェ,10218008215792,DRAFT,tier-aov,object,コンビネーション [メープル]-O43,7aed9956f07f7d6c3d99ab34f4e9d199,44480,40032,37808,21,15,4980,58980,未確認,799,未確認,未確認,未確認,未確認,未確認,小物,800,1599,27.82,参考不可(Variant価格が複数)
アブストラクト オブジェ,10218008215792,DRAFT,tier-aov,object,グループコンビネーション [メープルリーフ]-N48,1a96be22bfb7f2f7155463a3fc1a4a2b,30480,27432,25908,21,15,4980,58980,未確認,799,未確認,未確認,未確認,未確認,未確認,小物,800,1599,19.06,参考不可(Variant価格が複数)
アブストラクト オブジェ,10218008215792,DRAFT,tier-aov,object,グループコンビネーション [プレーンスタイル]-O14,01aba7397719c00556a65d49ee19e6b4,26980,24282,22933,21,15,4980,58980,未確認,799,未確認,未確認,未確認,未確認,未確認,小物,800,1599,16.87,参考不可(Variant価格が複数)
アブストラクト オブジェ,10218008215792,DRAFT,tier-aov,object,白茶色のセラミックオーナメント1組-M17,ec536c2c6e56f150de44b47bcf2a59c2,11980,10782,10183,21,15,4980,58980,未確認,799,未確認,未確認,未確認,未確認,未確認,小物,800,1599,7.49,参考不可(Variant価格が複数)
アブストラクト オブジェ,10218008215792,DRAFT,tier-aov,object,特殊形状シェルセラミック-A35,747adb5c3a47a7c491a3239ec1294164,12980,11682,11033,21,15,4980,58980,未確認,799,未確認,未確認,未確認,未確認,未確認,小物,800,1599,8.12,参考不可(Variant価格が複数)
アブストラクト オブジェ,10218008215792,DRAFT,tier-aov,object,ラッキーキャットのペア-O11,cd92d5ec9a58941b12944db9f3cde68d,9480,8532,8058,21,15,4980,58980,未確認,799,未確認,未確認,未確認,未確認,未確認,小物,800,1599,5.93,参考不可(Variant価格が複数)
アブストラクト オブジェ,10218008215792,DRAFT,tier-aov,object,ノットデコレーション-H38,1bc403c2a05ed4a9bba330ff372bb6ed,9480,8532,8058,21,15,4980,58980,未確認,799,未確認,未確認,未確認,未確認,未確認,小物,800,1599,5.93,参考不可(Variant価格が複数)
アブストラクト オブジェ,10218008215792,DRAFT,tier-aov,object,コーヒー色のガラスの花瓶-A55,b414e97d924bc272ccfe7c39c6bc037c,6980,6282,5933,21,15,4980,58980,未確認,799,未確認,未確認,未確認,未確認,未確認,小物,800,1599,4.37,参考不可(Variant価格が複数)
アブストラクト オブジェ,10218008215792,DRAFT,tier-aov,object,白い双頭花瓶-E88,fb4d1081470264108ddbdd5ac726fce9,6480,5832,5508,21,15,4980,58980,未確認,799,未確認,未確認,未確認,未確認,未確認,小物,800,1599,4.05,参考不可(Variant価格が複数)
アブストラクト オブジェ,10218008215792,DRAFT,tier-aov,object,陶器コーヒーカップ-N66,658f9def757e31b83fefd579954a5238,6480,5832,5508,21,15,4980,58980,未確認,799,未確認,未確認,未確認,未確認,未確認,小物,800,1599,4.05,参考不可(Variant価格が複数)
アブストラクト オブジェ,10218008215792,DRAFT,tier-aov,object,スティックマンブックストップ-T78,b5e4f2f7e89931a952a531c6d20e7fa1,6980,6282,5933,21,15,4980,58980,未確認,799,未確認,未確認,未確認,未確認,未確認,小物,800,1599,4.37,参考不可(Variant価格が複数)
アブストラクト オブジェ,10218008215792,DRAFT,tier-aov,object,アインシュタイン原稿-C20,191ce5dc8d92c18f76292b4d245e1d11,9480,8532,8058,21,15,4980,58980,未確認,799,未確認,未確認,未確認,未確認,未確認,小物,800,1599,5.93,参考不可(Variant価格が複数)
アブストラクト オブジェ,10218008215792,DRAFT,tier-aov,object,シュラグ花瓶-レッドスモール-H63,f95267d75899a7db1cf00e8282954998,16980,15282,14433,21,15,4980,58980,未確認,799,未確認,未確認,未確認,未確認,未確認,小物,800,1599,10.62,参考不可(Variant価格が複数)
アブストラクト オブジェ,10218008215792,DRAFT,tier-aov,object,シュラグ花瓶-大-Q49,97f04c82685b8f9c9c228ab1f6196a53,18480,16632,15708,21,15,4980,58980,未確認,799,未確認,未確認,未確認,未確認,未確認,小物,800,1599,11.56,参考不可(Variant価格が複数)
アブストラクト オブジェ,10218008215792,DRAFT,tier-aov,object,スナグルフラワー花瓶-I72,7ba1fe4c9b7d035d2e77e89cfaec6ca1,9980,8982,8483,21,15,4980,58980,未確認,799,未確認,未確認,未確認,未確認,未確認,小物,800,1599,6.24,参考不可(Variant価格が複数)
アブストラクト オブジェ,10218008215792,DRAFT,tier-aov,object,マウンテンキャラクターセラミック-F30,2c429cd9ea2d1ca3e5eb14d52d357103,6980,6282,5933,21,15,4980,58980,未確認,799,未確認,未確認,未確認,未確認,未確認,小物,800,1599,4.37,参考不可(Variant価格が複数)
アブストラクト オブジェ,10218008215792,DRAFT,tier-aov,object,ポット型セラミック-K87,78c58ba6410473c63d66a2065a25196d,4980,4482,4233,21,15,4980,58980,未確認,799,未確認,未確認,未確認,未確認,未確認,小物,800,1599,3.11,参考不可(Variant価格が複数)
ガラスフラワー オブジェ,10218058285296,ACTIVE,tier-aov,object,ルビー（7点セット）,29d7e8cbcebfab5af9efca0ec2f23682,3980,3582,3383,5,1,3980,3980,未確認,70,未確認,未確認,未確認,未確認,未確認,小物,800,870,4.57,参考可(単一価格)
ガラスフラワー オブジェ,10218058285296,ACTIVE,tier-aov,object,ブルー（7点セット）,7b370f9a7f74641e87773b8735868386,3980,3582,3383,5,1,3980,3980,未確認,70,未確認,未確認,未確認,未確認,未確認,小物,800,870,4.57,参考可(単一価格)
ガラスフラワー オブジェ,10218058285296,ACTIVE,tier-aov,object,ピンク（7点セット）,7f19f1a9b72ba25c4af03320b63d2075,3980,3582,3383,5,1,3980,3980,未確認,70,未確認,未確認,未確認,未確認,未確認,小物,800,870,4.57,参考可(単一価格)
ガラスフラワー オブジェ,10218058285296,ACTIVE,tier-aov,object,ホワイト（7点セット）,4e3ef97bd8e412402af2f47ab63a30e1,3980,3582,3383,5,1,3980,3980,未確認,70,未確認,未確認,未確認,未確認,未確認,小物,800,870,4.57,参考可(単一価格)
ガラスフラワー オブジェ,10218058285296,ACTIVE,tier-aov,object,アンバー（7点セット）,dab3482fc0695768b2496f0f97c5e4ce,3980,3582,3383,5,1,3980,3980,未確認,70,未確認,未確認,未確認,未確認,未確認,小物,800,870,4.57,参考可(単一価格)
クラウド サイドテーブル,10218006315248,ACTIVE,tier-core,table,スターライトブラック（1段）,05570b9a124d02f2d3769d087d12019a,12480,11232,10608,3,1,12480,12480,未確認,565,未確認,未確認,未確認,未確認,未確認,大型,3500,4065,3.07,参考可(単一価格)
クラウド サイドテーブル,10218006315248,ACTIVE,tier-core,table,ミルキーホワイト（1段）,5b71a3dc3109a5c3443b343e30aaeb76,12480,11232,10608,3,1,12480,12480,未確認,565,未確認,未確認,未確認,未確認,未確認,大型,3500,4065,3.07,参考可(単一価格)
クラウド サイドテーブル,10218006315248,ACTIVE,tier-core,table,ウォールナット（1段）,dc56669e522c1955922bcd9dff5572be,12480,11232,10608,3,1,12480,12480,未確認,565,未確認,未確認,未確認,未確認,未確認,大型,3500,4065,3.07,参考可(単一価格)
クリアシェード テーブルランプ,10218006348016,ACTIVE,tier-aov,lighting,充電式・無段階調光 / クローム（クリアシェード）,9c4ed89e3487f9ce5f4c97186b090232,11480,10332,9758,3,1,11480,11480,未確認,1947,未確認,未確認,未確認,未確認,未確認,中型,1750,3697,3.11,参考可(単一価格)
クリアシェード テーブルランプ,10218006348016,ACTIVE,tier-aov,lighting,充電式・無段階調光 / バーガンディ（クリアシェード）,b809bb70178d3b8681fed393f957dc98,11480,10332,9758,3,1,11480,11480,未確認,1947,未確認,未確認,未確認,未確認,未確認,中型,1750,3697,3.11,参考可(単一価格)
クリアシェード テーブルランプ,10218006348016,ACTIVE,tier-aov,lighting,充電式・無段階調光 / パールブラック（クリアシェード）,baed95876fcacec127ef858731c7dc04,11480,10332,9758,3,1,11480,11480,未確認,1947,未確認,未確認,未確認,未確認,未確認,中型,1750,3697,3.11,参考可(単一価格)
コイル サイドテーブル,10218058318064,ACTIVE,tier-brand-builder,table,レモンイエロー / 全高45cm（天板径34cm）,ab07dcd0e56eb7ee717e2da9a3ac402d,33480,30132,28458,3,1,33480,33480,未確認,7513,未確認,未確認,未確認,未確認,未確認,大型,3500,11013,3.04,参考可(単一価格)
コイル サイドテーブル,10218058318064,ACTIVE,tier-brand-builder,table,トゥルーレッド / 全高45cm（天板径34cm）,8c1b2d9a7e72c188d438d40ddf490f56,33480,30132,28458,3,1,33480,33480,未確認,7513,未確認,未確認,未確認,未確認,未確認,大型,3500,11013,3.04,参考可(単一価格)
コイル サイドテーブル,10218058318064,ACTIVE,tier-brand-builder,table,グリーン / 全高45cm（天板径34cm）,3455466daef0d9268b82871cbe8c210c,33480,30132,28458,3,1,33480,33480,未確認,7513,未確認,未確認,未確認,未確認,未確認,大型,3500,11013,3.04,参考可(単一価格)
コーデュロイ フォールディングチェア,10218008084720,ACTIVE,tier-core,chair,ブラウン,cfba35e8e118f16f83ff476952758d2b,11480,10332,9758,5,1,11480,11480,未確認,1997,未確認,未確認,未確認,未確認,未確認,中型,1750,3747,3.06,参考可(単一価格)
コーデュロイ フォールディングチェア,10218008084720,ACTIVE,tier-core,chair,ピーコックブルー,b2e07986192be22f0732e2deb26a4121,11480,10332,9758,5,1,11480,11480,未確認,1997,未確認,未確認,未確認,未確認,未確認,中型,1750,3747,3.06,参考可(単一価格)
コーデュロイ フォールディングチェア,10218008084720,ACTIVE,tier-core,chair,オレンジ,b135c1eeb074ce7fa189ada712ece2f9,11480,10332,9758,5,1,11480,11480,未確認,1997,未確認,未確認,未確認,未確認,未確認,中型,1750,3747,3.06,参考可(単一価格)
コーデュロイ フォールディングチェア,10218008084720,ACTIVE,tier-core,chair,ピンク,c8fb2c55f4618676bee453bed599f9aa,11480,10332,9758,5,1,11480,11480,未確認,1997,未確認,未確認,未確認,未確認,未確認,中型,1750,3747,3.06,参考可(単一価格)
コーデュロイ フォールディングチェア,10218008084720,ACTIVE,tier-core,chair,オリーブグリーン,e562d7f8143adbced26b8edd39314da9,11480,10332,9758,5,1,11480,11480,未確認,1997,未確認,未確認,未確認,未確認,未確認,中型,1750,3747,3.06,参考可(単一価格)
ジオメトリック ブックスタンド,10218008150256,ACTIVE,tier-aov,object,ミッドセンチュリー ブックスタンド,1be0d3e140f8e8a6b08ace3037286484,8480,7632,7208,2,2,8480,9480,未確認,1972,未確認,未確認,未確認,未確認,未確認,小物,800,2772,3.06,参考不可(Variant価格が複数)
ジオメトリック ブックスタンド,10218008150256,ACTIVE,tier-aov,object,ミッドセンチュリー ブックスタンド+ダミーブック3冊,0976a78b31041ab45bd0e91144ccb408,9480,8532,8058,2,2,8480,9480,未確認,1972,未確認,未確認,未確認,未確認,未確認,小物,800,2772,3.42,参考不可(Variant価格が複数)
ジャカード 中綿付きクッション,10218057892080,ACTIVE,tier-aov,cushion,イエロー ウェーブ / 45×45cm（中材付き）,69a55069d32475d8c1cd19bfe9fec6ff,3980,3582,3383,5,1,3980,3980,未確認,238,未確認,未確認,未確認,未確認,未確認,小物,800,1038,3.83,参考可(単一価格)
ジャカード 中綿付きクッション,10218057892080,ACTIVE,tier-aov,cushion,イエロー ダイヤグリッド / 45×45cm（中材付き）,b1cffd17310b993326477bdfa88de12b,3980,3582,3383,5,1,3980,3980,未確認,238,未確認,未確認,未確認,未確認,未確認,小物,800,1038,3.83,参考可(単一価格)
ジャカード 中綿付きクッション,10218057892080,ACTIVE,tier-aov,cushion,イエロー スモールスクエア / 45×45cm（中材付き）,24f5a06e8b01eb11abc4c5edc9d552cb,3980,3582,3383,5,1,3980,3980,未確認,238,未確認,未確認,未確認,未確認,未確認,小物,800,1038,3.83,参考可(単一価格)
ジャカード 中綿付きクッション,10218057892080,ACTIVE,tier-aov,cushion,イエロー エコー / 45×45cm（中材付き）,45c2c2242560adb70d1480e42205ea8a,3980,3582,3383,5,1,3980,3980,未確認,238,未確認,未確認,未確認,未確認,未確認,小物,800,1038,3.83,参考可(単一価格)
ジャカード 中綿付きクッション,10218057892080,ACTIVE,tier-aov,cushion,イエロー ヘリンボーン / 45×45cm（中材付き）,24e86b5f2b68da1216806cd6af3928eb,3980,3582,3383,5,1,3980,3980,未確認,238,未確認,未確認,未確認,未確認,未確認,小物,800,1038,3.83,参考可(単一価格)
セラミック ブックエンド,10218008183024,ACTIVE,tier-aov,object,アーチライン ブックスタンド雑誌3冊付き パールホワイト,ba4eca5633219572344e574b5062107f,8480,7632,7208,4,2,7980,8480,未確認,1493,未確認,未確認,未確認,未確認,未確認,小物,800,2293,3.7,参考不可(Variant価格が複数)
セラミック ブックエンド,10218008183024,ACTIVE,tier-aov,object,アーチライン ブックスタンド雑誌3冊付き マットブラック,043c6ce59288f4e637dfe5184f318efa,8480,7632,7208,4,2,7980,8480,未確認,1493,未確認,未確認,未確認,未確認,未確認,小物,800,2293,3.7,参考不可(Variant価格が複数)
セラミック ブックエンド,10218008183024,ACTIVE,tier-aov,object,アーチライン ブックスタンド パールホワイト,a2c3760b1bc87363b76c29257054a1c5,7980,7182,6783,4,2,7980,8480,未確認,1493,未確認,未確認,未確認,未確認,未確認,小物,800,2293,3.48,参考不可(Variant価格が複数)
セラミック ブックエンド,10218008183024,ACTIVE,tier-aov,object,アーチライン ブックスタンド マットブラック,a17d885349ed46057d7d14d8f0a0e9bf,7980,7182,6783,4,2,7980,8480,未確認,1493,未確認,未確認,未確認,未確認,未確認,小物,800,2293,3.48,参考不可(Variant価格が複数)
セル サイドボード,10218006479088,ACTIVE,tier-core,storage,ホワイト Aタイプ / 幅50×奥行35×高さ52.5cm,9feb89d52da0cf51d6d50cf83f962590,33480,30132,28458,4,2,33480,34980,未確認,749,未確認,未確認,未確認,未確認,未確認,大型,3500,4249,7.88,参考不可(Variant価格が複数)
セル サイドボード,10218006479088,ACTIVE,tier-core,storage,ブラック Aタイプ / 幅50×奥行35×高さ52.5cm,ba0c178e35a349e64233449856c0c13f,33480,30132,28458,4,2,33480,34980,未確認,749,未確認,未確認,未確認,未確認,未確認,大型,3500,4249,7.88,参考不可(Variant価格が複数)
セル サイドボード,10218006479088,ACTIVE,tier-core,storage,ホワイト Bタイプ / 幅50×奥行35×高さ52.5cm,82ce2d2926ae52167411b53631bb6c60,34980,31482,29733,4,2,33480,34980,未確認,749,未確認,未確認,未確認,未確認,未確認,大型,3500,4249,8.23,参考不可(Variant価格が複数)
セル サイドボード,10218006479088,ACTIVE,tier-core,storage,ブラック Bタイプ / 幅50×奥行35×高さ52.5cm,c92a60f86cdf943ba40bfdeb2ca905f1,34980,31482,29733,4,2,33480,34980,未確認,749,未確認,未確認,未確認,未確認,未確認,大型,3500,4249,8.23,参考不可(Variant価格が複数)
セル モジュールキャビネット,10218009264368,DRAFT,tier-core,storage,シングル Aタイプ 幅75×奥行35×高さ70cm,45722313e1218e2f7ba24b599e052b1c,39480,35532,33558,5,4,39480,92480,未確認,3897,未確認,未確認,未確認,未確認,未確認,大型,3500,7397,5.34,参考不可(Variant価格が複数)
セル モジュールキャビネット,10218009264368,DRAFT,tier-core,storage,シングル Bタイプ 幅75×奥行35×高さ70cm,260fd4a5b8b793cae5dec5022f16aec5,46480,41832,39508,5,4,39480,92480,未確認,3897,未確認,未確認,未確認,未確認,未確認,大型,3500,7397,6.28,参考不可(Variant価格が複数)
セル モジュールキャビネット,10218009264368,DRAFT,tier-core,storage,シングル Cタイプ 幅75×奥行35×高さ70cm,9f8b62bce2483c8608d6d8de98334b41,50480,45432,42908,5,4,39480,92480,未確認,3897,未確認,未確認,未確認,未確認,未確認,大型,3500,7397,6.82,参考不可(Variant価格が複数)
セル モジュールキャビネット,10218009264368,DRAFT,tier-core,storage,ダブル Aタイプ 幅150×奥行35×高さ70cm,eb0fbfee661102f80b2ab299590804bc,92480,83232,78608,5,4,39480,92480,未確認,3897,未確認,未確認,未確認,未確認,未確認,大型,3500,7397,12.5,参考不可(Variant価格が複数)
セル モジュールキャビネット,10218009264368,DRAFT,tier-core,storage,ダブル Bタイプ 幅150×奥行35×高さ70cm,685bce782560abc0cd163f2f8013fee0,92480,83232,78608,5,4,39480,92480,未確認,3897,未確認,未確認,未確認,未確認,未確認,大型,3500,7397,12.5,参考不可(Variant価格が複数)
ソラ キャットハンモック,10218060906736,ACTIVE,tier-core,pet-furniture,ファブリック グレー,108b0dc0e0bad0bdf88b77370e3717fb,20480,18432,17408,4,1,20480,20480,未確認,,未確認,未確認,未確認,未確認,未確認,大型,3500,,,原価未記録
ソラ キャットハンモック,10218060906736,ACTIVE,tier-core,pet-furniture,ファブリック ベージュ,d52de93c868d7322a01e9bcfc6e7b7dc,20480,18432,17408,4,1,20480,20480,未確認,,未確認,未確認,未確認,未確認,未確認,大型,3500,,,原価未記録
ソラ キャットハンモック,10218060906736,ACTIVE,tier-core,pet-furniture,木製フレーム ベージュ（クッション付き）,4579d46734814c2073a47d9ffe183e32,20480,18432,17408,4,1,20480,20480,未確認,,未確認,未確認,未確認,未確認,未確認,大型,3500,,,原価未記録
ソラ キャットハンモック,10218060906736,ACTIVE,tier-core,pet-furniture,木製フレーム グレー（クッション付き）,d8093439f7aea64aef353acf897fbe58,20480,18432,17408,4,1,20480,20480,未確認,,未確認,未確認,未確認,未確認,未確認,大型,3500,,,原価未記録
ツインベル アラームクロック,10218008379632,ACTIVE,tier-aov,object,ホワイト,0d9069aadbf4ab17ccf3bddf69e4e3c8,5480,4932,4658,1,1,5480,5480,未確認,996,未確認,未確認,未確認,未確認,未確認,小物,800,1796,3.05,参考可(単一価格)
デュオ ナイトテーブル,10218006511856,ACTIVE,tier-core,storage,天然木 1連 / ラバーウッド × ステンレス天板,b2b0b5df37fa7f2eda9a39de857f5751,53480,48132,45458,4,2,53480,104980,未確認,14009,未確認,未確認,未確認,未確認,未確認,大型,3500,17509,3.05,参考不可(Variant価格が複数)
デュオ ナイトテーブル,10218006511856,ACTIVE,tier-core,storage,天然木 2連 / ラバーウッド × ステンレス天板,8d3b616f47d3c16429f7d4a73434e0a5,104980,94482,89233,4,2,53480,104980,未確認,14009,未確認,未確認,未確認,未確認,未確認,大型,3500,17509,6.0,参考不可(Variant価格が複数)
デュオ ナイトテーブル,10218006511856,ACTIVE,tier-core,storage,ブラック 1連 / ラバーウッド × ステンレス天板,5ed747e288c42486e0ed8e70951a2ab4,53480,48132,45458,4,2,53480,104980,未確認,14009,未確認,未確認,未確認,未確認,未確認,大型,3500,17509,3.05,参考不可(Variant価格が複数)
デュオ ナイトテーブル,10218006511856,ACTIVE,tier-core,storage,ブラック 2連 / ラバーウッド × ステンレス天板,fe24c5b36b8e11aea02d5888028d654f,104980,94482,89233,4,2,53480,104980,未確認,14009,未確認,未確認,未確認,未確認,未確認,大型,3500,17509,6.0,参考不可(Variant価格が複数)
ハル ダイニングチェア,10218009198832,ACTIVE,tier-core,chair,チェリー × ミルクブラウンレザー調（1脚）,f95de56dc5ae72dddab037a31ac85f58,21980,19782,18683,4,2,21980,35480,未確認,5367,未確認,未確認,未確認,未確認,未確認,中型,1750,7117,3.09,参考不可(Variant価格が複数)
ハル ダイニングチェア,10218009198832,ACTIVE,tier-core,chair,ウォールナット × グレーレザー調（1脚）,66534c50a2e84f7325295556bd51f753,21980,19782,18683,4,2,21980,35480,未確認,5367,未確認,未確認,未確認,未確認,未確認,中型,1750,7117,3.09,参考不可(Variant価格が複数)
ハル ダイニングチェア,10218009198832,ACTIVE,tier-core,chair,チェリー × ミルクブラウンレザー調（2脚セット）,ec1e80f521e6b25b48fd78902e3de0a0,35480,31932,30158,4,2,21980,35480,未確認,5367,未確認,未確認,未確認,未確認,未確認,中型,1750,7117,4.99,参考不可(Variant価格が複数)
ハル ダイニングチェア,10218009198832,ACTIVE,tier-core,chair,ウォールナット × グレーレザー調（2脚セット）,4204cd6168b8b2ed94e1e2c636a4018a,35480,31932,30158,4,2,21980,35480,未確認,5367,未確認,未確認,未確認,未確認,未確認,中型,1750,7117,4.99,参考不可(Variant価格が複数)
バルーンドッグ オブジェ,10218009329904,ACTIVE,tier-brand-builder,object,ブルー / 幅21×奥行7.5×高さ18cm,994c4b086820abeb527a60044275e816,3980,3582,3383,9,1,3980,3980,未確認,475,未確認,未確認,未確認,未確認,未確認,小物,800,1275,3.12,参考可(単一価格)
バルーンドッグ オブジェ,10218009329904,ACTIVE,tier-brand-builder,object,グリーン / 幅21×奥行7.5×高さ18cm,38abe9bb2c2e51270eabe1e756b45025,3980,3582,3383,9,1,3980,3980,未確認,475,未確認,未確認,未確認,未確認,未確認,小物,800,1275,3.12,参考可(単一価格)
バルーンドッグ オブジェ,10218009329904,ACTIVE,tier-brand-builder,object,ピンク / 幅21×奥行7.5×高さ18cm,258167debc56c33ca4a6574e3d4236cb,3980,3582,3383,9,1,3980,3980,未確認,475,未確認,未確認,未確認,未確認,未確認,小物,800,1275,3.12,参考可(単一価格)
バルーンドッグ オブジェ,10218009329904,ACTIVE,tier-brand-builder,object,マルチカラー / 幅21×奥行7.5×高さ18cm,79bd4179da79fb2fc982b60044e00385,3980,3582,3383,9,1,3980,3980,未確認,475,未確認,未確認,未確認,未確認,未確認,小物,800,1275,3.12,参考可(単一価格)
バルーンドッグ オブジェ,10218009329904,ACTIVE,tier-brand-builder,object,ゴールド / 幅21×奥行7.5×高さ18cm,d9dc8606261849e776997393a0efe792,3980,3582,3383,9,1,3980,3980,未確認,475,未確認,未確認,未確認,未確認,未確認,小物,800,1275,3.12,参考可(単一価格)
バルーンドッグ オブジェ,10218009329904,ACTIVE,tier-brand-builder,object,シルバー / 幅21×奥行7.5×高さ18cm,827a3e1539a7882340a1d41533f1426f,3980,3582,3383,9,1,3980,3980,未確認,475,未確認,未確認,未確認,未確認,未確認,小物,800,1275,3.12,参考可(単一価格)
バルーンドッグ オブジェ,10218009329904,ACTIVE,tier-brand-builder,object,パールホワイト / 幅21×奥行7.5×高さ18cm,6066adc934248df629535895abc0c1e3,3980,3582,3383,9,1,3980,3980,未確認,475,未確認,未確認,未確認,未確認,未確認,小物,800,1275,3.12,参考可(単一価格)
バルーンドッグ オブジェ,10218009329904,ACTIVE,tier-brand-builder,object,ブルーグレー / 幅21×奥行7.5×高さ18cm,7e898398eea72c7ecdcbcbb7206f2570,3980,3582,3383,9,1,3980,3980,未確認,475,未確認,未確認,未確認,未確認,未確認,小物,800,1275,3.12,参考可(単一価格)
バルーンドッグ オブジェ,10218009329904,ACTIVE,tier-brand-builder,object,オレンジレッド / 幅21×奥行7.5×高さ18cm,e9dbf34cf81c5b6f1117b0d5c9ffbc08,3980,3582,3383,9,1,3980,3980,未確認,475,未確認,未確認,未確認,未確認,未確認,小物,800,1275,3.12,参考可(単一価格)
パイピング クッション,10218008969456,ACTIVE,tier-aov,cushion,ブラウン パイピング / 45×45cm（中材付き）,d8818d6dcb4b9335416a2f665e91fbfc,6480,5832,5508,8,3,5980,6980,未確認,570,未確認,未確認,未確認,未確認,未確認,小物,800,1370,4.73,参考不可(Variant価格が複数)
パイピング クッション,10218008969456,ACTIVE,tier-aov,cushion,ブラウン フレンチフラワー / 45×45cm（中材付き）,f64d694128a7e0f3bef294c4ab0fbb96,6480,5832,5508,8,3,5980,6980,未確認,570,未確認,未確認,未確認,未確認,未確認,小物,800,1370,4.73,参考不可(Variant価格が複数)
パイピング クッション,10218008969456,ACTIVE,tier-aov,cushion,ミルキーホワイト ダイヤキルト / 45×45cm（中材付き）,e999445af7f129580d529f89f2a7749c,6480,5832,5508,8,3,5980,6980,未確認,570,未確認,未確認,未確認,未確認,未確認,小物,800,1370,4.73,参考不可(Variant価格が複数)
パイピング クッション,10218008969456,ACTIVE,tier-aov,cushion,オフホワイト フレンチフラワー / 45×45cm（中材付き）,6ee575faf01b93bc4aebd9b2d771e447,6480,5832,5508,8,3,5980,6980,未確認,570,未確認,未確認,未確認,未確認,未確認,小物,800,1370,4.73,参考不可(Variant価格が複数)
パイピング クッション,10218008969456,ACTIVE,tier-aov,cushion,ブラウン ヘリンボーンチェック / 45×45cm（中材付き）,922262d1335c88bcf8489839816a654a,5980,5382,5083,8,3,5980,6980,未確認,570,未確認,未確認,未確認,未確認,未確認,小物,800,1370,4.36,参考不可(Variant価格が複数)
パイピング クッション,10218008969456,ACTIVE,tier-aov,cushion,ミルクイエロー ブリック / 45×45cm（中材付き）,e80d1522c7098febd365e6050bd60f49,6980,6282,5933,8,3,5980,6980,未確認,570,未確認,未確認,未確認,未確認,未確認,小物,800,1370,5.09,参考不可(Variant価格が複数)
パイピング クッション,10218008969456,ACTIVE,tier-aov,cushion,ライトカーキ カットフラワー / 45×45cm（中材付き）,b8092ba94a66a4acc00329edcad71b5d,5980,5382,5083,8,3,5980,6980,未確認,570,未確認,未確認,未確認,未確認,未確認,小物,800,1370,4.36,参考不可(Variant価格が複数)
パイピング クッション,10218008969456,ACTIVE,tier-aov,cushion,カーキ ワイドストライプ / 45×45cm（中材付き）,2f84c3b5a775a450a8e9a227ab340528,6480,5832,5508,8,3,5980,6980,未確認,570,未確認,未確認,未確認,未確認,未確認,小物,800,1370,4.73,参考不可(Variant価格が複数)
ビス ダイニングチェア,10218009231600,ACTIVE,tier-core,chair,ブラック × ベージュパッチワーク,40f54f66091edf591eec4114ea9d4a1e,23480,21132,19958,9,2,23480,25980,未確認,5941,未確認,未確認,未確認,未確認,未確認,中型,1750,7691,3.05,参考不可(Variant価格が複数)
ビス ダイニングチェア,10218009231600,ACTIVE,tier-core,chair,ブラック × ブラックパッチワーク,127a25ce45be89cdebdc6f5737d9188c,23480,21132,19958,9,2,23480,25980,未確認,5941,未確認,未確認,未確認,未確認,未確認,中型,1750,7691,3.05,参考不可(Variant価格が複数)
ビス ダイニングチェア,10218009231600,ACTIVE,tier-core,chair,ブラック × ベージュファブリック,470f2865fb2906169e1128531e04f974,25980,23382,22083,9,2,23480,25980,未確認,5941,未確認,未確認,未確認,未確認,未確認,中型,1750,7691,3.38,参考不可(Variant価格が複数)
ビス ダイニングチェア,10218009231600,ACTIVE,tier-core,chair,ブラック × オフホワイトファブリック,dc1f674d953fc4034a0b3081388bb714,25980,23382,22083,9,2,23480,25980,未確認,5941,未確認,未確認,未確認,未確認,未確認,中型,1750,7691,3.38,参考不可(Variant価格が複数)
ビス ダイニングチェア,10218009231600,ACTIVE,tier-core,chair,ダークウォールナット × ライスイエローファブリック,40fea582b71215b2350490e7403e206e,25980,23382,22083,9,2,23480,25980,未確認,5941,未確認,未確認,未確認,未確認,未確認,中型,1750,7691,3.38,参考不可(Variant価格が複数)
ビス ダイニングチェア,10218009231600,ACTIVE,tier-core,chair,ダークウォールナット × オフホワイトファブリック,23eb64717035be7c51dfd00be533c77b,25980,23382,22083,9,2,23480,25980,未確認,5941,未確認,未確認,未確認,未確認,未確認,中型,1750,7691,3.38,参考不可(Variant価格が複数)
ビス ダイニングチェア,10218009231600,ACTIVE,tier-core,chair,ダークウォールナット × ベージュパッチワーク,18dce98460fc8f94843bd61f9d234c7e,23480,21132,19958,9,2,23480,25980,未確認,5941,未確認,未確認,未確認,未確認,未確認,中型,1750,7691,3.05,参考不可(Variant価格が複数)
ビス ダイニングチェア,10218009231600,ACTIVE,tier-core,chair,ダークウォールナット × ブラックパッチワーク,7eaf3594cd8b46c6b74a5b77fe49a7e1,23480,21132,19958,9,2,23480,25980,未確認,5941,未確認,未確認,未確認,未確認,未確認,中型,1750,7691,3.05,参考不可(Variant価格が複数)
ビス ダイニングチェア,10218009231600,ACTIVE,tier-core,chair,ダークウォールナット × オレンジファブリック,f6e97e5b36057ef7be7f224f16127f41,23480,21132,19958,9,2,23480,25980,未確認,5941,未確認,未確認,未確認,未確認,未確認,中型,1750,7691,3.05,参考不可(Variant価格が複数)
ピボ テーブルランプ,10218008510704,ACTIVE,tier-brand-builder,lighting,レッド,4a9615e29629c2a3273780d0bf0c0f99,28480,25632,24208,3,1,28480,28480,未確認,1049,未確認,未確認,未確認,未確認,未確認,中型,1750,2799,10.18,参考可(単一価格)
ピボ テーブルランプ,10218008510704,ACTIVE,tier-brand-builder,lighting,ダークグリーン,f2cace257776a331d6841064f744d08c,28480,25632,24208,3,1,28480,28480,未確認,1049,未確認,未確認,未確認,未確認,未確認,中型,1750,2799,10.18,参考可(単一価格)
ピボ テーブルランプ,10218008510704,ACTIVE,tier-brand-builder,lighting,オレンジ,f3cd002bec518d3fb6b0c5336b7b413e,28480,25632,24208,3,1,28480,28480,未確認,1049,未確認,未確認,未確認,未確認,未確認,中型,1750,2799,10.18,参考可(単一価格)
フェイクファー ブランケット,10218005397744,ACTIVE,tier-aov,textile,フェイクファーストライプ-クリームホワイト / 100×150cm,e983f9cfb6828b4645a902b69c2f810c,3480,3132,2958,30,2,3480,4480,未確認,200,未確認,未確認,未確認,未確認,未確認,小物,800,1000,3.48,参考不可(Variant価格が複数)
フェイクファー ブランケット,10218005397744,ACTIVE,tier-aov,textile,フェイクファーストライプ-クリームホワイト / 150×200cm,d2a5645fbbf6249fd82ecf74b898eaf7,4480,4032,3808,30,2,3480,4480,未確認,200,未確認,未確認,未確認,未確認,未確認,小物,800,1000,4.48,参考不可(Variant価格が複数)
フェイクファー ブランケット,10218005397744,ACTIVE,tier-aov,textile,フェイクファーストライプ-クリームホワイト / 180×200cm,5cd7e3bacba406bac4c6729e7a892299,4480,4032,3808,30,2,3480,4480,未確認,200,未確認,未確認,未確認,未確認,未確認,小物,800,1000,4.48,参考不可(Variant価格が複数)
フェイクファー ブランケット,10218005397744,ACTIVE,tier-aov,textile,フェイクファーストライプ-カーキ / 100×150cm,cad6c2b689bc2f50cd5d932eac52bfba,3480,3132,2958,30,2,3480,4480,未確認,200,未確認,未確認,未確認,未確認,未確認,小物,800,1000,3.48,参考不可(Variant価格が複数)
フェイクファー ブランケット,10218005397744,ACTIVE,tier-aov,textile,フェイクファーストライプ-カーキ / 150×200cm,eb92aa5bd7f4b97e87894944040ab635,4480,4032,3808,30,2,3480,4480,未確認,200,未確認,未確認,未確認,未確認,未確認,小物,800,1000,4.48,参考不可(Variant価格が複数)
フェイクファー ブランケット,10218005397744,ACTIVE,tier-aov,textile,フェイクファーストライプ-カーキ / 180×200cm,1e2a74b8fa053fd06b254c1a13e21917,4480,4032,3808,30,2,3480,4480,未確認,200,未確認,未確認,未確認,未確認,未確認,小物,800,1000,4.48,参考不可(Variant価格が複数)
フェイクファー ブランケット,10218005397744,ACTIVE,tier-aov,textile,フェイクファーストライプ-ダークグレー / 100×150cm,ef7f0159b57647335b52ff2199324d81,3480,3132,2958,30,2,3480,4480,未確認,200,未確認,未確認,未確認,未確認,未確認,小物,800,1000,3.48,参考不可(Variant価格が複数)
フェイクファー ブランケット,10218005397744,ACTIVE,tier-aov,textile,フェイクファーストライプ-ダークグレー / 150×200cm,b3503bd0f476df342afa45ed560f1e7a,4480,4032,3808,30,2,3480,4480,未確認,200,未確認,未確認,未確認,未確認,未確認,小物,800,1000,4.48,参考不可(Variant価格が複数)
フェイクファー ブランケット,10218005397744,ACTIVE,tier-aov,textile,フェイクファーストライプ-ダークグレー / 180×200cm,b8731d7437c74b9840c016fd69d394fa,4480,4032,3808,30,2,3480,4480,未確認,200,未確認,未確認,未確認,未確認,未確認,小物,800,1000,4.48,参考不可(Variant価格が複数)
フェイクファー ブランケット,10218005397744,ACTIVE,tier-aov,textile,フェイクファーストライプ-ライトグレー / 100×150cm,5621be7de738bdc3b454e2d3c513905e,3480,3132,2958,30,2,3480,4480,未確認,200,未確認,未確認,未確認,未確認,未確認,小物,800,1000,3.48,参考不可(Variant価格が複数)
フェイクファー ブランケット,10218005397744,ACTIVE,tier-aov,textile,フェイクファーストライプ-ライトグレー / 150×200cm,c3accbf3305de93ffc77f197970824c3,4480,4032,3808,30,2,3480,4480,未確認,200,未確認,未確認,未確認,未確認,未確認,小物,800,1000,4.48,参考不可(Variant価格が複数)
フェイクファー ブランケット,10218005397744,ACTIVE,tier-aov,textile,フェイクファーストライプ-ライトグレー / 180×200cm,935a0d5816288ee5398f22931588273f,4480,4032,3808,30,2,3480,4480,未確認,200,未確認,未確認,未確認,未確認,未確認,小物,800,1000,4.48,参考不可(Variant価格が複数)
フェイクファー ブランケット,10218005397744,ACTIVE,tier-aov,textile,フェイクファーストライプ-ピンク / 100×150cm,961447f0ebdc4ed8073bdbf1b1194649,3480,3132,2958,30,2,3480,4480,未確認,200,未確認,未確認,未確認,未確認,未確認,小物,800,1000,3.48,参考不可(Variant価格が複数)
フェイクファー ブランケット,10218005397744,ACTIVE,tier-aov,textile,フェイクファーストライプ-ピンク / 150×200cm,d38100db6b4de6e84cec2a2aa1e0b383,4480,4032,3808,30,2,3480,4480,未確認,200,未確認,未確認,未確認,未確認,未確認,小物,800,1000,4.48,参考不可(Variant価格が複数)
フェイクファー ブランケット,10218005397744,ACTIVE,tier-aov,textile,フェイクファーストライプ-ピンク / 180×200cm,9562e500e71761d4cfdd48903e856bd3,4480,4032,3808,30,2,3480,4480,未確認,200,未確認,未確認,未確認,未確認,未確認,小物,800,1000,4.48,参考不可(Variant価格が複数)
フェイクファー ブランケット,10218005397744,ACTIVE,tier-aov,textile,フェイクファーストライプ-フルーツグリーン / 100×150cm,0c2858c8271bcdc306931d3358271c66,3480,3132,2958,30,2,3480,4480,未確認,200,未確認,未確認,未確認,未確認,未確認,小物,800,1000,3.48,参考不可(Variant価格が複数)
フェイクファー ブランケット,10218005397744,ACTIVE,tier-aov,textile,フェイクファーストライプ-フルーツグリーン / 150×200cm,cfc43aa289e345b705e21f193a290122,4480,4032,3808,30,2,3480,4480,未確認,200,未確認,未確認,未確認,未確認,未確認,小物,800,1000,4.48,参考不可(Variant価格が複数)
フェイクファー ブランケット,10218005397744,ACTIVE,tier-aov,textile,フェイクファーストライプ-フルーツグリーン / 180×200cm,0d0bcb81ce73f807b8804b5076cdad00,4480,4032,3808,30,2,3480,4480,未確認,200,未確認,未確認,未確認,未確認,未確認,小物,800,1000,4.48,参考不可(Variant価格が複数)
フェイクファー ブランケット,10218005397744,ACTIVE,tier-aov,textile,フェイクファーストライプ-キャラメル / 100×150cm,d89bdd2b32c57d34de88ae20ffcbdbbe,3480,3132,2958,30,2,3480,4480,未確認,200,未確認,未確認,未確認,未確認,未確認,小物,800,1000,3.48,参考不可(Variant価格が複数)
フェイクファー ブランケット,10218005397744,ACTIVE,tier-aov,textile,フェイクファーストライプ-キャラメル / 150×200cm,f2bf4facb88d57e026c8ef3ed0839a98,4480,4032,3808,30,2,3480,4480,未確認,200,未確認,未確認,未確認,未確認,未確認,小物,800,1000,4.48,参考不可(Variant価格が複数)
フェイクファー ブランケット,10218005397744,ACTIVE,tier-aov,textile,フェイクファーストライプ-キャラメル / 180×200cm,4801cf62801f3d875f5678e0ece36469,4480,4032,3808,30,2,3480,4480,未確認,200,未確認,未確認,未確認,未確認,未確認,小物,800,1000,4.48,参考不可(Variant価格が複数)
フェイクファー ブランケット,10218005397744,ACTIVE,tier-aov,textile,フェイクファーストライプ-ブルー / 100×150cm,ff81abc9501768f632305d4ee8f39742,3480,3132,2958,30,2,3480,4480,未確認,200,未確認,未確認,未確認,未確認,未確認,小物,800,1000,3.48,参考不可(Variant価格が複数)
フェイクファー ブランケット,10218005397744,ACTIVE,tier-aov,textile,フェイクファーストライプ-ブルー / 150×200cm,a82c10cb9965aa01be6188d2ace920e0,4480,4032,3808,30,2,3480,4480,未確認,200,未確認,未確認,未確認,未確認,未確認,小物,800,1000,4.48,参考不可(Variant価格が複数)
フェイクファー ブランケット,10218005397744,ACTIVE,tier-aov,textile,フェイクファーストライプ-ブルー / 180×200cm,e1935a7a09805cba71df52da24f7116d,4480,4032,3808,30,2,3480,4480,未確認,200,未確認,未確認,未確認,未確認,未確認,小物,800,1000,4.48,参考不可(Variant価格が複数)
フェイクファー ブランケット,10218005397744,ACTIVE,tier-aov,textile,フェイクファーストライプ-ターメリックイエロー / 100×150cm,327bd51c72444e3414a91a64a9da2896,3480,3132,2958,30,2,3480,4480,未確認,200,未確認,未確認,未確認,未確認,未確認,小物,800,1000,3.48,参考不可(Variant価格が複数)
フェイクファー ブランケット,10218005397744,ACTIVE,tier-aov,textile,フェイクファーストライプ-ターメリックイエロー / 150×200cm,0f5576d828eee16041c802ec84715b87,4480,4032,3808,30,2,3480,4480,未確認,200,未確認,未確認,未確認,未確認,未確認,小物,800,1000,4.48,参考不可(Variant価格が複数)
フェイクファー ブランケット,10218005397744,ACTIVE,tier-aov,textile,フェイクファーストライプ-ターメリックイエロー / 180×200cm,9542c4e6f244ad5ae289368a369449a5,4480,4032,3808,30,2,3480,4480,未確認,200,未確認,未確認,未確認,未確認,未確認,小物,800,1000,4.48,参考不可(Variant価格が複数)
フェイクファー ブランケット,10218005397744,ACTIVE,tier-aov,textile,フェイクファーストライプ-ライトパープル / 100×150cm,3aa1f9d26861f0c3645ee3a3e51bc028,3480,3132,2958,30,2,3480,4480,未確認,200,未確認,未確認,未確認,未確認,未確認,小物,800,1000,3.48,参考不可(Variant価格が複数)
フェイクファー ブランケット,10218005397744,ACTIVE,tier-aov,textile,フェイクファーストライプ-ライトパープル / 150×200cm,1eccae5d97de019e00f4221da28f1c3f,4480,4032,3808,30,2,3480,4480,未確認,200,未確認,未確認,未確認,未確認,未確認,小物,800,1000,4.48,参考不可(Variant価格が複数)
フェイクファー ブランケット,10218005397744,ACTIVE,tier-aov,textile,フェイクファーストライプ-ライトパープル / 180×200cm,e80459fded21fd254cedb7f52adbe8ea,4480,4032,3808,30,2,3480,4480,未確認,200,未確認,未確認,未確認,未確認,未確認,小物,800,1000,4.48,参考不可(Variant価格が複数)
フラワー キャットタワー,10218060808432,ACTIVE,tier-core,cat-tower,花柄（花パーツ取り外し可）,fb7d098a2ec2110da668c161e1344f1f,31480,28332,26758,2,1,31480,31480,未確認,,未確認,未確認,未確認,未確認,未確認,大型,3500,,,原価未記録
フラワー キャットタワー,10218060808432,ACTIVE,tier-core,cat-tower,ホワイト（花パーツ取り外し可）,fe5d75c6f93254e45c1becb57402bc81,31480,28332,26758,2,1,31480,31480,未確認,,未確認,未確認,未確認,未確認,未確認,大型,3500,,,原価未記録
フラワー フロアクッション,10218057531632,ACTIVE,tier-aov,cushion,ピンク / 直径50cm,2bd54ec1a89a8bdc734f1b05693653c4,8480,7632,7208,8,2,7480,8480,未確認,595,未確認,未確認,未確認,未確認,未確認,小物,800,1395,6.08,参考不可(Variant価格が複数)
フラワー フロアクッション,10218057531632,ACTIVE,tier-aov,cushion,ピンク / 直径40cm,63de84b56a8a6923bcb25dbaf4c318e3,7480,6732,6358,8,2,7480,8480,未確認,595,未確認,未確認,未確認,未確認,未確認,小物,800,1395,5.36,参考不可(Variant価格が複数)
フラワー フロアクッション,10218057531632,ACTIVE,tier-aov,cushion,イエロー / 直径50cm,b37b05b63a8197c0526904d5fce41ee0,8480,7632,7208,8,2,7480,8480,未確認,595,未確認,未確認,未確認,未確認,未確認,小物,800,1395,6.08,参考不可(Variant価格が複数)
フラワー フロアクッション,10218057531632,ACTIVE,tier-aov,cushion,イエロー / 直径40cm,5c7f336a7adf8976ae5c478b5608b81a,7480,6732,6358,8,2,7480,8480,未確認,595,未確認,未確認,未確認,未確認,未確認,小物,800,1395,5.36,参考不可(Variant価格が複数)
フラワー フロアクッション,10218057531632,ACTIVE,tier-aov,cushion,グレー / 直径50cm,ad2d5830a7985734a04c8a7d6fccaefe,8480,7632,7208,8,2,7480,8480,未確認,595,未確認,未確認,未確認,未確認,未確認,小物,800,1395,6.08,参考不可(Variant価格が複数)
フラワー フロアクッション,10218057531632,ACTIVE,tier-aov,cushion,グレー / 直径40cm,20035f21512475bd686fb24c7e99119b,7480,6732,6358,8,2,7480,8480,未確認,595,未確認,未確認,未確認,未確認,未確認,小物,800,1395,5.36,参考不可(Variant価格が複数)
フラワー フロアクッション,10218057531632,ACTIVE,tier-aov,cushion,グリーン / 直径50cm,19c4dca0b8d42491f406f3d1dcc2fe0a,8480,7632,7208,8,2,7480,8480,未確認,595,未確認,未確認,未確認,未確認,未確認,小物,800,1395,6.08,参考不可(Variant価格が複数)
フラワー フロアクッション,10218057531632,ACTIVE,tier-aov,cushion,グリーン / 直径40cm,730b1b4096305a288f8a15defb663f8c,7480,6732,6358,8,2,7480,8480,未確認,595,未確認,未確認,未確認,未確認,未確認,小物,800,1395,5.36,参考不可(Variant価格が複数)
フラワーバッド テーブルランプ,10218006446320,ACTIVE,tier-core,lighting,充電式・タッチ式・3色調光 / レッド,d967da910e3b6ea7b627b1d9c288966c,6980,6282,5933,4,1,6980,6980,未確認,470,未確認,未確認,未確認,未確認,未確認,中型,1750,2220,3.14,参考可(単一価格)
フラワーバッド テーブルランプ,10218006446320,ACTIVE,tier-core,lighting,充電式・タッチ式・3色調光 / ホワイト,c1ded289d3375253bdea2c25abf7cea3,6980,6282,5933,4,1,6980,6980,未確認,470,未確認,未確認,未確認,未確認,未確認,中型,1750,2220,3.14,参考可(単一価格)
フラワーバッド テーブルランプ,10218006446320,ACTIVE,tier-core,lighting,充電式・タッチ式・3色調光 / ピンク,5c8ed019d1eb4dfa2f86c57e0ff40cfc,6980,6282,5933,4,1,6980,6980,未確認,470,未確認,未確認,未確認,未確認,未確認,中型,1750,2220,3.14,参考可(単一価格)
フラワーバッド テーブルランプ,10218006446320,ACTIVE,tier-core,lighting,充電式・タッチ式・3色調光 / イエロー,5355a954c7015707872313a25e6206e3,6980,6282,5933,4,1,6980,6980,未確認,470,未確認,未確認,未確認,未確認,未確認,中型,1750,2220,3.14,参考可(単一価格)
フランネル ブランケット,10218005364976,ACTIVE,tier-aov,textile,スペースグレイ / 100×150cm（約390g）,c4acced1debba629b67fea653ed982ab,3480,3132,2958,33,2,3480,4480,未確認,213,未確認,未確認,未確認,未確認,未確認,小物,800,1013,3.44,参考不可(Variant価格が複数)
フランネル ブランケット,10218005364976,ACTIVE,tier-aov,textile,スペースグレイ / 150×200cm（約820g）,452655176431a63bad1928eadefe92dd,4480,4032,3808,33,2,3480,4480,未確認,213,未確認,未確認,未確認,未確認,未確認,小物,800,1013,4.42,参考不可(Variant価格が複数)
フランネル ブランケット,10218005364976,ACTIVE,tier-aov,textile,スペースグレイ / 180×200cm（約950g）,4c641b92d632cc1367fe770d3c9b98a9,4480,4032,3808,33,2,3480,4480,未確認,213,未確認,未確認,未確認,未確認,未確認,小物,800,1013,4.42,参考不可(Variant価格が複数)
フランネル ブランケット,10218005364976,ACTIVE,tier-aov,textile,ピンキー / 100×150cm（約390g）,1196318b1d4cdae7e370dc0d5e2f93df,3480,3132,2958,33,2,3480,4480,未確認,213,未確認,未確認,未確認,未確認,未確認,小物,800,1013,3.44,参考不可(Variant価格が複数)
フランネル ブランケット,10218005364976,ACTIVE,tier-aov,textile,ピンキー / 150×200cm（約820g）,c646487cc16b82f676032ade9d67ff55,4480,4032,3808,33,2,3480,4480,未確認,213,未確認,未確認,未確認,未確認,未確認,小物,800,1013,4.42,参考不可(Variant価格が複数)
フランネル ブランケット,10218005364976,ACTIVE,tier-aov,textile,ピンキー / 180×200cm（約950g）,f1feee9899f613978975ee1adfaefe36,4480,4032,3808,33,2,3480,4480,未確認,213,未確認,未確認,未確認,未確認,未確認,小物,800,1013,4.42,参考不可(Variant価格が複数)
フランネル ブランケット,10218005364976,ACTIVE,tier-aov,textile,フルーツグリーン / 100×150cm（約390g）,2e8684b072b42006fb02724ee58d3213,3480,3132,2958,33,2,3480,4480,未確認,213,未確認,未確認,未確認,未確認,未確認,小物,800,1013,3.44,参考不可(Variant価格が複数)
フランネル ブランケット,10218005364976,ACTIVE,tier-aov,textile,フルーツグリーン / 150×200cm（約820g）,3251606a990845aef651d2ad9fadf748,4480,4032,3808,33,2,3480,4480,未確認,213,未確認,未確認,未確認,未確認,未確認,小物,800,1013,4.42,参考不可(Variant価格が複数)
フランネル ブランケット,10218005364976,ACTIVE,tier-aov,textile,フルーツグリーン / 180×200cm（約950g）,66d8ea11eba5ee0ce2b7b7b7b0e31660,4480,4032,3808,33,2,3480,4480,未確認,213,未確認,未確認,未確認,未確認,未確認,小物,800,1013,4.42,参考不可(Variant価格が複数)
フランネル ブランケット,10218005364976,ACTIVE,tier-aov,textile,カーキ / 100×150cm（約390g）,f9ec1cd11bafd890b7f55f59a789ff06,3480,3132,2958,33,2,3480,4480,未確認,213,未確認,未確認,未確認,未確認,未確認,小物,800,1013,3.44,参考不可(Variant価格が複数)
フランネル ブランケット,10218005364976,ACTIVE,tier-aov,textile,カーキ / 150×200cm（約820g）,c913286878c0dfb3693ccb409a458ddf,4480,4032,3808,33,2,3480,4480,未確認,213,未確認,未確認,未確認,未確認,未確認,小物,800,1013,4.42,参考不可(Variant価格が複数)
フランネル ブランケット,10218005364976,ACTIVE,tier-aov,textile,カーキ / 180×200cm（約950g）,dfb471855e0606419c6bef5bc00359fb,4480,4032,3808,33,2,3480,4480,未確認,213,未確認,未確認,未確認,未確認,未確認,小物,800,1013,4.42,参考不可(Variant価格が複数)
フランネル ブランケット,10218005364976,ACTIVE,tier-aov,textile,ブルーグレー / 100×150cm（約390g）,1197ee2cdeea09dccfbb51439b8b4f15,3480,3132,2958,33,2,3480,4480,未確認,213,未確認,未確認,未確認,未確認,未確認,小物,800,1013,3.44,参考不可(Variant価格が複数)
フランネル ブランケット,10218005364976,ACTIVE,tier-aov,textile,ブルーグレー / 150×200cm（約820g）,1d3ecc01bf4ae9cd69951920a662f826,4480,4032,3808,33,2,3480,4480,未確認,213,未確認,未確認,未確認,未確認,未確認,小物,800,1013,4.42,参考不可(Variant価格が複数)
フランネル ブランケット,10218005364976,ACTIVE,tier-aov,textile,ブルーグレー / 180×200cm（約950g）,4a3bc10f14e4c1ce6cd037cf909d4291,4480,4032,3808,33,2,3480,4480,未確認,213,未確認,未確認,未確認,未確認,未確認,小物,800,1013,4.42,参考不可(Variant価格が複数)
フランネル ブランケット,10218005364976,ACTIVE,tier-aov,textile,オフホワイト / 100×150cm（約390g）,55440b7f0d45a7a0fc14e08952a8d76d,3480,3132,2958,33,2,3480,4480,未確認,213,未確認,未確認,未確認,未確認,未確認,小物,800,1013,3.44,参考不可(Variant価格が複数)
フランネル ブランケット,10218005364976,ACTIVE,tier-aov,textile,オフホワイト / 150×200cm（約820g）,e47a06781d253236d1113288a722b998,4480,4032,3808,33,2,3480,4480,未確認,213,未確認,未確認,未確認,未確認,未確認,小物,800,1013,4.42,参考不可(Variant価格が複数)
フランネル ブランケット,10218005364976,ACTIVE,tier-aov,textile,オフホワイト / 180×200cm（約950g）,b6363a92b7a64b03eed32322b6515cb2,4480,4032,3808,33,2,3480,4480,未確認,213,未確認,未確認,未確認,未確認,未確認,小物,800,1013,4.42,参考不可(Variant価格が複数)
フランネル ブランケット,10218005364976,ACTIVE,tier-aov,textile,カラメル / 100×150cm（約390g）,e90ba25225f6287e4549dd2772c7dfbe,3480,3132,2958,33,2,3480,4480,未確認,213,未確認,未確認,未確認,未確認,未確認,小物,800,1013,3.44,参考不可(Variant価格が複数)
フランネル ブランケット,10218005364976,ACTIVE,tier-aov,textile,カラメル / 150×200cm（約820g）,db3b3aeed211745fd805473087efb4c0,4480,4032,3808,33,2,3480,4480,未確認,213,未確認,未確認,未確認,未確認,未確認,小物,800,1013,4.42,参考不可(Variant価格が複数)
フランネル ブランケット,10218005364976,ACTIVE,tier-aov,textile,カラメル / 180×200cm（約950g）,5007adb61e1ed4a493a48f67b171aa22,4480,4032,3808,33,2,3480,4480,未確認,213,未確認,未確認,未確認,未確認,未確認,小物,800,1013,4.42,参考不可(Variant価格が複数)
フランネル ブランケット,10218005364976,ACTIVE,tier-aov,textile,フォググレー / 100×150cm（約390g）,c4584d40eeed582143775e8ec675c943,3480,3132,2958,33,2,3480,4480,未確認,213,未確認,未確認,未確認,未確認,未確認,小物,800,1013,3.44,参考不可(Variant価格が複数)
フランネル ブランケット,10218005364976,ACTIVE,tier-aov,textile,フォググレー / 150×200cm（約820g）,142eb05285cad0a4ab99342734d5801d,4480,4032,3808,33,2,3480,4480,未確認,213,未確認,未確認,未確認,未確認,未確認,小物,800,1013,4.42,参考不可(Variant価格が複数)
フランネル ブランケット,10218005364976,ACTIVE,tier-aov,textile,フォググレー / 180×200cm（約950g）,bdfedfa8a7216b2b44d2c1f39498225e,4480,4032,3808,33,2,3480,4480,未確認,213,未確認,未確認,未確認,未確認,未確認,小物,800,1013,4.42,参考不可(Variant価格が複数)
フランネル ブランケット,10218005364976,ACTIVE,tier-aov,textile,ライトグレー / 100×150cm（約390g）,0aeadce8618637984c4ccdd619804b74,3480,3132,2958,33,2,3480,4480,未確認,213,未確認,未確認,未確認,未確認,未確認,小物,800,1013,3.44,参考不可(Variant価格が複数)
フランネル ブランケット,10218005364976,ACTIVE,tier-aov,textile,ライトグレー / 150×200cm（約820g）,0d4d0b49ecfad1aa9d9eecfa80d87361,4480,4032,3808,33,2,3480,4480,未確認,213,未確認,未確認,未確認,未確認,未確認,小物,800,1013,4.42,参考不可(Variant価格が複数)
フランネル ブランケット,10218005364976,ACTIVE,tier-aov,textile,ライトグレー / 180×200cm（約950g）,128863319c7884484770419caa56efa9,4480,4032,3808,33,2,3480,4480,未確認,213,未確認,未確認,未確認,未確認,未確認,小物,800,1013,4.42,参考不可(Variant価格が複数)
フランネル ブランケット,10218005364976,ACTIVE,tier-aov,textile,イエロー / 100×150cm（約390g）,d6bdcee64f5750d6950fab1173e82c0f,3480,3132,2958,33,2,3480,4480,未確認,213,未確認,未確認,未確認,未確認,未確認,小物,800,1013,3.44,参考不可(Variant価格が複数)
フランネル ブランケット,10218005364976,ACTIVE,tier-aov,textile,イエロー / 150×200cm（約820g）,0bfde4a02208f5e75f575e54cbb29e74,4480,4032,3808,33,2,3480,4480,未確認,213,未確認,未確認,未確認,未確認,未確認,小物,800,1013,4.42,参考不可(Variant価格が複数)
フランネル ブランケット,10218005364976,ACTIVE,tier-aov,textile,イエロー / 180×200cm（約950g）,83632dbf2bc5c22665ddaad80fcf3e78,4480,4032,3808,33,2,3480,4480,未確認,213,未確認,未確認,未確認,未確認,未確認,小物,800,1013,4.42,参考不可(Variant価格が複数)
フランネル ブランケット,10218005364976,ACTIVE,tier-aov,textile,バイオレット / 100×150cm（約390g）,1e44264a5c02b85dff99e19db7947ec5,3480,3132,2958,33,2,3480,4480,未確認,213,未確認,未確認,未確認,未確認,未確認,小物,800,1013,3.44,参考不可(Variant価格が複数)
フランネル ブランケット,10218005364976,ACTIVE,tier-aov,textile,バイオレット / 150×200cm（約820g）,019ce43de93970505071df6e000bf6cb,4480,4032,3808,33,2,3480,4480,未確認,213,未確認,未確認,未確認,未確認,未確認,小物,800,1013,4.42,参考不可(Variant価格が複数)
フランネル ブランケット,10218005364976,ACTIVE,tier-aov,textile,バイオレット / 180×200cm（約950g）,e9435186290cd889a961fef393727ba3,4480,4032,3808,33,2,3480,4480,未確認,213,未確認,未確認,未確認,未確認,未確認,小物,800,1013,4.42,参考不可(Variant価格が複数)
プラッシュ クッション,10218006544624,DRAFT,tier-aov,cushion,両面-Wパターンベージュ / 45* 45センチメートル（コアなし）,da7295269ce19e20aa497af582e1a0bb,3480,3132,2958,8,1,3480,3480,未確認,248,未確認,未確認,未確認,未確認,未確認,小物,800,1048,3.32,参考可(単一価格)
プラッシュ クッション,10218006544624,DRAFT,tier-aov,cushion,両面-W柄レザーパウダー / 45* 45センチメートル（コアなし）,a52fdeba31cb7e146072603005a52b5f,3480,3132,2958,8,1,3480,3480,未確認,248,未確認,未確認,未確認,未確認,未確認,小物,800,1048,3.32,参考可(単一価格)
プラッシュ クッション,10218006544624,DRAFT,tier-aov,cushion,両面-Wパターン、グレー / 45* 45センチメートル（コアなし）,4e792efd816ff3ab09bc87f3e70446e8,3480,3132,2958,8,1,3480,3480,未確認,248,未確認,未確認,未確認,未確認,未確認,小物,800,1048,3.32,参考可(単一価格)
プラッシュ クッション,10218006544624,DRAFT,tier-aov,cushion,両面-W柄、ライトブラウン / 45* 45センチメートル（コアなし）,8b6b1edfd7b7a99c731285c4f2e14ec6,3480,3132,2958,8,1,3480,3480,未確認,248,未確認,未確認,未確認,未確認,未確認,小物,800,1048,3.32,参考可(単一価格)
プラッシュ クッション,10218006544624,DRAFT,tier-aov,cushion,両面-A字型フラワーベージュ / 45* 45センチメートル（コアなし）,a85c759b184efcad7b292631d65261c8,3480,3132,2958,8,1,3480,3480,未確認,248,未確認,未確認,未確認,未確認,未確認,小物,800,1048,3.32,参考可(単一価格)
プラッシュ クッション,10218006544624,DRAFT,tier-aov,cushion,両面-A字型フラワースキンパウダー / 45* 45センチメートル（コアなし）,66c8fe9c01869bc1f56eca6cfd39e7c6,3480,3132,2958,8,1,3480,3480,未確認,248,未確認,未確認,未確認,未確認,未確認,小物,800,1048,3.32,参考可(単一価格)
プラッシュ クッション,10218006544624,DRAFT,tier-aov,cushion,両面-A字型フラワーグレー / 45* 45センチメートル（コアなし）,a99d9ae1654d2d71d6cddb4e2cff040d,3480,3132,2958,8,1,3480,3480,未確認,248,未確認,未確認,未確認,未確認,未確認,小物,800,1048,3.32,参考可(単一価格)
プラッシュ クッション,10218006544624,DRAFT,tier-aov,cushion,両面-A字型フラワーライトブラウン / 45* 45センチメートル（コアなし）,17086de7d4f1140ae2512316522deb20,3480,3132,2958,8,1,3480,3480,未確認,248,未確認,未確認,未確認,未確認,未確認,小物,800,1048,3.32,参考可(単一価格)
ベルベット クッション,10218009133296,ACTIVE,tier-aov,cushion,ブラウン ブリック×スワロー / 45×45cm（中材付き）,6fd500457bd1f317ddc02d7b923b42b3,5980,5382,5083,8,4,5480,7980,未確認,570,未確認,未確認,未確認,未確認,未確認,小物,800,1370,4.36,参考不可(Variant価格が複数)
ベルベット クッション,10218009133296,ACTIVE,tier-aov,cushion,ブラウン ペンシルライン / 45×45cm（中材付き）,6aa6f7ab0481865d7d6e0bf7fc187b01,7980,7182,6783,8,4,5480,7980,未確認,570,未確認,未確認,未確認,未確認,未確認,小物,800,1370,5.82,参考不可(Variant価格が複数)
ベルベット クッション,10218009133296,ACTIVE,tier-aov,cushion,ブラウン フォレストカット / 45×45cm（中材付き）,7056521c8f86ed6957cd85a002691079,5980,5382,5083,8,4,5480,7980,未確認,570,未確認,未確認,未確認,未確認,未確認,小物,800,1370,4.36,参考不可(Variant価格が複数)
ベルベット クッション,10218009133296,ACTIVE,tier-aov,cushion,カーキ ブラッシュ / 45×45cm（中材付き）,bf72544adaf473a942916db1d2141e13,5980,5382,5083,8,4,5480,7980,未確認,570,未確認,未確認,未確認,未確認,未確認,小物,800,1370,4.36,参考不可(Variant価格が複数)
ベルベット クッション,10218009133296,ACTIVE,tier-aov,cushion,ブラウン コーデュロイチェック / 45×45cm（中材付き）,fc5e2d506080f3c64a6f81271d29d5f4,7980,7182,6783,8,4,5480,7980,未確認,570,未確認,未確認,未確認,未確認,未確認,小物,800,1370,5.82,参考不可(Variant価格が複数)
ベルベット クッション,10218009133296,ACTIVE,tier-aov,cushion,カーキ ベルベット / 45×45cm（中材付き）,87d03e70e06ae732ef0f1abd8affa152,5480,4932,4658,8,4,5480,7980,未確認,570,未確認,未確認,未確認,未確認,未確認,小物,800,1370,4.0,参考不可(Variant価格が複数)
ベルベット クッション,10218009133296,ACTIVE,tier-aov,cushion,ブラウン レースジオメトリック / 45×45cm（中材付き）,554cce8f88b4583bc3c5e7feeb2dbbca,6980,6282,5933,8,4,5480,7980,未確認,570,未確認,未確認,未確認,未確認,未確認,小物,800,1370,5.09,参考不可(Variant価格が複数)
ベルベット クッション,10218009133296,ACTIVE,tier-aov,cushion,カーキ バーチカルプリーツ / 45×45cm（中材付き）,41edc84f3cc23581fdfc96c5811b355f,5980,5382,5083,8,4,5480,7980,未確認,570,未確認,未確認,未確認,未確認,未確認,小物,800,1370,4.36,参考不可(Variant価格が複数)
ボア ラウンジチェア,10218058350832,ACTIVE,tier-core,chair,ベージュ,0a0fc2d46443c2e16a54e3ff49f0d2bd,16480,14832,14008,10,1,16480,16480,未確認,1870,未確認,未確認,未確認,未確認,未確認,中型,1750,3620,4.55,参考可(単一価格)
ボア ラウンジチェア,10218058350832,ACTIVE,tier-core,chair,グレー,56d9696e4dc74f4a7062e0af60f5b710,16480,14832,14008,10,1,16480,16480,未確認,1870,未確認,未確認,未確認,未確認,未確認,中型,1750,3620,4.55,参考可(単一価格)
ボア ラウンジチェア,10218058350832,ACTIVE,tier-core,chair,フルーツグリーン,aa2ddd95d709c8ccb1d4c4cb849f4002,16480,14832,14008,10,1,16480,16480,未確認,1870,未確認,未確認,未確認,未確認,未確認,中型,1750,3620,4.55,参考可(単一価格)
ボア ラウンジチェア,10218058350832,ACTIVE,tier-core,chair,イエロー,a6355ed0ed32e0a1c93d4c19610b9831,16480,14832,14008,10,1,16480,16480,未確認,1870,未確認,未確認,未確認,未確認,未確認,中型,1750,3620,4.55,参考可(単一価格)
ボア ラウンジチェア,10218058350832,ACTIVE,tier-core,chair,カーキ,f2bc85459e87fd2567f20b614e5fd142,16480,14832,14008,10,1,16480,16480,未確認,1870,未確認,未確認,未確認,未確認,未確認,中型,1750,3620,4.55,参考可(単一価格)
ボア ラウンジチェア,10218058350832,ACTIVE,tier-core,chair,グリーン,3ba42d820cbf5cc93a739139e10d7705,16480,14832,14008,10,1,16480,16480,未確認,1870,未確認,未確認,未確認,未確認,未確認,中型,1750,3620,4.55,参考可(単一価格)
ボア ラウンジチェア,10218058350832,ACTIVE,tier-core,chair,ピンク,6cfc096b7b342f9737a86e61d5cddf2e,16480,14832,14008,10,1,16480,16480,未確認,1870,未確認,未確認,未確認,未確認,未確認,中型,1750,3620,4.55,参考可(単一価格)
ボア ラウンジチェア,10218058350832,ACTIVE,tier-core,chair,パープル,379608d81e12eadc08063b43e5cc07cf,16480,14832,14008,10,1,16480,16480,未確認,1870,未確認,未確認,未確認,未確認,未確認,中型,1750,3620,4.55,参考可(単一価格)
ボア ラウンジチェア,10218058350832,ACTIVE,tier-core,chair,ライトブルー,03b4705ba099fa466c30e537123d903f,16480,14832,14008,10,1,16480,16480,未確認,1870,未確認,未確認,未確認,未確認,未確認,中型,1750,3620,4.55,参考可(単一価格)
ボア ラウンジチェア,10218058350832,ACTIVE,tier-core,chair,ブラウン,9b04a9e2ea4eaf2cb15ed2528450e69d,16480,14832,14008,10,1,16480,16480,未確認,1870,未確認,未確認,未確認,未確認,未確認,中型,1750,3620,4.55,参考可(単一価格)
マッシュルーム コードレステーブルランプ,10218008248560,ACTIVE,tier-brand-builder,lighting,タッチ式・3色調光 / ゴールド,50ff41261ae8e82cd2d346387eb4b6d6,10480,9432,8908,7,1,10480,10480,未確認,1623,未確認,未確認,未確認,未確認,未確認,中型,1750,3373,3.11,参考可(単一価格)
マッシュルーム コードレステーブルランプ,10218008248560,ACTIVE,tier-brand-builder,lighting,タッチ式・3色調光 / シルバー,4da199691f98857117fa7b188dcd9858,10480,9432,8908,7,1,10480,10480,未確認,1623,未確認,未確認,未確認,未確認,未確認,中型,1750,3373,3.11,参考可(単一価格)
マッシュルーム コードレステーブルランプ,10218008248560,ACTIVE,tier-brand-builder,lighting,タッチ式・3色調光 / ローズゴールド,74f1a59143a7e816aeb9990c394019a2,10480,9432,8908,7,1,10480,10480,未確認,1623,未確認,未確認,未確認,未確認,未確認,中型,1750,3373,3.11,参考可(単一価格)
マッシュルーム コードレステーブルランプ,10218008248560,ACTIVE,tier-brand-builder,lighting,タッチ式・3色調光 / バーガンディ,2634ae17339667740d151c3ecb342a11,10480,9432,8908,7,1,10480,10480,未確認,1623,未確認,未確認,未確認,未確認,未確認,中型,1750,3373,3.11,参考可(単一価格)
マッシュルーム コードレステーブルランプ,10218008248560,ACTIVE,tier-brand-builder,lighting,タッチ式・3色調光 / ダークグリーン,c35ba17c20ac64feee2c9561b04cbf81,10480,9432,8908,7,1,10480,10480,未確認,1623,未確認,未確認,未確認,未確認,未確認,中型,1750,3373,3.11,参考可(単一価格)
マッシュルーム コードレステーブルランプ,10218008248560,ACTIVE,tier-brand-builder,lighting,タッチ式・3色調光 / ライムブルー,0626459e8d49f0b09793d5e42184c6b6,10480,9432,8908,7,1,10480,10480,未確認,1623,未確認,未確認,未確認,未確認,未確認,中型,1750,3373,3.11,参考可(単一価格)
マッシュルーム コードレステーブルランプ,10218008248560,ACTIVE,tier-brand-builder,lighting,タッチ式・3色調光 / グレー,0321a46c69856508f6a0936ba1bc3f24,10480,9432,8908,7,1,10480,10480,未確認,1623,未確認,未確認,未確認,未確認,未確認,中型,1750,3373,3.11,参考可(単一価格)
ミニ アラームクロック,10218008346864,ACTIVE,tier-aov,object,エメラルド,96215d76d010f2bce216f9d25b42a668,4980,4482,4233,4,1,4980,4980,未確認,719,未確認,未確認,未確認,未確認,未確認,小物,800,1519,3.28,参考可(単一価格)
ミニ アラームクロック,10218008346864,ACTIVE,tier-aov,object,ライトパープル,a90106aa715a3314950bbf33f04689f8,4980,4482,4233,4,1,4980,4980,未確認,719,未確認,未確認,未確認,未確認,未確認,小物,800,1519,3.28,参考可(単一価格)
ミニ アラームクロック,10218008346864,ACTIVE,tier-aov,object,オフホワイト,8e3c7acb378cf2d2d55ae2e36d73683b,4980,4482,4233,4,1,4980,4980,未確認,719,未確認,未確認,未確認,未確認,未確認,小物,800,1519,3.28,参考可(単一価格)
ミニ アラームクロック,10218008346864,ACTIVE,tier-aov,object,ピンク,d34f601bfbf06254c15df02d7d7da5b5,4980,4482,4233,4,1,4980,4980,未確認,719,未確認,未確認,未確認,未確認,未確認,小物,800,1519,3.28,参考可(単一価格)
モコ ラウンジチェア,10218008051952,ACTIVE,tier-brand-builder,chair,コーデュロイ グリーン,63173a7685901fbd0c7cb7001128b9ee,42480,38232,36108,6,1,42480,42480,未確認,10434,未確認,未確認,未確認,未確認,未確認,中型,1750,12184,3.49,参考可(単一価格)
モコ ラウンジチェア,10218008051952,ACTIVE,tier-brand-builder,chair,コーデュロイ ブラック,5b32b11e70a805b50f796508726ebeeb,42480,38232,36108,6,1,42480,42480,未確認,10434,未確認,未確認,未確認,未確認,未確認,中型,1750,12184,3.49,参考可(単一価格)
モコ ラウンジチェア,10218008051952,ACTIVE,tier-brand-builder,chair,コーデュロイ ホワイト,e4c41b8d8d59f66b1c7917c8084f0dfe,42480,38232,36108,6,1,42480,42480,未確認,10434,未確認,未確認,未確認,未確認,未確認,中型,1750,12184,3.49,参考可(単一価格)
モコ ラウンジチェア,10218008051952,ACTIVE,tier-brand-builder,chair,コーデュロイ キャラメル,f2123ac36bda669c3fa1ba7c9a3d2d54,42480,38232,36108,6,1,42480,42480,未確認,10434,未確認,未確認,未確認,未確認,未確認,中型,1750,12184,3.49,参考可(単一価格)
モコ ラウンジチェア,10218008051952,ACTIVE,tier-brand-builder,chair,コーデュロイ ブルー,6d7c1d2d5fc36ef37c3541493f0dad97,42480,38232,36108,6,1,42480,42480,未確認,10434,未確認,未確認,未確認,未確認,未確認,中型,1750,12184,3.49,参考可(単一価格)
モコ ラウンジチェア,10218008051952,ACTIVE,tier-brand-builder,chair,コーデュロイ オレンジ,c52362be9d60328c2754c8bd5b6f7a8e,42480,38232,36108,6,1,42480,42480,未確認,10434,未確認,未確認,未確認,未確認,未確認,中型,1750,12184,3.49,参考可(単一価格)
ルナ ウォールライト,10218057957616,DRAFT,tier-core,lighting,電球色 / アンバー,a1fbf7b60e2bd020b62268f0acc8067d,9480,8532,8058,8,2,9480,9980,未確認,1323,未確認,未確認,未確認,未確認,未確認,中型,1750,3073,3.08,参考不可(Variant価格が複数)
ルナ ウォールライト,10218057957616,DRAFT,tier-core,lighting,電球色 / クリアブラック,4163a48a2e32e05c8c3cd43f5a104b31,9480,8532,8058,8,2,9480,9980,未確認,1323,未確認,未確認,未確認,未確認,未確認,中型,1750,3073,3.08,参考不可(Variant価格が複数)
ルナ ウォールライト,10218057957616,DRAFT,tier-core,lighting,電球色 / スモーキーグレー,92dcd1320191757f01b9d074e1781929,9480,8532,8058,8,2,9480,9980,未確認,1323,未確認,未確認,未確認,未確認,未確認,中型,1750,3073,3.08,参考不可(Variant価格が複数)
ルナ ウォールライト,10218057957616,DRAFT,tier-core,lighting,電球色 / クリアホワイト,1f6927e71cd84c1de52982a4e1ef3ef1,9480,8532,8058,8,2,9480,9980,未確認,1323,未確認,未確認,未確認,未確認,未確認,中型,1750,3073,3.08,参考不可(Variant価格が複数)
ルナ ウォールライト,10218057957616,DRAFT,tier-core,lighting,3色切替 / アンバー,8d8d2c7182276a6df84fbf6bed183fc5,9980,8982,8483,8,2,9480,9980,未確認,1323,未確認,未確認,未確認,未確認,未確認,中型,1750,3073,3.25,参考不可(Variant価格が複数)
ルナ ウォールライト,10218057957616,DRAFT,tier-core,lighting,3色切替 / クリアブラック,7ccd3a27929a58fb8829af6bb33831a4,9980,8982,8483,8,2,9480,9980,未確認,1323,未確認,未確認,未確認,未確認,未確認,中型,1750,3073,3.25,参考不可(Variant価格が複数)
ルナ ウォールライト,10218057957616,DRAFT,tier-core,lighting,3色切替 / スモーキーグレー,a0ecebc1599e7cb2d56e4ee18157ba93,9980,8982,8483,8,2,9480,9980,未確認,1323,未確認,未確認,未確認,未確認,未確認,中型,1750,3073,3.25,参考不可(Variant価格が複数)
ルナ ウォールライト,10218057957616,DRAFT,tier-core,lighting,3色切替 / クリアホワイト,bab0af12fef04105c5c95d00eab84dc2,9980,8982,8483,8,2,9480,9980,未確認,1323,未確認,未確認,未確認,未確認,未確認,中型,1750,3073,3.25,参考不可(Variant価格が複数)
レジン スカルプチャーオブジェ,10218009166064,ACTIVE,tier-aov,object,18CM マルセイユ,b9bd5c1034a5dcb2891e32a6a6df4368,3980,3582,3383,3,1,3980,3980,未確認,389,未確認,未確認,未確認,未確認,未確認,小物,800,1189,3.35,参考可(単一価格)
レジン スカルプチャーオブジェ,10218009166064,ACTIVE,tier-aov,object,15センチデビッド,6f718b090047f87d13987ada61115234,3980,3582,3383,3,1,3980,3980,未確認,389,未確認,未確認,未確認,未確認,未確認,小物,800,1189,3.35,参考可(単一価格)
レジン スカルプチャーオブジェ,10218009166064,ACTIVE,tier-aov,object,15センチメートルアポロ,c13c9a63c3ef9bf9efa4e8b75ab0e914,3980,3582,3383,3,1,3980,3980,未確認,389,未確認,未確認,未確認,未確認,未確認,小物,800,1189,3.35,参考可(単一価格)
ロロ サイドテーブル,10218057924848,ACTIVE,tier-brand-builder,table,イエロー,cc7f970733f1f71ee4a03c394c855fcb,20980,18882,17833,3,1,20980,20980,未確認,1908,未確認,未確認,未確認,未確認,未確認,大型,3500,5408,3.88,参考可(単一価格)
ロロ サイドテーブル,10218057924848,ACTIVE,tier-brand-builder,table,ブラック,95d874d1d07cb6db1f02970b435c6e62,20980,18882,17833,3,1,20980,20980,未確認,1908,未確認,未確認,未確認,未確認,未確認,大型,3500,5408,3.88,参考可(単一価格)
ロロ サイドテーブル,10218057924848,ACTIVE,tier-brand-builder,table,ホワイト,ef809f15a456dce687bdf9bca30f4a23,20980,18882,17833,3,1,20980,20980,未確認,1908,未確認,未確認,未確認,未確認,未確認,大型,3500,5408,3.88,参考可(単一価格)
ロンド コーヒーテーブル,10218006577392,ACTIVE,tier-core,table,ウォールナット × ブラック脚 50cm / 組み立て式,da2ba66aab28abeb0e68028421b986a5,27480,24732,23358,12,2,27480,30480,未確認,5492,未確認,未確認,未確認,未確認,未確認,大型,3500,8992,3.06,参考不可(Variant価格が複数)
ロンド コーヒーテーブル,10218006577392,ACTIVE,tier-core,table,マットブラック × ブラック脚 50cm / 組み立て式,73e99259ea217a46565ce5c25895c775,27480,24732,23358,12,2,27480,30480,未確認,5492,未確認,未確認,未確認,未確認,未確認,大型,3500,8992,3.06,参考不可(Variant価格が複数)
ロンド コーヒーテーブル,10218006577392,ACTIVE,tier-core,table,ホワイト × ブラック脚 50cm / 組み立て式,3ce337b18dce0b9cf2ac313d2f16567f,27480,24732,23358,12,2,27480,30480,未確認,5492,未確認,未確認,未確認,未確認,未確認,大型,3500,8992,3.06,参考不可(Variant価格が複数)
ロンド コーヒーテーブル,10218006577392,ACTIVE,tier-core,table,ウォールナット × ホワイト脚 50cm / 組み立て式,dd73b33abda994be14ce76419b399f6a,27480,24732,23358,12,2,27480,30480,未確認,5492,未確認,未確認,未確認,未確認,未確認,大型,3500,8992,3.06,参考不可(Variant価格が複数)
ロンド コーヒーテーブル,10218006577392,ACTIVE,tier-core,table,マットブラック × ホワイト脚 50cm / 組み立て式,a9762ad4df1c2ef94b333d036f15fb72,27480,24732,23358,12,2,27480,30480,未確認,5492,未確認,未確認,未確認,未確認,未確認,大型,3500,8992,3.06,参考不可(Variant価格が複数)
ロンド コーヒーテーブル,10218006577392,ACTIVE,tier-core,table,ホワイト × ホワイト脚 50cm / 組み立て式,a7745707d9a29d49de867ad36b9300d3,27480,24732,23358,12,2,27480,30480,未確認,5492,未確認,未確認,未確認,未確認,未確認,大型,3500,8992,3.06,参考不可(Variant価格が複数)
ロンド コーヒーテーブル,10218006577392,ACTIVE,tier-core,table,ウォールナット × ブラック脚 60cm / 組み立て式,01a6c2162acdfd3fb5bf6b9d4b7a38ec,30480,27432,25908,12,2,27480,30480,未確認,5492,未確認,未確認,未確認,未確認,未確認,大型,3500,8992,3.39,参考不可(Variant価格が複数)
ロンド コーヒーテーブル,10218006577392,ACTIVE,tier-core,table,マットブラック × ブラック脚 60cm / 組み立て式,2e891102d31893d4ace0f0b308986ca0,30480,27432,25908,12,2,27480,30480,未確認,5492,未確認,未確認,未確認,未確認,未確認,大型,3500,8992,3.39,参考不可(Variant価格が複数)
ロンド コーヒーテーブル,10218006577392,ACTIVE,tier-core,table,ウォールナット × ホワイト脚 60cm / 組み立て式,16579d5d3d8ae241b5e8f1cf0815b9b4,30480,27432,25908,12,2,27480,30480,未確認,5492,未確認,未確認,未確認,未確認,未確認,大型,3500,8992,3.39,参考不可(Variant価格が複数)
ロンド コーヒーテーブル,10218006577392,ACTIVE,tier-core,table,ホワイト × ブラック脚 60cm / 組み立て式,370cd7ae54df6b3d0627793153b57e89,30480,27432,25908,12,2,27480,30480,未確認,5492,未確認,未確認,未確認,未確認,未確認,大型,3500,8992,3.39,参考不可(Variant価格が複数)
ロンド コーヒーテーブル,10218006577392,ACTIVE,tier-core,table,マットブラック × ホワイト脚 60cm / 組み立て式,a5e3876532b73d5ccb8147858be445ce,30480,27432,25908,12,2,27480,30480,未確認,5492,未確認,未確認,未確認,未確認,未確認,大型,3500,8992,3.39,参考不可(Variant価格が複数)
ロンド コーヒーテーブル,10218006577392,ACTIVE,tier-core,table,ホワイト × ホワイト脚 60cm / 組み立て式,3e7606c8d1f6da37581ab19849a34061,30480,27432,25908,12,2,27480,30480,未確認,5492,未確認,未確認,未確認,未確認,未確認,大型,3500,8992,3.39,参考不可(Variant価格が複数)
手編みコースター,10218057990384,ACTIVE,tier-aov,object,直径12センチのマウス,e4c1bbed3ed125e09f392c2835b64634,3480,3132,2958,7,2,3480,3980,未確認,88,未確認,未確認,未確認,未確認,未確認,小物,800,888,3.92,参考不可(Variant価格が複数)
手編みコースター,10218057990384,ACTIVE,tier-aov,object,アプリコットリス直径12cm,4e26c52e09e526d4e4e7aa0a006e7b8e,3480,3132,2958,7,2,3480,3980,未確認,88,未確認,未確認,未確認,未確認,未確認,小物,800,888,3.92,参考不可(Variant価格が複数)
手編みコースター,10218057990384,ACTIVE,tier-aov,object,カエルの直径は12cmです,f66ade5d5c4d93f26d8e63fce6e03096,3480,3132,2958,7,2,3480,3980,未確認,88,未確認,未確認,未確認,未確認,未確認,小物,800,888,3.92,参考不可(Variant価格が複数)
手編みコースター,10218057990384,ACTIVE,tier-aov,object,直径12cmのピンクリス,d1950deb7ed9a7f3d33b9f283826ed36,3480,3132,2958,7,2,3480,3980,未確認,88,未確認,未確認,未確認,未確認,未確認,小物,800,888,3.92,参考不可(Variant価格が複数)
手編みコースター,10218057990384,ACTIVE,tier-aov,object,トカゲ 12 センチ,985d44c5315c47c3f94288d945554b6f,3980,3582,3383,7,2,3480,3980,未確認,88,未確認,未確認,未確認,未確認,未確認,小物,800,888,4.48,参考不可(Variant価格が複数)
手編みコースター,10218057990384,ACTIVE,tier-aov,object,12cm ダック,4df925651476dd0fc36d6f6c6ccc7afb,3480,3132,2958,7,2,3480,3980,未確認,88,未確認,未確認,未確認,未確認,未確認,小物,800,888,3.92,参考不可(Variant価格が複数)
手編みコースター,10218057990384,ACTIVE,tier-aov,object,明るい色のカメ,8357c023c320a6691fc995f931fdea8f,3980,3582,3383,7,2,3480,3980,未確認,88,未確認,未確認,未確認,未確認,未確認,小物,800,888,4.48,参考不可(Variant価格が複数)
