product_id,status,variant_id,old_price,new_price
10214219743472,ACTIVE,50279721730288,8980,9480
10214219743472,ACTIVE,50279721763056,8980,9480
10218005364976,ACTIVE,50296057200880,2980,3480
10218005364976,ACTIVE,50296057233648,3980,4480
10218005364976,ACTIVE,50296057266416,3980,4480
10218005364976,ACTIVE,50296057364720,2980,3480
10218005364976,ACTIVE,50296057397488,3980,4480
10218005364976,ACTIVE,50296057430256,3980,4480
10218005364976,ACTIVE,50296057528560,2980,3480
10218005364976,ACTIVE,50296057561328,3980,4480
10218005364976,ACTIVE,50296057594096,3980,4480
10218005364976,ACTIVE,50296057692400,2980,3480
10218005364976,ACTIVE,50296057725168,3980,4480
10218005364976,ACTIVE,50296057757936,3980,4480
10218005364976,ACTIVE,50296057856240,2980,3480
10218005364976,ACTIVE,50296057889008,3980,4480
10218005364976,ACTIVE,50296057921776,3980,4480
10218005364976,ACTIVE,50296058020080,2980,3480
10218005364976,ACTIVE,50296058052848,3980,4480
10218005364976,ACTIVE,50296058085616,3980,4480
10218005364976,ACTIVE,50296058183920,2980,3480
10218005364976,ACTIVE,50296058216688,3980,4480
10218005364976,ACTIVE,50296058249456,3980,4480
10218005364976,ACTIVE,50296058347760,2980,3480
10218005364976,ACTIVE,50296058380528,3980,4480
10218005364976,ACTIVE,50296058413296,3980,4480
10218005364976,ACTIVE,50296058511600,2980,3480
10218005364976,ACTIVE,50296058544368,3980,4480
10218005364976,ACTIVE,50296058577136,3980,4480
10218005364976,ACTIVE,50296058675440,2980,3480
10218005364976,ACTIVE,50296058708208,3980,4480
10218005364976,ACTIVE,50296058740976,3980,4480
10218005364976,ACTIVE,50296058839280,2980,3480
10218005364976,ACTIVE,50296058872048,3980,4480
10218005364976,ACTIVE,50296058904816,3980,4480
10218005397744,ACTIVE,50296059003120,2980,3480
10218005397744,ACTIVE,50296059068656,3980,4480
10218005397744,ACTIVE,50296059101424,3980,4480
10218005397744,ACTIVE,50296059232496,2980,3480
10218005397744,ACTIVE,50296059298032,3980,4480
10218005397744,ACTIVE,50296059330800,3980,4480
10218005397744,ACTIVE,50296059461872,2980,3480
10218005397744,ACTIVE,50296059527408,3980,4480
10218005397744,ACTIVE,50296059560176,3980,4480
10218005397744,ACTIVE,50296059691248,2980,3480
10218005397744,ACTIVE,50296059756784,3980,4480
10218005397744,ACTIVE,50296059789552,3980,4480
10218005397744,ACTIVE,50296059920624,2980,3480
10218005397744,ACTIVE,50296059986160,3980,4480
10218005397744,ACTIVE,50296060018928,3980,4480
10218005397744,ACTIVE,50296060150000,2980,3480
10218005397744,ACTIVE,50296060215536,3980,4480
10218005397744,ACTIVE,50296060248304,3980,4480
10218005397744,ACTIVE,50296060379376,2980,3480
10218005397744,ACTIVE,50296060444912,3980,4480
10218005397744,ACTIVE,50296060477680,3980,4480
10218005397744,ACTIVE,50296060608752,2980,3480
10218005397744,ACTIVE,50296060739824,3980,4480
10218005397744,ACTIVE,50296060772592,3980,4480
10218005397744,ACTIVE,50296060903664,2980,3480
10218005397744,ACTIVE,50296060969200,3980,4480
10218005397744,ACTIVE,50296061001968,3980,4480
10218005397744,ACTIVE,50296061133040,2980,3480
10218005397744,ACTIVE,50296061198576,3980,4480
10218005397744,ACTIVE,50296061231344,3980,4480
10218006315248,ACTIVE,50296062673136,11980,12480
10218006315248,ACTIVE,50296062705904,11980,12480
10218006315248,ACTIVE,50296062738672,11980,12480
10218006348016,ACTIVE,50296062869744,10980,11480
10218006348016,ACTIVE,50296062902512,10980,11480
10218006348016,ACTIVE,50296062935280,10980,11480
10218006446320,ACTIVE,50296063590640,5980,6480
10218006446320,ACTIVE,50296063623408,5980,6480
10218006446320,ACTIVE,50296063656176,5980,6480
10218006446320,ACTIVE,50296063688944,5980,6480
10218006479088,ACTIVE,50296063918320,31980,32480
10218006479088,ACTIVE,50296063951088,31980,32480
10218006479088,ACTIVE,50296063983856,33480,33980
10218006479088,ACTIVE,50296064016624,33480,33980
10218006511856,ACTIVE,50296064213232,49980,50480
10218006511856,ACTIVE,50296064246000,99980,100480
10218006511856,ACTIVE,50296064311536,49980,50480
10218006511856,ACTIVE,50296064344304,99980,100480
10218006544624,DRAFT,50296064409840,3480,3980
10218006544624,DRAFT,50296064442608,3480,3980
10218006544624,DRAFT,50296064475376,3480,3980
10218006544624,DRAFT,50296064508144,3480,3980
10218006544624,DRAFT,50296064540912,3480,3980
10218006544624,DRAFT,50296064573680,3480,3980
10218006544624,DRAFT,50296064606448,3480,3980
10218006544624,DRAFT,50296064639216,3480,3980
10218006577392,ACTIVE,50296065523952,26980,27480
10218006577392,ACTIVE,50296065589488,26980,27480
10218006577392,ACTIVE,50296065655024,26980,27480
10218006577392,ACTIVE,50296065720560,26980,27480
10218006577392,ACTIVE,50296065786096,26980,27480
10218006577392,ACTIVE,50296065851632,26980,27480
10218006577392,ACTIVE,50296065917168,29980,30480
10218006577392,ACTIVE,50296065949936,29980,30480
10218006577392,ACTIVE,50296065982704,29980,30480
10218006577392,ACTIVE,50296066015472,29980,30480
10218006577392,ACTIVE,50296066048240,29980,30480
10218006577392,ACTIVE,50296066081008,29980,30480
10218008051952,ACTIVE,50296079188208,39980,40480
10218008051952,ACTIVE,50296079220976,39980,40480
10218008051952,ACTIVE,50296079253744,39980,40480
10218008051952,ACTIVE,50296079286512,39980,40480
10218008051952,ACTIVE,50296079319280,39980,40480
10218008051952,ACTIVE,50296079515888,39980,40480
10218008084720,ACTIVE,50296079712496,10980,11480
10218008084720,ACTIVE,50296079745264,10980,11480
10218008084720,ACTIVE,50296079778032,10980,11480
10218008084720,ACTIVE,50296079810800,10980,11480
10218008084720,ACTIVE,50296079843568,10980,11480
10218008150256,ACTIVE,50296080302320,7980,8480
10218008150256,ACTIVE,50296080335088,8980,9480
10218008183024,ACTIVE,50296080400624,7480,7980
10218008183024,ACTIVE,50296080433392,7480,7980
10218008183024,ACTIVE,50296080498928,6980,7480
10218008183024,ACTIVE,50296080531696,6980,7480
10218008215792,DRAFT,50296080564464,58980,59480
10218008215792,DRAFT,50296080597232,22980,23480
10218008215792,DRAFT,50296080630000,22480,22980
10218008215792,DRAFT,50296080662768,18480,18980
10218008215792,DRAFT,50296080695536,44480,44980
10218008215792,DRAFT,50296080728304,30480,30980
10218008215792,DRAFT,50296080761072,26980,27480
10218008215792,DRAFT,50296080793840,11980,12480
10218008215792,DRAFT,50296080826608,12980,13480
10218008215792,DRAFT,50296080859376,9480,9980
10218008215792,DRAFT,50296080892144,9480,9980
10218008215792,DRAFT,50296080924912,6980,7480
10218008215792,DRAFT,50296080957680,6480,6980
10218008215792,DRAFT,50296080990448,6480,6980
10218008215792,DRAFT,50296081023216,6980,7480
10218008215792,DRAFT,50296081055984,9480,9980
10218008215792,DRAFT,50296081088752,16980,17480
10218008215792,DRAFT,50296081121520,18480,18980
10218008215792,DRAFT,50296081154288,9980,10480
10218008215792,DRAFT,50296081187056,6980,7480
10218008215792,DRAFT,50296081219824,4980,5480
10218008248560,ACTIVE,50296081252592,9980,10480
10218008248560,ACTIVE,50296081285360,9980,10480
10218008248560,ACTIVE,50296081318128,9980,10480
10218008248560,ACTIVE,50296081350896,9980,10480
10218008248560,ACTIVE,50296081383664,9980,10480
10218008248560,ACTIVE,50296081416432,9980,10480
10218008248560,ACTIVE,50296081449200,9980,10480
10218008346864,ACTIVE,50296082006256,4480,4980
10218008346864,ACTIVE,50296082039024,4480,4980
10218008346864,ACTIVE,50296082071792,4480,4980
10218008346864,ACTIVE,50296082104560,4480,4980
10218008379632,ACTIVE,50296082170096,4980,5480
10218008510704,DRAFT,50296082661616,26980,27480
10218008510704,DRAFT,50296082694384,26980,27480
10218008510704,DRAFT,50296082727152,26980,27480
10218008969456,ACTIVE,50296089837808,5980,6480
10218008969456,ACTIVE,50296089903344,5980,6480
10218008969456,ACTIVE,50296090362096,5980,6480
10218008969456,ACTIVE,50296090558704,5980,6480
10218008969456,ACTIVE,50296090820848,5480,5980
10218008969456,ACTIVE,50296090886384,6480,6980
10218008969456,ACTIVE,50296090951920,5480,5980
10218008969456,ACTIVE,50296091082992,5980,6480
10218009133296,ACTIVE,50296092885232,5480,5980
10218009133296,ACTIVE,50296093212912,6980,7480
10218009133296,ACTIVE,50296093278448,5480,5980
10218009133296,ACTIVE,50296093475056,5480,5980
10218009133296,ACTIVE,50296093606128,6980,7480
10218009133296,ACTIVE,50296094032112,4980,5480
10218009133296,ACTIVE,50296094228720,6480,6980
10218009133296,ACTIVE,50296094753008,5480,5980
10218009198832,ACTIVE,50296095637744,20980,21480
10218009198832,ACTIVE,50296095703280,20980,21480
10218009198832,ACTIVE,50296095768816,33980,34480
10218009198832,ACTIVE,50296095670512,33980,34480
10218009231600,ACTIVE,50296096096496,22980,23480
10218009231600,ACTIVE,50296096129264,22980,23480
10218009231600,ACTIVE,50296096162032,24980,25480
10218009231600,ACTIVE,50296096194800,24980,25480
10218009231600,ACTIVE,50296096227568,24980,25480
10218009231600,ACTIVE,50296096260336,24980,25480
10218009231600,ACTIVE,50296096293104,22980,23480
10218009231600,ACTIVE,50296096325872,22980,23480
10218009231600,ACTIVE,50296096358640,22980,23480
10218009329904,ACTIVE,50296097243376,3480,3980
10218009329904,ACTIVE,50296097276144,3480,3980
10218009329904,ACTIVE,50296097308912,3480,3980
10218009329904,ACTIVE,50296097341680,3480,3980
10218009329904,ACTIVE,50296097374448,3480,3980
10218009329904,ACTIVE,50296097407216,3480,3980
10218009329904,ACTIVE,50296097439984,3480,3980
10218009329904,ACTIVE,50296097472752,3480,3980
10218009329904,ACTIVE,50296097505520,3480,3980
10218057531632,ACTIVE,50296389009648,5980,6480
10218057531632,ACTIVE,50296389042416,5480,5980
10218057531632,ACTIVE,50296389075184,5980,6480
10218057531632,ACTIVE,50296389107952,5480,5980
10218057531632,ACTIVE,50296389140720,5980,6480
10218057531632,ACTIVE,50296389173488,5480,5980
10218057531632,ACTIVE,50296389206256,5980,6480
10218057531632,ACTIVE,50296389239024,5480,5980
10218057892080,ACTIVE,50296391205104,3480,3980
10218057892080,ACTIVE,50296391270640,3480,3980
10218057892080,ACTIVE,50296391336176,3480,3980
10218057892080,ACTIVE,50296391401712,3480,3980
10218057892080,ACTIVE,50296391467248,3480,3980
10218057924848,ACTIVE,50296391532784,19980,20480
10218057924848,ACTIVE,50296391565552,19980,20480
10218057924848,ACTIVE,50296391598320,19980,20480
10218057990384,DRAFT,50296392253680,2980,3480
10218057990384,DRAFT,50296392286448,2980,3480
10218057990384,DRAFT,50296392351984,2980,3480
10218057990384,DRAFT,50296392450288,2980,3480
10218057990384,DRAFT,50296392614128,3480,3980
10218057990384,DRAFT,50296392712432,2980,3480
10218057990384,DRAFT,50296392810736,3480,3980
10218058285296,ACTIVE,50296393662704,3480,3980
10218058285296,ACTIVE,50296393695472,3480,3980
10218058285296,ACTIVE,50296393728240,3480,3980
10218058285296,ACTIVE,50296393826544,3480,3980
10218058285296,ACTIVE,50296393924848,3480,3980
10218058318064,ACTIVE,50296394121456,31980,32480
10218058318064,ACTIVE,50296394154224,31980,32480
10218058318064,ACTIVE,50296394186992,31980,32480
10218058350832,ACTIVE,50296394219760,14980,15480
10218058350832,ACTIVE,50296394252528,14980,15480
10218058350832,ACTIVE,50296394285296,14980,15480
10218058350832,ACTIVE,50296394318064,14980,15480
10218058350832,ACTIVE,50296394350832,14980,15480
10218058350832,ACTIVE,50296394383600,14980,15480
10218058350832,ACTIVE,50296394416368,14980,15480
10218058350832,ACTIVE,50296394449136,14980,15480
10218058350832,ACTIVE,50296394481904,14980,15480
10218058350832,ACTIVE,50296394514672,14980,15480
10218060808432,ACTIVE,50296441307376,29980,30480
10218060808432,ACTIVE,50296441340144,29980,30480
