商品,variant,sku,status,tier,cat,分類,ship_bucket,ship_est,ckb_cost,推定着地原価,cost_source,現価格,新通常価格,備考,PAIR対象,通常_売価,通常_粗利額,通常_粗利率,通常_限界利益,通常_BE_ROAS,通常_CPA上限,通常_倍率,SummerSale10_売価,SummerSale10_粗利額,SummerSale10_粗利率,SummerSale10_限界利益,SummerSale10_BE_ROAS,SummerSale10_CPA上限,SummerSale10_倍率,MB2点_売価,MB2点_粗利額,MB2点_粗利率,MB2点_限界利益,MB2点_BE_ROAS,MB2点_CPA上限,MB2点_倍率,MB3点以上_売価,MB3点以上_粗利額,MB3点以上_粗利率,MB3点以上_限界利益,MB3点以上_BE_ROAS,MB3点以上_CPA上限,MB3点以上_倍率,PAIR15_売価,PAIR15_粗利額,PAIR15_粗利率,PAIR15_限界利益,PAIR15_BE_ROAS,PAIR15_CPA上限,PAIR15_倍率
MORU フラワーラウンジ,アイボリー,f89ed6c7183ca65547d2c2561819369f,ACTIVE,tier-hero,pet-bed,SUMMER_SALE,中型,1750,1381,3131,推定(ckb_cost + ship_est),9980,8980,Owner承認済み,—,8980,5849,65.1%,5526,1.63,3868,2.87,8082,4951,61.3%,4660,1.73,3262,2.58,,,,,,,,,,,,,,,,,,,,,
MORU フラワーラウンジ,オリーブグリーン,476e297375c500bb15ef0aef7f8abb53,ACTIVE,tier-hero,pet-bed,SUMMER_SALE,中型,1750,1381,3131,推定(ckb_cost + ship_est),9980,8980,Owner承認済み,—,8980,5849,65.1%,5526,1.63,3868,2.87,8082,4951,61.3%,4660,1.73,3262,2.58,,,,,,,,,,,,,,,,,,,,,
アブストラクト オブジェ,ビッグコンビネーション [稲の耳]-M53,75ab49fe91f8127a9d33ca4f6f82f4c4,DRAFT,tier-aov,object,除外_商品構成再設計,小物,800,,原価待ち,原価待ち,58980,58980,価格設計対象外(除外_商品構成再設計),—,原価待ち,原価待ち,原価待ち,原価待ち,原価待ち,原価待ち,原価待ち,,,,,,,,,,,,,,,,,,,,,,,,,,,,
アブストラクト オブジェ,グループコンビネーション [スプリングハーベスト]-O21,34036f8d1a6f5bd05389ed4172858aad,DRAFT,tier-aov,object,除外_商品構成再設計,小物,800,,原価待ち,原価待ち,22980,22980,価格設計対象外(除外_商品構成再設計),—,原価待ち,原価待ち,原価待ち,原価待ち,原価待ち,原価待ち,原価待ち,,,,,,,,,,,,,,,,,,,,,,,,,,,,
アブストラクト オブジェ,グループコンビネーション [チンラン]-I56,6134b4c23d96e190b34ec02a4d2ae408,DRAFT,tier-aov,object,除外_商品構成再設計,小物,800,,原価待ち,原価待ち,22480,22480,価格設計対象外(除外_商品構成再設計),—,原価待ち,原価待ち,原価待ち,原価待ち,原価待ち,原価待ち,原価待ち,,,,,,,,,,,,,,,,,,,,,,,,,,,,
アブストラクト オブジェ,グループコンビネーション [ムヤン]-R65,197b0e8b7d429973acd263d74989b79c,DRAFT,tier-aov,object,除外_商品構成再設計,小物,800,,原価待ち,原価待ち,18480,18480,価格設計対象外(除外_商品構成再設計),—,原価待ち,原価待ち,原価待ち,原価待ち,原価待ち,原価待ち,原価待ち,,,,,,,,,,,,,,,,,,,,,,,,,,,,
アブストラクト オブジェ,コンビネーション [メープル]-O43,7aed9956f07f7d6c3d99ab34f4e9d199,DRAFT,tier-aov,object,除外_商品構成再設計,小物,800,,原価待ち,原価待ち,44480,44480,価格設計対象外(除外_商品構成再設計),—,原価待ち,原価待ち,原価待ち,原価待ち,原価待ち,原価待ち,原価待ち,,,,,,,,,,,,,,,,,,,,,,,,,,,,
アブストラクト オブジェ,グループコンビネーション [メープルリーフ]-N48,1a96be22bfb7f2f7155463a3fc1a4a2b,DRAFT,tier-aov,object,除外_商品構成再設計,小物,800,,原価待ち,原価待ち,30480,30480,価格設計対象外(除外_商品構成再設計),—,原価待ち,原価待ち,原価待ち,原価待ち,原価待ち,原価待ち,原価待ち,,,,,,,,,,,,,,,,,,,,,,,,,,,,
アブストラクト オブジェ,グループコンビネーション [プレーンスタイル]-O14,01aba7397719c00556a65d49ee19e6b4,DRAFT,tier-aov,object,除外_商品構成再設計,小物,800,,原価待ち,原価待ち,26980,26980,価格設計対象外(除外_商品構成再設計),—,原価待ち,原価待ち,原価待ち,原価待ち,原価待ち,原価待ち,原価待ち,,,,,,,,,,,,,,,,,,,,,,,,,,,,
アブストラクト オブジェ,白茶色のセラミックオーナメント1組-M17,ec536c2c6e56f150de44b47bcf2a59c2,DRAFT,tier-aov,object,除外_商品構成再設計,小物,800,,原価待ち,原価待ち,11980,11980,価格設計対象外(除外_商品構成再設計),—,原価待ち,原価待ち,原価待ち,原価待ち,原価待ち,原価待ち,原価待ち,,,,,,,,,,,,,,,,,,,,,,,,,,,,
アブストラクト オブジェ,特殊形状シェルセラミック-A35,747adb5c3a47a7c491a3239ec1294164,DRAFT,tier-aov,object,除外_商品構成再設計,小物,800,,原価待ち,原価待ち,12980,12980,価格設計対象外(除外_商品構成再設計),—,原価待ち,原価待ち,原価待ち,原価待ち,原価待ち,原価待ち,原価待ち,,,,,,,,,,,,,,,,,,,,,,,,,,,,
アブストラクト オブジェ,ラッキーキャットのペア-O11,cd92d5ec9a58941b12944db9f3cde68d,DRAFT,tier-aov,object,除外_商品構成再設計,小物,800,,原価待ち,原価待ち,9480,9480,価格設計対象外(除外_商品構成再設計),—,原価待ち,原価待ち,原価待ち,原価待ち,原価待ち,原価待ち,原価待ち,,,,,,,,,,,,,,,,,,,,,,,,,,,,
アブストラクト オブジェ,ノットデコレーション-H38,1bc403c2a05ed4a9bba330ff372bb6ed,DRAFT,tier-aov,object,除外_商品構成再設計,小物,800,,原価待ち,原価待ち,9480,9480,価格設計対象外(除外_商品構成再設計),—,原価待ち,原価待ち,原価待ち,原価待ち,原価待ち,原価待ち,原価待ち,,,,,,,,,,,,,,,,,,,,,,,,,,,,
アブストラクト オブジェ,コーヒー色のガラスの花瓶-A55,b414e97d924bc272ccfe7c39c6bc037c,DRAFT,tier-aov,object,除外_商品構成再設計,小物,800,,原価待ち,原価待ち,6980,6980,価格設計対象外(除外_商品構成再設計),—,原価待ち,原価待ち,原価待ち,原価待ち,原価待ち,原価待ち,原価待ち,,,,,,,,,,,,,,,,,,,,,,,,,,,,
アブストラクト オブジェ,白い双頭花瓶-E88,fb4d1081470264108ddbdd5ac726fce9,DRAFT,tier-aov,object,除外_商品構成再設計,小物,800,,原価待ち,原価待ち,6480,6480,価格設計対象外(除外_商品構成再設計),—,原価待ち,原価待ち,原価待ち,原価待ち,原価待ち,原価待ち,原価待ち,,,,,,,,,,,,,,,,,,,,,,,,,,,,
アブストラクト オブジェ,陶器コーヒーカップ-N66,658f9def757e31b83fefd579954a5238,DRAFT,tier-aov,object,除外_商品構成再設計,小物,800,,原価待ち,原価待ち,6480,6480,価格設計対象外(除外_商品構成再設計),—,原価待ち,原価待ち,原価待ち,原価待ち,原価待ち,原価待ち,原価待ち,,,,,,,,,,,,,,,,,,,,,,,,,,,,
アブストラクト オブジェ,スティックマンブックストップ-T78,b5e4f2f7e89931a952a531c6d20e7fa1,DRAFT,tier-aov,object,除外_商品構成再設計,小物,800,,原価待ち,原価待ち,6980,6980,価格設計対象外(除外_商品構成再設計),—,原価待ち,原価待ち,原価待ち,原価待ち,原価待ち,原価待ち,原価待ち,,,,,,,,,,,,,,,,,,,,,,,,,,,,
アブストラクト オブジェ,アインシュタイン原稿-C20,191ce5dc8d92c18f76292b4d245e1d11,DRAFT,tier-aov,object,除外_商品構成再設計,小物,800,,原価待ち,原価待ち,9480,9480,価格設計対象外(除外_商品構成再設計),—,原価待ち,原価待ち,原価待ち,原価待ち,原価待ち,原価待ち,原価待ち,,,,,,,,,,,,,,,,,,,,,,,,,,,,
アブストラクト オブジェ,シュラグ花瓶-レッドスモール-H63,f95267d75899a7db1cf00e8282954998,DRAFT,tier-aov,object,除外_商品構成再設計,小物,800,,原価待ち,原価待ち,16980,16980,価格設計対象外(除外_商品構成再設計),—,原価待ち,原価待ち,原価待ち,原価待ち,原価待ち,原価待ち,原価待ち,,,,,,,,,,,,,,,,,,,,,,,,,,,,
アブストラクト オブジェ,シュラグ花瓶-大-Q49,97f04c82685b8f9c9c228ab1f6196a53,DRAFT,tier-aov,object,除外_商品構成再設計,小物,800,,原価待ち,原価待ち,18480,18480,価格設計対象外(除外_商品構成再設計),—,原価待ち,原価待ち,原価待ち,原価待ち,原価待ち,原価待ち,原価待ち,,,,,,,,,,,,,,,,,,,,,,,,,,,,
アブストラクト オブジェ,スナグルフラワー花瓶-I72,7ba1fe4c9b7d035d2e77e89cfaec6ca1,DRAFT,tier-aov,object,除外_商品構成再設計,小物,800,,原価待ち,原価待ち,9980,9980,価格設計対象外(除外_商品構成再設計),—,原価待ち,原価待ち,原価待ち,原価待ち,原価待ち,原価待ち,原価待ち,,,,,,,,,,,,,,,,,,,,,,,,,,,,
アブストラクト オブジェ,マウンテンキャラクターセラミック-F30,2c429cd9ea2d1ca3e5eb14d52d357103,DRAFT,tier-aov,object,除外_商品構成再設計,小物,800,,原価待ち,原価待ち,6980,6980,価格設計対象外(除外_商品構成再設計),—,原価待ち,原価待ち,原価待ち,原価待ち,原価待ち,原価待ち,原価待ち,,,,,,,,,,,,,,,,,,,,,,,,,,,,
アブストラクト オブジェ,ポット型セラミック-K87,78c58ba6410473c63d66a2065a25196d,DRAFT,tier-aov,object,除外_商品構成再設計,小物,800,,原価待ち,原価待ち,4980,4980,価格設計対象外(除外_商品構成再設計),—,原価待ち,原価待ち,原価待ち,原価待ち,原価待ち,原価待ち,原価待ち,,,,,,,,,,,,,,,,,,,,,,,,,,,,
ガラスフラワー オブジェ,ルビー（7点セット）,29d7e8cbcebfab5af9efca0ec2f23682,ACTIVE,tier-aov,object,MULTI_BUY,小物,800,431,1231,推定(ckb_cost + ship_est),3980,3480,Owner承認済み,P-A,3480,2249,64.6%,2124,1.64,1487,2.83,,,,,,,,3132,1901,60.7%,1788,1.75,1252,2.54,2958,1727,58.4%,1621,1.83,1134,2.40,2958,1727,58.4%,1621,1.83,1134,2.40
ガラスフラワー オブジェ,ブルー（7点セット）,7b370f9a7f74641e87773b8735868386,ACTIVE,tier-aov,object,MULTI_BUY,小物,800,431,1231,推定(ckb_cost + ship_est),3980,3480,Owner承認済み,P-A,3480,2249,64.6%,2124,1.64,1487,2.83,,,,,,,,3132,1901,60.7%,1788,1.75,1252,2.54,2958,1727,58.4%,1621,1.83,1134,2.40,2958,1727,58.4%,1621,1.83,1134,2.40
ガラスフラワー オブジェ,ピンク（7点セット）,7f19f1a9b72ba25c4af03320b63d2075,ACTIVE,tier-aov,object,MULTI_BUY,小物,800,431,1231,推定(ckb_cost + ship_est),3980,3480,Owner承認済み,P-A,3480,2249,64.6%,2124,1.64,1487,2.83,,,,,,,,3132,1901,60.7%,1788,1.75,1252,2.54,2958,1727,58.4%,1621,1.83,1134,2.40,2958,1727,58.4%,1621,1.83,1134,2.40
ガラスフラワー オブジェ,ホワイト（7点セット）,4e3ef97bd8e412402af2f47ab63a30e1,ACTIVE,tier-aov,object,MULTI_BUY,小物,800,431,1231,推定(ckb_cost + ship_est),3980,3480,Owner承認済み,P-A,3480,2249,64.6%,2124,1.64,1487,2.83,,,,,,,,3132,1901,60.7%,1788,1.75,1252,2.54,2958,1727,58.4%,1621,1.83,1134,2.40,2958,1727,58.4%,1621,1.83,1134,2.40
ガラスフラワー オブジェ,アンバー（7点セット）,dab3482fc0695768b2496f0f97c5e4ce,ACTIVE,tier-aov,object,MULTI_BUY,小物,800,431,1231,推定(ckb_cost + ship_est),3980,3480,Owner承認済み,P-A,3480,2249,64.6%,2124,1.64,1487,2.83,,,,,,,,3132,1901,60.7%,1788,1.75,1252,2.54,2958,1727,58.4%,1621,1.83,1134,2.40,2958,1727,58.4%,1621,1.83,1134,2.40
クラウド サイドテーブル,スターライトブラック（1段）,05570b9a124d02f2d3769d087d12019a,ACTIVE,tier-core,table,SUMMER_SALE,大型,3500,564,4064,推定(ckb_cost + ship_est),12480,11980,Owner承認済み(次回テスト候補 10980),P-6,11980,7916,66.1%,7485,1.60,5239,2.95,10782,6718,62.3%,6330,1.70,4431,2.65,,,,,,,,,,,,,,,10183,6119,60.1%,5752,1.77,4027,2.51
クラウド サイドテーブル,ミルキーホワイト（1段）,5b71a3dc3109a5c3443b343e30aaeb76,ACTIVE,tier-core,table,SUMMER_SALE,大型,3500,564,4064,推定(ckb_cost + ship_est),12480,11980,Owner承認済み(次回テスト候補 10980),P-6,11980,7916,66.1%,7485,1.60,5239,2.95,10782,6718,62.3%,6330,1.70,4431,2.65,,,,,,,,,,,,,,,10183,6119,60.1%,5752,1.77,4027,2.51
クラウド サイドテーブル,ウォールナット（1段）,dc56669e522c1955922bcd9dff5572be,ACTIVE,tier-core,table,SUMMER_SALE,大型,3500,564,4064,推定(ckb_cost + ship_est),12480,11980,Owner承認済み(次回テスト候補 10980),P-6,11980,7916,66.1%,7485,1.60,5239,2.95,10782,6718,62.3%,6330,1.70,4431,2.65,,,,,,,,,,,,,,,10183,6119,60.1%,5752,1.77,4027,2.51
クリアシェード テーブルランプ,充電式・無段階調光 / クローム（クリアシェード）,9c4ed89e3487f9ce5f4c97186b090232,ACTIVE,tier-aov,lighting,SUMMER_SALE,中型,1750,1949,3699,推定(ckb_cost + ship_est),11480,10980,Owner承認済み,—,10980,7281,66.3%,6886,1.59,4820,2.97,9882,6183,62.6%,5827,1.70,4079,2.67,,,,,,,,,,,,,,,,,,,,,
クリアシェード テーブルランプ,充電式・無段階調光 / バーガンディ（クリアシェード）,b809bb70178d3b8681fed393f957dc98,ACTIVE,tier-aov,lighting,SUMMER_SALE,中型,1750,1949,3699,推定(ckb_cost + ship_est),11480,10980,Owner承認済み,—,10980,7281,66.3%,6886,1.59,4820,2.97,9882,6183,62.6%,5827,1.70,4079,2.67,,,,,,,,,,,,,,,,,,,,,
クリアシェード テーブルランプ,充電式・無段階調光 / パールブラック（クリアシェード）,baed95876fcacec127ef858731c7dc04,ACTIVE,tier-aov,lighting,SUMMER_SALE,中型,1750,1949,3699,推定(ckb_cost + ship_est),11480,10980,Owner承認済み,—,10980,7281,66.3%,6886,1.59,4820,2.97,9882,6183,62.6%,5827,1.70,4079,2.67,,,,,,,,,,,,,,,,,,,,,
コイル サイドテーブル,レモンイエロー / 全高45cm（天板径34cm）,ab07dcd0e56eb7ee717e2da9a3ac402d,ACTIVE,tier-brand-builder,table,SUMMER_SALE,大型,3500,7521,11021,推定(ckb_cost + ship_est),33480,31980,Owner承認済み,—,31980,20959,65.5%,19808,1.61,13865,2.90,28782,17761,61.7%,16725,1.72,11707,2.61,,,,,,,,,,,,,,,,,,,,,
コイル サイドテーブル,トゥルーレッド / 全高45cm（天板径34cm）,8c1b2d9a7e72c188d438d40ddf490f56,ACTIVE,tier-brand-builder,table,SUMMER_SALE,大型,3500,7521,11021,推定(ckb_cost + ship_est),33480,31980,Owner承認済み,—,31980,20959,65.5%,19808,1.61,13865,2.90,28782,17761,61.7%,16725,1.72,11707,2.61,,,,,,,,,,,,,,,,,,,,,
コイル サイドテーブル,グリーン / 全高45cm（天板径34cm）,3455466daef0d9268b82871cbe8c210c,ACTIVE,tier-brand-builder,table,SUMMER_SALE,大型,3500,7521,11021,推定(ckb_cost + ship_est),33480,31980,Owner承認済み,—,31980,20959,65.5%,19808,1.61,13865,2.90,28782,17761,61.7%,16725,1.72,11707,2.61,,,,,,,,,,,,,,,,,,,,,
コーデュロイ フォールディングチェア,ブラウン,cfba35e8e118f16f83ff476952758d2b,ACTIVE,tier-core,chair,SUMMER_SALE,中型,1750,1999,3749,推定(ckb_cost + ship_est),11480,10980,Owner承認済み,—,10980,7231,65.9%,6836,1.61,4785,2.93,9882,6133,62.1%,5777,1.71,4044,2.64,,,,,,,,,,,,,,,,,,,,,
コーデュロイ フォールディングチェア,ピーコックブルー,b2e07986192be22f0732e2deb26a4121,ACTIVE,tier-core,chair,SUMMER_SALE,中型,1750,1999,3749,推定(ckb_cost + ship_est),11480,10980,Owner承認済み,—,10980,7231,65.9%,6836,1.61,4785,2.93,9882,6133,62.1%,5777,1.71,4044,2.64,,,,,,,,,,,,,,,,,,,,,
コーデュロイ フォールディングチェア,オレンジ,b135c1eeb074ce7fa189ada712ece2f9,ACTIVE,tier-core,chair,SUMMER_SALE,中型,1750,1999,3749,推定(ckb_cost + ship_est),11480,10980,Owner承認済み,—,10980,7231,65.9%,6836,1.61,4785,2.93,9882,6133,62.1%,5777,1.71,4044,2.64,,,,,,,,,,,,,,,,,,,,,
コーデュロイ フォールディングチェア,ピンク,c8fb2c55f4618676bee453bed599f9aa,ACTIVE,tier-core,chair,SUMMER_SALE,中型,1750,1999,3749,推定(ckb_cost + ship_est),11480,10980,Owner承認済み,—,10980,7231,65.9%,6836,1.61,4785,2.93,9882,6133,62.1%,5777,1.71,4044,2.64,,,,,,,,,,,,,,,,,,,,,
コーデュロイ フォールディングチェア,オリーブグリーン,e562d7f8143adbced26b8edd39314da9,ACTIVE,tier-core,chair,SUMMER_SALE,中型,1750,1999,3749,推定(ckb_cost + ship_est),11480,10980,Owner承認済み,—,10980,7231,65.9%,6836,1.61,4785,2.93,9882,6133,62.1%,5777,1.71,4044,2.64,,,,,,,,,,,,,,,,,,,,,
ジオメトリック ブックスタンド,ミッドセンチュリー ブックスタンド,1be0d3e140f8e8a6b08ace3037286484,ACTIVE,tier-aov,object,SUMMER_SALE,小物,800,1974,2774,推定(ckb_cost + ship_est),8480,7980,本体のみ,—,7980,5206,65.2%,4919,1.62,3443,2.88,7182,4408,61.4%,4149,1.73,2905,2.59,,,,,,,,,,,,,,,,,,,,,
ジオメトリック ブックスタンド,ミッドセンチュリー ブックスタンド+ダミーブック3冊,0976a78b31041ab45bd0e91144ccb408,ACTIVE,tier-aov,object,SUMMER_SALE,小物,800,2224,3024,推定(ckb_cost + ship_est),9480,8980,ダミーブック3冊付き,—,8980,5956,66.3%,5633,1.59,3943,2.97,8082,5058,62.6%,4767,1.70,3337,2.67,,,,,,,,,,,,,,,,,,,,,
ジャカード 中綿付きクッション,イエロー ウェーブ / 45×45cm（中材付き）,69a55069d32475d8c1cd19bfe9fec6ff,ACTIVE,tier-aov,cushion,MULTI_BUY,小物,800,387,1187,推定(ckb_cost + ship_est),3980,3480,Owner承認済み,—,3480,2293,65.9%,2168,1.61,1517,2.93,,,,,,,,3132,1945,62.1%,1832,1.71,1283,2.64,2958,1771,59.9%,1665,1.78,1165,2.49,,,,,,,
ジャカード 中綿付きクッション,イエロー ダイヤグリッド / 45×45cm（中材付き）,b1cffd17310b993326477bdfa88de12b,ACTIVE,tier-aov,cushion,MULTI_BUY,小物,800,387,1187,推定(ckb_cost + ship_est),3980,3480,Owner承認済み,—,3480,2293,65.9%,2168,1.61,1517,2.93,,,,,,,,3132,1945,62.1%,1832,1.71,1283,2.64,2958,1771,59.9%,1665,1.78,1165,2.49,,,,,,,
ジャカード 中綿付きクッション,イエロー スモールスクエア / 45×45cm（中材付き）,24f5a06e8b01eb11abc4c5edc9d552cb,ACTIVE,tier-aov,cushion,MULTI_BUY,小物,800,387,1187,推定(ckb_cost + ship_est),3980,3480,Owner承認済み,—,3480,2293,65.9%,2168,1.61,1517,2.93,,,,,,,,3132,1945,62.1%,1832,1.71,1283,2.64,2958,1771,59.9%,1665,1.78,1165,2.49,,,,,,,
ジャカード 中綿付きクッション,イエロー エコー / 45×45cm（中材付き）,45c2c2242560adb70d1480e42205ea8a,ACTIVE,tier-aov,cushion,MULTI_BUY,小物,800,387,1187,推定(ckb_cost + ship_est),3980,3480,Owner承認済み,—,3480,2293,65.9%,2168,1.61,1517,2.93,,,,,,,,3132,1945,62.1%,1832,1.71,1283,2.64,2958,1771,59.9%,1665,1.78,1165,2.49,,,,,,,
ジャカード 中綿付きクッション,イエロー ヘリンボーン / 45×45cm（中材付き）,24e86b5f2b68da1216806cd6af3928eb,ACTIVE,tier-aov,cushion,MULTI_BUY,小物,800,387,1187,推定(ckb_cost + ship_est),3980,3480,Owner承認済み,—,3480,2293,65.9%,2168,1.61,1517,2.93,,,,,,,,3132,1945,62.1%,1832,1.71,1283,2.64,2958,1771,59.9%,1665,1.78,1165,2.49,,,,,,,
セラミック ブックエンド,アーチライン ブックスタンド雑誌3冊付き パールホワイト,ba4eca5633219572344e574b5062107f,ACTIVE,tier-aov,object,MULTI_BUY,小物,800,1996,2796,推定(ckb_cost + ship_est),8480,7480,雑誌3冊付き,P-A,7480,4684,62.6%,4415,1.69,3090,2.68,,,,,,,,6732,3936,58.5%,3694,1.82,2586,2.41,6358,3562,56.0%,3333,1.91,2333,2.27,6358,3562,56.0%,3333,1.91,2333,2.27
セラミック ブックエンド,アーチライン ブックスタンド雑誌3冊付き マットブラック,043c6ce59288f4e637dfe5184f318efa,ACTIVE,tier-aov,object,MULTI_BUY,小物,800,1996,2796,推定(ckb_cost + ship_est),8480,7480,雑誌3冊付き,P-A,7480,4684,62.6%,4415,1.69,3090,2.68,,,,,,,,6732,3936,58.5%,3694,1.82,2586,2.41,6358,3562,56.0%,3333,1.91,2333,2.27,6358,3562,56.0%,3333,1.91,2333,2.27
セラミック ブックエンド,アーチライン ブックスタンド パールホワイト,a2c3760b1bc87363b76c29257054a1c5,ACTIVE,tier-aov,object,MULTI_BUY,小物,800,1746,2546,推定(ckb_cost + ship_est),7980,6980,本体のみ,P-A,6980,4434,63.5%,4183,1.67,2928,2.74,,,,,,,,6282,3736,59.5%,3510,1.79,2457,2.47,5933,3387,57.1%,3173,1.87,2221,2.33,5933,3387,57.1%,3173,1.87,2221,2.33
セラミック ブックエンド,アーチライン ブックスタンド マットブラック,a17d885349ed46057d7d14d8f0a0e9bf,ACTIVE,tier-aov,object,MULTI_BUY,小物,800,1746,2546,推定(ckb_cost + ship_est),7980,6980,本体のみ,P-A,6980,4434,63.5%,4183,1.67,2928,2.74,,,,,,,,6282,3736,59.5%,3510,1.79,2457,2.47,5933,3387,57.1%,3173,1.87,2221,2.33,5933,3387,57.1%,3173,1.87,2221,2.33
セル サイドボード,ホワイト Aタイプ / 幅50×奥行35×高さ52.5cm,9feb89d52da0cf51d6d50cf83f962590,ACTIVE,tier-core,storage,SUMMER_SALE,大型,3500,7472,10972,推定(ckb_cost + ship_est),33480,31980,Aタイプ,—,31980,21008,65.7%,19857,1.61,13900,2.91,28782,17810,61.9%,16774,1.72,11742,2.62,,,,,,,,,,,,,,,,,,,,,
セル サイドボード,ブラック Aタイプ / 幅50×奥行35×高さ52.5cm,ba0c178e35a349e64233449856c0c13f,ACTIVE,tier-core,storage,SUMMER_SALE,大型,3500,7472,10972,推定(ckb_cost + ship_est),33480,31980,Aタイプ,—,31980,21008,65.7%,19857,1.61,13900,2.91,28782,17810,61.9%,16774,1.72,11742,2.62,,,,,,,,,,,,,,,,,,,,,
セル サイドボード,ホワイト Bタイプ / 幅50×奥行35×高さ52.5cm,82ce2d2926ae52167411b53631bb6c60,ACTIVE,tier-core,storage,SUMMER_SALE,大型,3500,7971,11471,推定(ckb_cost + ship_est),34980,33480,Bタイプ,—,33480,22009,65.7%,20804,1.61,14563,2.92,30132,18661,61.9%,17576,1.71,12303,2.63,,,,,,,,,,,,,,,,,,,,,
セル サイドボード,ブラック Bタイプ / 幅50×奥行35×高さ52.5cm,c92a60f86cdf943ba40bfdeb2ca905f1,ACTIVE,tier-core,storage,SUMMER_SALE,大型,3500,7971,11471,推定(ckb_cost + ship_est),34980,33480,Bタイプ,—,33480,22009,65.7%,20804,1.61,14563,2.92,30132,18661,61.9%,17576,1.71,12303,2.63,,,,,,,,,,,,,,,,,,,,,
セル モジュールキャビネット,シングル Aタイプ 幅75×奥行35×高さ70cm,45722313e1218e2f7ba24b599e052b1c,DRAFT,tier-core,storage,除外_DRAFT,大型,3500,,原価待ち,原価待ち,39480,39480,価格設計対象外(除外_DRAFT),—,原価待ち,原価待ち,原価待ち,原価待ち,原価待ち,原価待ち,原価待ち,,,,,,,,,,,,,,,,,,,,,,,,,,,,
セル モジュールキャビネット,シングル Bタイプ 幅75×奥行35×高さ70cm,260fd4a5b8b793cae5dec5022f16aec5,DRAFT,tier-core,storage,除外_DRAFT,大型,3500,,原価待ち,原価待ち,46480,46480,価格設計対象外(除外_DRAFT),—,原価待ち,原価待ち,原価待ち,原価待ち,原価待ち,原価待ち,原価待ち,,,,,,,,,,,,,,,,,,,,,,,,,,,,
セル モジュールキャビネット,シングル Cタイプ 幅75×奥行35×高さ70cm,9f8b62bce2483c8608d6d8de98334b41,DRAFT,tier-core,storage,除外_DRAFT,大型,3500,,原価待ち,原価待ち,50480,50480,価格設計対象外(除外_DRAFT),—,原価待ち,原価待ち,原価待ち,原価待ち,原価待ち,原価待ち,原価待ち,,,,,,,,,,,,,,,,,,,,,,,,,,,,
セル モジュールキャビネット,ダブル Aタイプ 幅150×奥行35×高さ70cm,eb0fbfee661102f80b2ab299590804bc,DRAFT,tier-core,storage,除外_DRAFT,大型,3500,,原価待ち,原価待ち,92480,92480,価格設計対象外(除外_DRAFT),—,原価待ち,原価待ち,原価待ち,原価待ち,原価待ち,原価待ち,原価待ち,,,,,,,,,,,,,,,,,,,,,,,,,,,,
セル モジュールキャビネット,ダブル Bタイプ 幅150×奥行35×高さ70cm,685bce782560abc0cd163f2f8013fee0,DRAFT,tier-core,storage,除外_DRAFT,大型,3500,,原価待ち,原価待ち,92480,92480,価格設計対象外(除外_DRAFT),—,原価待ち,原価待ち,原価待ち,原価待ち,原価待ち,原価待ち,原価待ち,,,,,,,,,,,,,,,,,,,,,,,,,,,,
ソラ キャットハンモック,ファブリック グレー,108b0dc0e0bad0bdf88b77370e3717fb,ACTIVE,tier-core,pet-furniture,保留_市場調査,大型,3500,4973,8473,推定(ckb_cost + ship_est),20480,20480,価格設計対象外(保留_市場調査),—,20480,12007,58.6%,11270,1.82,7889,2.42,,,,,,,,,,,,,,,,,,,,,,,,,,,,
ソラ キャットハンモック,ファブリック ベージュ,d52de93c868d7322a01e9bcfc6e7b7dc,ACTIVE,tier-core,pet-furniture,保留_市場調査,大型,3500,4973,8473,推定(ckb_cost + ship_est),20480,20480,価格設計対象外(保留_市場調査),—,20480,12007,58.6%,11270,1.82,7889,2.42,,,,,,,,,,,,,,,,,,,,,,,,,,,,
ソラ キャットハンモック,木製フレーム ベージュ（クッション付き）,4579d46734814c2073a47d9ffe183e32,ACTIVE,tier-core,pet-furniture,保留_市場調査,大型,3500,4973,8473,推定(ckb_cost + ship_est),20480,20480,価格設計対象外(保留_市場調査),—,20480,12007,58.6%,11270,1.82,7889,2.42,,,,,,,,,,,,,,,,,,,,,,,,,,,,
ソラ キャットハンモック,木製フレーム グレー（クッション付き）,d8093439f7aea64aef353acf897fbe58,ACTIVE,tier-core,pet-furniture,保留_市場調査,大型,3500,4973,8473,推定(ckb_cost + ship_est),20480,20480,価格設計対象外(保留_市場調査),—,20480,12007,58.6%,11270,1.82,7889,2.42,,,,,,,,,,,,,,,,,,,,,,,,,,,,
ツインベル アラームクロック,ホワイト,0d9069aadbf4ab17ccf3bddf69e4e3c8,ACTIVE,tier-aov,object,SUMMER_SALE,小物,800,997,1797,推定(ckb_cost + ship_est),5480,4980,Owner承認済み,P-F,4980,3183,63.9%,3004,1.66,2103,2.77,4482,2685,59.9%,2524,1.78,1767,2.49,,,,,,,,,,,,,,,4233,2436,57.5%,2284,1.85,1599,2.36
デュオ ナイトテーブル,天然木 1連 / ラバーウッド × ステンレス天板,b2b0b5df37fa7f2eda9a39de857f5751,ACTIVE,tier-core,storage,SUMMER_SALE,大型,3500,14025,17525,推定(ckb_cost + ship_est),53480,49980,1連,—,49980,32455,64.9%,30656,1.63,21459,2.85,44982,27457,61.0%,25838,1.74,18086,2.57,,,,,,,,,,,,,,,,,,,,,
デュオ ナイトテーブル,天然木 2連 / ラバーウッド × ステンレス天板,8d3b616f47d3c16429f7d4a73434e0a5,ACTIVE,tier-core,storage,SUMMER_SALE,大型,3500,31237,34737,推定(ckb_cost + ship_est),104980,99980,2連,—,99980,65243,65.3%,61644,1.62,43151,2.88,89982,55245,61.4%,52006,1.73,36404,2.59,,,,,,,,,,,,,,,,,,,,,
デュオ ナイトテーブル,ブラック 1連 / ラバーウッド × ステンレス天板,5ed747e288c42486e0ed8e70951a2ab4,ACTIVE,tier-core,storage,SUMMER_SALE,大型,3500,14025,17525,推定(ckb_cost + ship_est),53480,49980,1連,—,49980,32455,64.9%,30656,1.63,21459,2.85,44982,27457,61.0%,25838,1.74,18086,2.57,,,,,,,,,,,,,,,,,,,,,
デュオ ナイトテーブル,ブラック 2連 / ラバーウッド × ステンレス天板,fe24c5b36b8e11aea02d5888028d654f,ACTIVE,tier-core,storage,SUMMER_SALE,大型,3500,31237,34737,推定(ckb_cost + ship_est),104980,99980,2連,—,99980,65243,65.3%,61644,1.62,43151,2.88,89982,55245,61.4%,52006,1.73,36404,2.59,,,,,,,,,,,,,,,,,,,,,
ハル ダイニングチェア,チェリー × ミルクブラウンレザー調（1脚）,f95de56dc5ae72dddab037a31ac85f58,ACTIVE,tier-core,chair,SUMMER_SALE,中型,1750,5372,7122,推定(ckb_cost + ship_est),21980,20980,1脚,—,20980,13858,66.1%,13103,1.60,9172,2.95,18882,11760,62.3%,11080,1.70,7756,2.65,,,,,,,,,,,,,,,,,,,,,
ハル ダイニングチェア,ウォールナット × グレーレザー調（1脚）,66534c50a2e84f7325295556bd51f753,ACTIVE,tier-core,chair,SUMMER_SALE,中型,1750,5372,7122,推定(ckb_cost + ship_est),21980,20980,1脚,—,20980,13858,66.1%,13103,1.60,9172,2.95,18882,11760,62.3%,11080,1.70,7756,2.65,,,,,,,,,,,,,,,,,,,,,
ハル ダイニングチェア,チェリー × ミルクブラウンレザー調（2脚セット）,ec1e80f521e6b25b48fd78902e3de0a0,ACTIVE,tier-core,chair,SUMMER_SALE,中型,1750,9871,11621,推定(ckb_cost + ship_est),35480,33980,2脚セット(構造的二重割引に注意),—,33980,22359,65.8%,21136,1.61,14795,2.92,30582,18961,62.0%,17860,1.71,12502,2.63,,,,,,,,,,,,,,,,,,,,,
ハル ダイニングチェア,ウォールナット × グレーレザー調（2脚セット）,4204cd6168b8b2ed94e1e2c636a4018a,ACTIVE,tier-core,chair,SUMMER_SALE,中型,1750,9871,11621,推定(ckb_cost + ship_est),35480,33980,2脚セット(構造的二重割引に注意),—,33980,22359,65.8%,21136,1.61,14795,2.92,30582,18961,62.0%,17860,1.71,12502,2.63,,,,,,,,,,,,,,,,,,,,,
バルーンドッグ オブジェ,ブルー / 幅21×奥行7.5×高さ18cm,994c4b086820abeb527a60044275e816,ACTIVE,tier-brand-builder,object,MULTI_BUY,小物,800,474,1274,推定(ckb_cost + ship_est),3980,3480,Owner承認済み,P-F,3480,2206,63.4%,2081,1.67,1457,2.73,,,,,,,,3132,1858,59.3%,1745,1.79,1222,2.46,2958,1684,56.9%,1578,1.88,1104,2.32,2958,1684,56.9%,1578,1.88,1104,2.32
バルーンドッグ オブジェ,グリーン / 幅21×奥行7.5×高さ18cm,38abe9bb2c2e51270eabe1e756b45025,ACTIVE,tier-brand-builder,object,MULTI_BUY,小物,800,474,1274,推定(ckb_cost + ship_est),3980,3480,Owner承認済み,P-F,3480,2206,63.4%,2081,1.67,1457,2.73,,,,,,,,3132,1858,59.3%,1745,1.79,1222,2.46,2958,1684,56.9%,1578,1.88,1104,2.32,2958,1684,56.9%,1578,1.88,1104,2.32
バルーンドッグ オブジェ,ピンク / 幅21×奥行7.5×高さ18cm,258167debc56c33ca4a6574e3d4236cb,ACTIVE,tier-brand-builder,object,MULTI_BUY,小物,800,474,1274,推定(ckb_cost + ship_est),3980,3480,Owner承認済み,P-F,3480,2206,63.4%,2081,1.67,1457,2.73,,,,,,,,3132,1858,59.3%,1745,1.79,1222,2.46,2958,1684,56.9%,1578,1.88,1104,2.32,2958,1684,56.9%,1578,1.88,1104,2.32
バルーンドッグ オブジェ,マルチカラー / 幅21×奥行7.5×高さ18cm,79bd4179da79fb2fc982b60044e00385,ACTIVE,tier-brand-builder,object,MULTI_BUY,小物,800,474,1274,推定(ckb_cost + ship_est),3980,3480,Owner承認済み,P-F,3480,2206,63.4%,2081,1.67,1457,2.73,,,,,,,,3132,1858,59.3%,1745,1.79,1222,2.46,2958,1684,56.9%,1578,1.88,1104,2.32,2958,1684,56.9%,1578,1.88,1104,2.32
バルーンドッグ オブジェ,ゴールド / 幅21×奥行7.5×高さ18cm,d9dc8606261849e776997393a0efe792,ACTIVE,tier-brand-builder,object,MULTI_BUY,小物,800,474,1274,推定(ckb_cost + ship_est),3980,3480,Owner承認済み,P-F,3480,2206,63.4%,2081,1.67,1457,2.73,,,,,,,,3132,1858,59.3%,1745,1.79,1222,2.46,2958,1684,56.9%,1578,1.88,1104,2.32,2958,1684,56.9%,1578,1.88,1104,2.32
バルーンドッグ オブジェ,シルバー / 幅21×奥行7.5×高さ18cm,827a3e1539a7882340a1d41533f1426f,ACTIVE,tier-brand-builder,object,MULTI_BUY,小物,800,474,1274,推定(ckb_cost + ship_est),3980,3480,Owner承認済み,P-F,3480,2206,63.4%,2081,1.67,1457,2.73,,,,,,,,3132,1858,59.3%,1745,1.79,1222,2.46,2958,1684,56.9%,1578,1.88,1104,2.32,2958,1684,56.9%,1578,1.88,1104,2.32
バルーンドッグ オブジェ,パールホワイト / 幅21×奥行7.5×高さ18cm,6066adc934248df629535895abc0c1e3,ACTIVE,tier-brand-builder,object,MULTI_BUY,小物,800,474,1274,推定(ckb_cost + ship_est),3980,3480,Owner承認済み,P-F,3480,2206,63.4%,2081,1.67,1457,2.73,,,,,,,,3132,1858,59.3%,1745,1.79,1222,2.46,2958,1684,56.9%,1578,1.88,1104,2.32,2958,1684,56.9%,1578,1.88,1104,2.32
バルーンドッグ オブジェ,ブルーグレー / 幅21×奥行7.5×高さ18cm,7e898398eea72c7ecdcbcbb7206f2570,ACTIVE,tier-brand-builder,object,MULTI_BUY,小物,800,474,1274,推定(ckb_cost + ship_est),3980,3480,Owner承認済み,P-F,3480,2206,63.4%,2081,1.67,1457,2.73,,,,,,,,3132,1858,59.3%,1745,1.79,1222,2.46,2958,1684,56.9%,1578,1.88,1104,2.32,2958,1684,56.9%,1578,1.88,1104,2.32
バルーンドッグ オブジェ,オレンジレッド / 幅21×奥行7.5×高さ18cm,e9dbf34cf81c5b6f1117b0d5c9ffbc08,ACTIVE,tier-brand-builder,object,MULTI_BUY,小物,800,474,1274,推定(ckb_cost + ship_est),3980,3480,Owner承認済み,P-F,3480,2206,63.4%,2081,1.67,1457,2.73,,,,,,,,3132,1858,59.3%,1745,1.79,1222,2.46,2958,1684,56.9%,1578,1.88,1104,2.32,2958,1684,56.9%,1578,1.88,1104,2.32
パイピング クッション,ブラウン パイピング / 45×45cm（中材付き）,d8818d6dcb4b9335416a2f665e91fbfc,ACTIVE,tier-aov,cushion,MULTI_BUY,小物,800,1219,2019,推定(ckb_cost + ship_est),6480,5980,CKB 1219帯,P-C,5980,3961,66.2%,3746,1.60,2622,2.96,,,,,,,,5382,3363,62.5%,3169,1.70,2218,2.67,5083,3064,60.3%,2881,1.76,2017,2.52,5083,3064,60.3%,2881,1.76,2017,2.52
パイピング クッション,ブラウン フレンチフラワー / 45×45cm（中材付き）,f64d694128a7e0f3bef294c4ab0fbb96,ACTIVE,tier-aov,cushion,MULTI_BUY,小物,800,1219,2019,推定(ckb_cost + ship_est),6480,5980,CKB 1219帯,P-C,5980,3961,66.2%,3746,1.60,2622,2.96,,,,,,,,5382,3363,62.5%,3169,1.70,2218,2.67,5083,3064,60.3%,2881,1.76,2017,2.52,5083,3064,60.3%,2881,1.76,2017,2.52
パイピング クッション,ミルキーホワイト ダイヤキルト / 45×45cm（中材付き）,e999445af7f129580d529f89f2a7749c,ACTIVE,tier-aov,cushion,MULTI_BUY,小物,800,1219,2019,推定(ckb_cost + ship_est),6480,5980,CKB 1219帯,P-C,5980,3961,66.2%,3746,1.60,2622,2.96,,,,,,,,5382,3363,62.5%,3169,1.70,2218,2.67,5083,3064,60.3%,2881,1.76,2017,2.52,5083,3064,60.3%,2881,1.76,2017,2.52
パイピング クッション,オフホワイト フレンチフラワー / 45×45cm（中材付き）,6ee575faf01b93bc4aebd9b2d771e447,ACTIVE,tier-aov,cushion,MULTI_BUY,小物,800,1219,2019,推定(ckb_cost + ship_est),6480,5980,CKB 1219帯,P-C,5980,3961,66.2%,3746,1.60,2622,2.96,,,,,,,,5382,3363,62.5%,3169,1.70,2218,2.67,5083,3064,60.3%,2881,1.76,2017,2.52,5083,3064,60.3%,2881,1.76,2017,2.52
パイピング クッション,ブラウン ヘリンボーンチェック / 45×45cm（中材付き）,922262d1335c88bcf8489839816a654a,ACTIVE,tier-aov,cushion,MULTI_BUY,小物,800,1094,1894,推定(ckb_cost + ship_est),5980,5480,CKB 1094帯,P-C,5480,3586,65.4%,3389,1.62,2372,2.89,,,,,,,,4932,3038,61.6%,2860,1.72,2002,2.60,4658,2764,59.3%,2596,1.79,1817,2.46,4658,2764,59.3%,2596,1.79,1817,2.46
パイピング クッション,ミルクイエロー ブリック / 45×45cm（中材付き）,e80d1522c7098febd365e6050bd60f49,ACTIVE,tier-aov,cushion,MULTI_BUY,小物,800,1369,2169,推定(ckb_cost + ship_est),6980,6480,CKB 1369帯,P-C,6480,4311,66.5%,4078,1.59,2854,2.99,,,,,,,,5832,3663,62.8%,3453,1.69,2417,2.69,5508,3339,60.6%,3141,1.75,2198,2.54,5508,3339,60.6%,3141,1.75,2198,2.54
パイピング クッション,ライトカーキ カットフラワー / 45×45cm（中材付き）,b8092ba94a66a4acc00329edcad71b5d,ACTIVE,tier-aov,cushion,MULTI_BUY,小物,800,1094,1894,推定(ckb_cost + ship_est),5980,5480,CKB 1094帯,P-C,5480,3586,65.4%,3389,1.62,2372,2.89,,,,,,,,4932,3038,61.6%,2860,1.72,2002,2.60,4658,2764,59.3%,2596,1.79,1817,2.46,4658,2764,59.3%,2596,1.79,1817,2.46
パイピング クッション,カーキ ワイドストライプ / 45×45cm（中材付き）,2f84c3b5a775a450a8e9a227ab340528,ACTIVE,tier-aov,cushion,MULTI_BUY,小物,800,1219,2019,推定(ckb_cost + ship_est),6480,5980,CKB 1219帯,P-C,5980,3961,66.2%,3746,1.60,2622,2.96,,,,,,,,5382,3363,62.5%,3169,1.70,2218,2.67,5083,3064,60.3%,2881,1.76,2017,2.52,5083,3064,60.3%,2881,1.76,2017,2.52
ビス ダイニングチェア,ブラック × ベージュパッチワーク,40f54f66091edf591eec4114ea9d4a1e,ACTIVE,tier-core,chair,SUMMER_SALE,中型,1750,5947,7697,推定(ckb_cost + ship_est),23480,22980,パッチワーク系,—,22980,15283,66.5%,14456,1.59,10119,2.99,20682,12985,62.8%,12240,1.69,8568,2.69,,,,,,,,,,,,,,,,,,,,,
ビス ダイニングチェア,ブラック × ブラックパッチワーク,127a25ce45be89cdebdc6f5737d9188c,ACTIVE,tier-core,chair,SUMMER_SALE,中型,1750,5947,7697,推定(ckb_cost + ship_est),23480,22980,パッチワーク系,—,22980,15283,66.5%,14456,1.59,10119,2.99,20682,12985,62.8%,12240,1.69,8568,2.69,,,,,,,,,,,,,,,,,,,,,
ビス ダイニングチェア,ブラック × ベージュファブリック,470f2865fb2906169e1128531e04f974,ACTIVE,tier-core,chair,SUMMER_SALE,中型,1750,6697,8447,推定(ckb_cost + ship_est),25980,24980,ファブリック系,—,24980,16533,66.2%,15634,1.60,10944,2.96,22482,14035,62.4%,13226,1.70,9258,2.66,,,,,,,,,,,,,,,,,,,,,
ビス ダイニングチェア,ブラック × オフホワイトファブリック,dc1f674d953fc4034a0b3081388bb714,ACTIVE,tier-core,chair,SUMMER_SALE,中型,1750,6697,8447,推定(ckb_cost + ship_est),25980,24980,ファブリック系,—,24980,16533,66.2%,15634,1.60,10944,2.96,22482,14035,62.4%,13226,1.70,9258,2.66,,,,,,,,,,,,,,,,,,,,,
ビス ダイニングチェア,ダークウォールナット × ライスイエローファブリック,40fea582b71215b2350490e7403e206e,ACTIVE,tier-core,chair,SUMMER_SALE,中型,1750,6697,8447,推定(ckb_cost + ship_est),25980,24980,ファブリック系,—,24980,16533,66.2%,15634,1.60,10944,2.96,22482,14035,62.4%,13226,1.70,9258,2.66,,,,,,,,,,,,,,,,,,,,,
ビス ダイニングチェア,ダークウォールナット × オフホワイトファブリック,23eb64717035be7c51dfd00be533c77b,ACTIVE,tier-core,chair,SUMMER_SALE,中型,1750,6697,8447,推定(ckb_cost + ship_est),25980,24980,ファブリック系,—,24980,16533,66.2%,15634,1.60,10944,2.96,22482,14035,62.4%,13226,1.70,9258,2.66,,,,,,,,,,,,,,,,,,,,,
ビス ダイニングチェア,ダークウォールナット × ベージュパッチワーク,18dce98460fc8f94843bd61f9d234c7e,ACTIVE,tier-core,chair,SUMMER_SALE,中型,1750,5947,7697,推定(ckb_cost + ship_est),23480,22980,パッチワーク系,—,22980,15283,66.5%,14456,1.59,10119,2.99,20682,12985,62.8%,12240,1.69,8568,2.69,,,,,,,,,,,,,,,,,,,,,
ビス ダイニングチェア,ダークウォールナット × ブラックパッチワーク,7eaf3594cd8b46c6b74a5b77fe49a7e1,ACTIVE,tier-core,chair,SUMMER_SALE,中型,1750,5947,7697,推定(ckb_cost + ship_est),23480,22980,パッチワーク系,—,22980,15283,66.5%,14456,1.59,10119,2.99,20682,12985,62.8%,12240,1.69,8568,2.69,,,,,,,,,,,,,,,,,,,,,
ビス ダイニングチェア,ダークウォールナット × オレンジファブリック,f6e97e5b36057ef7be7f224f16127f41,ACTIVE,tier-core,chair,SUMMER_SALE,中型,1750,5947,7697,推定(ckb_cost + ship_est),23480,22980,パッチワーク系,—,22980,15283,66.5%,14456,1.59,10119,2.99,20682,12985,62.8%,12240,1.69,8568,2.69,,,,,,,,,,,,,,,,,,,,,
ピボ テーブルランプ,レッド,4a9615e29629c2a3273780d0bf0c0f99,ACTIVE,tier-brand-builder,lighting,SUMMER_SALE,中型,1750,7496,9246,推定(ckb_cost + ship_est),28480,26980,現Variantの CKB原価のみ使用,—,26980,17734,65.7%,16763,1.61,11734,2.92,24282,15036,61.9%,14162,1.71,9913,2.63,,,,,,,,,,,,,,,,,,,,,
ピボ テーブルランプ,ダークグリーン,f2cace257776a331d6841064f744d08c,ACTIVE,tier-brand-builder,lighting,SUMMER_SALE,中型,1750,7496,9246,推定(ckb_cost + ship_est),28480,26980,現Variantの CKB原価のみ使用,—,26980,17734,65.7%,16763,1.61,11734,2.92,24282,15036,61.9%,14162,1.71,9913,2.63,,,,,,,,,,,,,,,,,,,,,
ピボ テーブルランプ,オレンジ,f3cd002bec518d3fb6b0c5336b7b413e,ACTIVE,tier-brand-builder,lighting,SUMMER_SALE,中型,1750,7496,9246,推定(ckb_cost + ship_est),28480,26980,現Variantの CKB原価のみ使用,—,26980,17734,65.7%,16763,1.61,11734,2.92,24282,15036,61.9%,14162,1.71,9913,2.63,,,,,,,,,,,,,,,,,,,,,
フェイクファー ブランケット,フェイクファーストライプ-クリームホワイト / 100×150cm,e983f9cfb6828b4645a902b69c2f810c,ACTIVE,tier-aov,textile,MULTI_BUY,小物,800,324,1124,推定(ckb_cost + ship_est),3480,2980,100x150cm,P-C,2980,1856,62.3%,1749,1.70,1224,2.65,,,,,,,,2682,1558,58.1%,1461,1.84,1023,2.39,2533,1409,55.6%,1318,1.92,922,2.25,2533,1409,55.6%,1318,1.92,922,2.25
フェイクファー ブランケット,フェイクファーストライプ-クリームホワイト / 150×200cm,d2a5645fbbf6249fd82ecf74b898eaf7,ACTIVE,tier-aov,textile,MULTI_BUY,小物,800,549,1349,推定(ckb_cost + ship_est),4480,3980,150x200 / 180x200cm,P-C,3980,2631,66.1%,2488,1.60,1741,2.95,,,,,,,,3582,2233,62.3%,2104,1.70,1473,2.66,3383,2034,60.1%,1912,1.77,1339,2.51,3383,2034,60.1%,1912,1.77,1339,2.51
フェイクファー ブランケット,フェイクファーストライプ-クリームホワイト / 180×200cm,5cd7e3bacba406bac4c6729e7a892299,ACTIVE,tier-aov,textile,MULTI_BUY,小物,800,624,1424,推定(ckb_cost + ship_est),4480,3980,150x200 / 180x200cm,P-C,3980,2556,64.2%,2413,1.65,1689,2.79,,,,,,,,3582,2158,60.2%,2029,1.77,1420,2.52,3383,1959,57.9%,1837,1.84,1286,2.38,3383,1959,57.9%,1837,1.84,1286,2.38
フェイクファー ブランケット,フェイクファーストライプ-カーキ / 100×150cm,cad6c2b689bc2f50cd5d932eac52bfba,ACTIVE,tier-aov,textile,MULTI_BUY,小物,800,324,1124,推定(ckb_cost + ship_est),3480,2980,100x150cm,P-C,2980,1856,62.3%,1749,1.70,1224,2.65,,,,,,,,2682,1558,58.1%,1461,1.84,1023,2.39,2533,1409,55.6%,1318,1.92,922,2.25,2533,1409,55.6%,1318,1.92,922,2.25
フェイクファー ブランケット,フェイクファーストライプ-カーキ / 150×200cm,eb92aa5bd7f4b97e87894944040ab635,ACTIVE,tier-aov,textile,MULTI_BUY,小物,800,549,1349,推定(ckb_cost + ship_est),4480,3980,150x200 / 180x200cm,P-C,3980,2631,66.1%,2488,1.60,1741,2.95,,,,,,,,3582,2233,62.3%,2104,1.70,1473,2.66,3383,2034,60.1%,1912,1.77,1339,2.51,3383,2034,60.1%,1912,1.77,1339,2.51
フェイクファー ブランケット,フェイクファーストライプ-カーキ / 180×200cm,1e2a74b8fa053fd06b254c1a13e21917,ACTIVE,tier-aov,textile,MULTI_BUY,小物,800,624,1424,推定(ckb_cost + ship_est),4480,3980,150x200 / 180x200cm,P-C,3980,2556,64.2%,2413,1.65,1689,2.79,,,,,,,,3582,2158,60.2%,2029,1.77,1420,2.52,3383,1959,57.9%,1837,1.84,1286,2.38,3383,1959,57.9%,1837,1.84,1286,2.38
フェイクファー ブランケット,フェイクファーストライプ-ダークグレー / 100×150cm,ef7f0159b57647335b52ff2199324d81,ACTIVE,tier-aov,textile,MULTI_BUY,小物,800,324,1124,推定(ckb_cost + ship_est),3480,2980,100x150cm,P-C,2980,1856,62.3%,1749,1.70,1224,2.65,,,,,,,,2682,1558,58.1%,1461,1.84,1023,2.39,2533,1409,55.6%,1318,1.92,922,2.25,2533,1409,55.6%,1318,1.92,922,2.25
フェイクファー ブランケット,フェイクファーストライプ-ダークグレー / 150×200cm,b3503bd0f476df342afa45ed560f1e7a,ACTIVE,tier-aov,textile,MULTI_BUY,小物,800,549,1349,推定(ckb_cost + ship_est),4480,3980,150x200 / 180x200cm,P-C,3980,2631,66.1%,2488,1.60,1741,2.95,,,,,,,,3582,2233,62.3%,2104,1.70,1473,2.66,3383,2034,60.1%,1912,1.77,1339,2.51,3383,2034,60.1%,1912,1.77,1339,2.51
フェイクファー ブランケット,フェイクファーストライプ-ダークグレー / 180×200cm,b8731d7437c74b9840c016fd69d394fa,ACTIVE,tier-aov,textile,MULTI_BUY,小物,800,624,1424,推定(ckb_cost + ship_est),4480,3980,150x200 / 180x200cm,P-C,3980,2556,64.2%,2413,1.65,1689,2.79,,,,,,,,3582,2158,60.2%,2029,1.77,1420,2.52,3383,1959,57.9%,1837,1.84,1286,2.38,3383,1959,57.9%,1837,1.84,1286,2.38
フェイクファー ブランケット,フェイクファーストライプ-ライトグレー / 100×150cm,5621be7de738bdc3b454e2d3c513905e,ACTIVE,tier-aov,textile,MULTI_BUY,小物,800,324,1124,推定(ckb_cost + ship_est),3480,2980,100x150cm,P-C,2980,1856,62.3%,1749,1.70,1224,2.65,,,,,,,,2682,1558,58.1%,1461,1.84,1023,2.39,2533,1409,55.6%,1318,1.92,922,2.25,2533,1409,55.6%,1318,1.92,922,2.25
フェイクファー ブランケット,フェイクファーストライプ-ライトグレー / 150×200cm,c3accbf3305de93ffc77f197970824c3,ACTIVE,tier-aov,textile,MULTI_BUY,小物,800,549,1349,推定(ckb_cost + ship_est),4480,3980,150x200 / 180x200cm,P-C,3980,2631,66.1%,2488,1.60,1741,2.95,,,,,,,,3582,2233,62.3%,2104,1.70,1473,2.66,3383,2034,60.1%,1912,1.77,1339,2.51,3383,2034,60.1%,1912,1.77,1339,2.51
フェイクファー ブランケット,フェイクファーストライプ-ライトグレー / 180×200cm,935a0d5816288ee5398f22931588273f,ACTIVE,tier-aov,textile,MULTI_BUY,小物,800,624,1424,推定(ckb_cost + ship_est),4480,3980,150x200 / 180x200cm,P-C,3980,2556,64.2%,2413,1.65,1689,2.79,,,,,,,,3582,2158,60.2%,2029,1.77,1420,2.52,3383,1959,57.9%,1837,1.84,1286,2.38,3383,1959,57.9%,1837,1.84,1286,2.38
フェイクファー ブランケット,フェイクファーストライプ-ピンク / 100×150cm,961447f0ebdc4ed8073bdbf1b1194649,ACTIVE,tier-aov,textile,MULTI_BUY,小物,800,324,1124,推定(ckb_cost + ship_est),3480,2980,100x150cm,P-C,2980,1856,62.3%,1749,1.70,1224,2.65,,,,,,,,2682,1558,58.1%,1461,1.84,1023,2.39,2533,1409,55.6%,1318,1.92,922,2.25,2533,1409,55.6%,1318,1.92,922,2.25
フェイクファー ブランケット,フェイクファーストライプ-ピンク / 150×200cm,d38100db6b4de6e84cec2a2aa1e0b383,ACTIVE,tier-aov,textile,MULTI_BUY,小物,800,549,1349,推定(ckb_cost + ship_est),4480,3980,150x200 / 180x200cm,P-C,3980,2631,66.1%,2488,1.60,1741,2.95,,,,,,,,3582,2233,62.3%,2104,1.70,1473,2.66,3383,2034,60.1%,1912,1.77,1339,2.51,3383,2034,60.1%,1912,1.77,1339,2.51
フェイクファー ブランケット,フェイクファーストライプ-ピンク / 180×200cm,9562e500e71761d4cfdd48903e856bd3,ACTIVE,tier-aov,textile,MULTI_BUY,小物,800,624,1424,推定(ckb_cost + ship_est),4480,3980,150x200 / 180x200cm,P-C,3980,2556,64.2%,2413,1.65,1689,2.79,,,,,,,,3582,2158,60.2%,2029,1.77,1420,2.52,3383,1959,57.9%,1837,1.84,1286,2.38,3383,1959,57.9%,1837,1.84,1286,2.38
フェイクファー ブランケット,フェイクファーストライプ-フルーツグリーン / 100×150cm,0c2858c8271bcdc306931d3358271c66,ACTIVE,tier-aov,textile,MULTI_BUY,小物,800,324,1124,推定(ckb_cost + ship_est),3480,2980,100x150cm,P-C,2980,1856,62.3%,1749,1.70,1224,2.65,,,,,,,,2682,1558,58.1%,1461,1.84,1023,2.39,2533,1409,55.6%,1318,1.92,922,2.25,2533,1409,55.6%,1318,1.92,922,2.25
フェイクファー ブランケット,フェイクファーストライプ-フルーツグリーン / 150×200cm,cfc43aa289e345b705e21f193a290122,ACTIVE,tier-aov,textile,MULTI_BUY,小物,800,549,1349,推定(ckb_cost + ship_est),4480,3980,150x200 / 180x200cm,P-C,3980,2631,66.1%,2488,1.60,1741,2.95,,,,,,,,3582,2233,62.3%,2104,1.70,1473,2.66,3383,2034,60.1%,1912,1.77,1339,2.51,3383,2034,60.1%,1912,1.77,1339,2.51
フェイクファー ブランケット,フェイクファーストライプ-フルーツグリーン / 180×200cm,0d0bcb81ce73f807b8804b5076cdad00,ACTIVE,tier-aov,textile,MULTI_BUY,小物,800,624,1424,推定(ckb_cost + ship_est),4480,3980,150x200 / 180x200cm,P-C,3980,2556,64.2%,2413,1.65,1689,2.79,,,,,,,,3582,2158,60.2%,2029,1.77,1420,2.52,3383,1959,57.9%,1837,1.84,1286,2.38,3383,1959,57.9%,1837,1.84,1286,2.38
フェイクファー ブランケット,フェイクファーストライプ-キャラメル / 100×150cm,d89bdd2b32c57d34de88ae20ffcbdbbe,ACTIVE,tier-aov,textile,MULTI_BUY,小物,800,324,1124,推定(ckb_cost + ship_est),3480,2980,100x150cm,P-C,2980,1856,62.3%,1749,1.70,1224,2.65,,,,,,,,2682,1558,58.1%,1461,1.84,1023,2.39,2533,1409,55.6%,1318,1.92,922,2.25,2533,1409,55.6%,1318,1.92,922,2.25
フェイクファー ブランケット,フェイクファーストライプ-キャラメル / 150×200cm,f2bf4facb88d57e026c8ef3ed0839a98,ACTIVE,tier-aov,textile,MULTI_BUY,小物,800,549,1349,推定(ckb_cost + ship_est),4480,3980,150x200 / 180x200cm,P-C,3980,2631,66.1%,2488,1.60,1741,2.95,,,,,,,,3582,2233,62.3%,2104,1.70,1473,2.66,3383,2034,60.1%,1912,1.77,1339,2.51,3383,2034,60.1%,1912,1.77,1339,2.51
フェイクファー ブランケット,フェイクファーストライプ-キャラメル / 180×200cm,4801cf62801f3d875f5678e0ece36469,ACTIVE,tier-aov,textile,MULTI_BUY,小物,800,624,1424,推定(ckb_cost + ship_est),4480,3980,150x200 / 180x200cm,P-C,3980,2556,64.2%,2413,1.65,1689,2.79,,,,,,,,3582,2158,60.2%,2029,1.77,1420,2.52,3383,1959,57.9%,1837,1.84,1286,2.38,3383,1959,57.9%,1837,1.84,1286,2.38
フェイクファー ブランケット,フェイクファーストライプ-ブルー / 100×150cm,ff81abc9501768f632305d4ee8f39742,ACTIVE,tier-aov,textile,MULTI_BUY,小物,800,324,1124,推定(ckb_cost + ship_est),3480,2980,100x150cm,P-C,2980,1856,62.3%,1749,1.70,1224,2.65,,,,,,,,2682,1558,58.1%,1461,1.84,1023,2.39,2533,1409,55.6%,1318,1.92,922,2.25,2533,1409,55.6%,1318,1.92,922,2.25
フェイクファー ブランケット,フェイクファーストライプ-ブルー / 150×200cm,a82c10cb9965aa01be6188d2ace920e0,ACTIVE,tier-aov,textile,MULTI_BUY,小物,800,549,1349,推定(ckb_cost + ship_est),4480,3980,150x200 / 180x200cm,P-C,3980,2631,66.1%,2488,1.60,1741,2.95,,,,,,,,3582,2233,62.3%,2104,1.70,1473,2.66,3383,2034,60.1%,1912,1.77,1339,2.51,3383,2034,60.1%,1912,1.77,1339,2.51
フェイクファー ブランケット,フェイクファーストライプ-ブルー / 180×200cm,e1935a7a09805cba71df52da24f7116d,ACTIVE,tier-aov,textile,MULTI_BUY,小物,800,624,1424,推定(ckb_cost + ship_est),4480,3980,150x200 / 180x200cm,P-C,3980,2556,64.2%,2413,1.65,1689,2.79,,,,,,,,3582,2158,60.2%,2029,1.77,1420,2.52,3383,1959,57.9%,1837,1.84,1286,2.38,3383,1959,57.9%,1837,1.84,1286,2.38
フェイクファー ブランケット,フェイクファーストライプ-ターメリックイエロー / 100×150cm,327bd51c72444e3414a91a64a9da2896,ACTIVE,tier-aov,textile,MULTI_BUY,小物,800,324,1124,推定(ckb_cost + ship_est),3480,2980,100x150cm,P-C,2980,1856,62.3%,1749,1.70,1224,2.65,,,,,,,,2682,1558,58.1%,1461,1.84,1023,2.39,2533,1409,55.6%,1318,1.92,922,2.25,2533,1409,55.6%,1318,1.92,922,2.25
フェイクファー ブランケット,フェイクファーストライプ-ターメリックイエロー / 150×200cm,0f5576d828eee16041c802ec84715b87,ACTIVE,tier-aov,textile,MULTI_BUY,小物,800,549,1349,推定(ckb_cost + ship_est),4480,3980,150x200 / 180x200cm,P-C,3980,2631,66.1%,2488,1.60,1741,2.95,,,,,,,,3582,2233,62.3%,2104,1.70,1473,2.66,3383,2034,60.1%,1912,1.77,1339,2.51,3383,2034,60.1%,1912,1.77,1339,2.51
フェイクファー ブランケット,フェイクファーストライプ-ターメリックイエロー / 180×200cm,9542c4e6f244ad5ae289368a369449a5,ACTIVE,tier-aov,textile,MULTI_BUY,小物,800,624,1424,推定(ckb_cost + ship_est),4480,3980,150x200 / 180x200cm,P-C,3980,2556,64.2%,2413,1.65,1689,2.79,,,,,,,,3582,2158,60.2%,2029,1.77,1420,2.52,3383,1959,57.9%,1837,1.84,1286,2.38,3383,1959,57.9%,1837,1.84,1286,2.38
フェイクファー ブランケット,フェイクファーストライプ-ライトパープル / 100×150cm,3aa1f9d26861f0c3645ee3a3e51bc028,ACTIVE,tier-aov,textile,MULTI_BUY,小物,800,324,1124,推定(ckb_cost + ship_est),3480,2980,100x150cm,P-C,2980,1856,62.3%,1749,1.70,1224,2.65,,,,,,,,2682,1558,58.1%,1461,1.84,1023,2.39,2533,1409,55.6%,1318,1.92,922,2.25,2533,1409,55.6%,1318,1.92,922,2.25
フェイクファー ブランケット,フェイクファーストライプ-ライトパープル / 150×200cm,1eccae5d97de019e00f4221da28f1c3f,ACTIVE,tier-aov,textile,MULTI_BUY,小物,800,549,1349,推定(ckb_cost + ship_est),4480,3980,150x200 / 180x200cm,P-C,3980,2631,66.1%,2488,1.60,1741,2.95,,,,,,,,3582,2233,62.3%,2104,1.70,1473,2.66,3383,2034,60.1%,1912,1.77,1339,2.51,3383,2034,60.1%,1912,1.77,1339,2.51
フェイクファー ブランケット,フェイクファーストライプ-ライトパープル / 180×200cm,e80459fded21fd254cedb7f52adbe8ea,ACTIVE,tier-aov,textile,MULTI_BUY,小物,800,624,1424,推定(ckb_cost + ship_est),4480,3980,150x200 / 180x200cm,P-C,3980,2556,64.2%,2413,1.65,1689,2.79,,,,,,,,3582,2158,60.2%,2029,1.77,1420,2.52,3383,1959,57.9%,1837,1.84,1286,2.38,3383,1959,57.9%,1837,1.84,1286,2.38
フラワー キャットタワー,花柄（花パーツ取り外し可）,fb7d098a2ec2110da668c161e1344f1f,ACTIVE,tier-core,cat-tower,SUMMER_SALE,大型,3500,6897,10397,推定(ckb_cost + ship_est),31480,29980,Owner承認済み,—,29980,19583,65.3%,18504,1.62,12953,2.88,26982,16585,61.5%,15614,1.73,10930,2.60,,,,,,,,,,,,,,,,,,,,,
フラワー キャットタワー,ホワイト（花パーツ取り外し可）,fe5d75c6f93254e45c1becb57402bc81,ACTIVE,tier-core,cat-tower,SUMMER_SALE,大型,3500,6897,10397,推定(ckb_cost + ship_est),31480,29980,Owner承認済み,—,29980,19583,65.3%,18504,1.62,12953,2.88,26982,16585,61.5%,15614,1.73,10930,2.60,,,,,,,,,,,,,,,,,,,,,
フラワー フロアクッション,ピンク / 直径50cm,2bd54ec1a89a8bdc734f1b05693653c4,ACTIVE,tier-aov,cushion,MULTI_BUY,小物,800,894,1694,推定(ckb_cost + ship_est),8480,5980,直径50cm,P-E,5980,4286,71.7%,4071,1.47,2850,3.53,,,,,,,,5382,3688,68.5%,3494,1.54,2446,3.18,5083,3389,66.7%,3206,1.59,2244,3.00,5083,3389,66.7%,3206,1.59,2244,3.00
フラワー フロアクッション,ピンク / 直径40cm,63de84b56a8a6923bcb25dbaf4c318e3,ACTIVE,tier-aov,cushion,MULTI_BUY,小物,800,594,1394,推定(ckb_cost + ship_est),7480,5480,直径40cm,P-E,5480,4086,74.6%,3889,1.41,2722,3.93,,,,,,,,4932,3538,71.7%,3360,1.47,2352,3.54,4658,3264,70.1%,3096,1.50,2167,3.34,4658,3264,70.1%,3096,1.50,2167,3.34
フラワー フロアクッション,イエロー / 直径50cm,b37b05b63a8197c0526904d5fce41ee0,ACTIVE,tier-aov,cushion,MULTI_BUY,小物,800,894,1694,推定(ckb_cost + ship_est),8480,5980,直径50cm,P-E,5980,4286,71.7%,4071,1.47,2850,3.53,,,,,,,,5382,3688,68.5%,3494,1.54,2446,3.18,5083,3389,66.7%,3206,1.59,2244,3.00,5083,3389,66.7%,3206,1.59,2244,3.00
フラワー フロアクッション,イエロー / 直径40cm,5c7f336a7adf8976ae5c478b5608b81a,ACTIVE,tier-aov,cushion,MULTI_BUY,小物,800,594,1394,推定(ckb_cost + ship_est),7480,5480,直径40cm,P-E,5480,4086,74.6%,3889,1.41,2722,3.93,,,,,,,,4932,3538,71.7%,3360,1.47,2352,3.54,4658,3264,70.1%,3096,1.50,2167,3.34,4658,3264,70.1%,3096,1.50,2167,3.34
フラワー フロアクッション,グレー / 直径50cm,ad2d5830a7985734a04c8a7d6fccaefe,ACTIVE,tier-aov,cushion,MULTI_BUY,小物,800,894,1694,推定(ckb_cost + ship_est),8480,5980,直径50cm,P-E,5980,4286,71.7%,4071,1.47,2850,3.53,,,,,,,,5382,3688,68.5%,3494,1.54,2446,3.18,5083,3389,66.7%,3206,1.59,2244,3.00,5083,3389,66.7%,3206,1.59,2244,3.00
フラワー フロアクッション,グレー / 直径40cm,20035f21512475bd686fb24c7e99119b,ACTIVE,tier-aov,cushion,MULTI_BUY,小物,800,594,1394,推定(ckb_cost + ship_est),7480,5480,直径40cm,P-E,5480,4086,74.6%,3889,1.41,2722,3.93,,,,,,,,4932,3538,71.7%,3360,1.47,2352,3.54,4658,3264,70.1%,3096,1.50,2167,3.34,4658,3264,70.1%,3096,1.50,2167,3.34
フラワー フロアクッション,グリーン / 直径50cm,19c4dca0b8d42491f406f3d1dcc2fe0a,ACTIVE,tier-aov,cushion,MULTI_BUY,小物,800,894,1694,推定(ckb_cost + ship_est),8480,5980,直径50cm,P-E,5980,4286,71.7%,4071,1.47,2850,3.53,,,,,,,,5382,3688,68.5%,3494,1.54,2446,3.18,5083,3389,66.7%,3206,1.59,2244,3.00,5083,3389,66.7%,3206,1.59,2244,3.00
フラワー フロアクッション,グリーン / 直径40cm,730b1b4096305a288f8a15defb663f8c,ACTIVE,tier-aov,cushion,MULTI_BUY,小物,800,594,1394,推定(ckb_cost + ship_est),7480,5480,直径40cm,P-E,5480,4086,74.6%,3889,1.41,2722,3.93,,,,,,,,4932,3538,71.7%,3360,1.47,2352,3.54,4658,3264,70.1%,3096,1.50,2167,3.34,4658,3264,70.1%,3096,1.50,2167,3.34
フラワーバッド テーブルランプ,充電式・タッチ式・3色調光 / レッド,d967da910e3b6ea7b627b1d9c288966c,ACTIVE,tier-core,lighting,MULTI_BUY,中型,1750,469,2219,推定(ckb_cost + ship_est),6980,5980,Owner承認済み,P-B / P-E,5980,3761,62.9%,3546,1.69,2482,2.69,,,,,,,,5382,3163,58.8%,2969,1.81,2078,2.43,5083,2864,56.3%,2681,1.90,1877,2.29,5083,2864,56.3%,2681,1.90,1877,2.29
フラワーバッド テーブルランプ,充電式・タッチ式・3色調光 / ホワイト,c1ded289d3375253bdea2c25abf7cea3,ACTIVE,tier-core,lighting,MULTI_BUY,中型,1750,469,2219,推定(ckb_cost + ship_est),6980,5980,Owner承認済み,P-B / P-E,5980,3761,62.9%,3546,1.69,2482,2.69,,,,,,,,5382,3163,58.8%,2969,1.81,2078,2.43,5083,2864,56.3%,2681,1.90,1877,2.29,5083,2864,56.3%,2681,1.90,1877,2.29
フラワーバッド テーブルランプ,充電式・タッチ式・3色調光 / ピンク,5c8ed019d1eb4dfa2f86c57e0ff40cfc,ACTIVE,tier-core,lighting,MULTI_BUY,中型,1750,469,2219,推定(ckb_cost + ship_est),6980,5980,Owner承認済み,P-B / P-E,5980,3761,62.9%,3546,1.69,2482,2.69,,,,,,,,5382,3163,58.8%,2969,1.81,2078,2.43,5083,2864,56.3%,2681,1.90,1877,2.29,5083,2864,56.3%,2681,1.90,1877,2.29
フラワーバッド テーブルランプ,充電式・タッチ式・3色調光 / イエロー,5355a954c7015707872313a25e6206e3,ACTIVE,tier-core,lighting,MULTI_BUY,中型,1750,469,2219,推定(ckb_cost + ship_est),6980,5980,Owner承認済み,P-B / P-E,5980,3761,62.9%,3546,1.69,2482,2.69,,,,,,,,5382,3163,58.8%,2969,1.81,2078,2.43,5083,2864,56.3%,2681,1.90,1877,2.29,5083,2864,56.3%,2681,1.90,1877,2.29
フランネル ブランケット,スペースグレイ / 100×150cm（約390g）,c4acced1debba629b67fea653ed982ab,ACTIVE,tier-aov,textile,MULTI_BUY,小物,800,299,1099,推定(ckb_cost + ship_est),3480,2980,100x150cm,P-D,2980,1881,63.1%,1774,1.68,1242,2.71,,,,,,,,2682,1583,59.0%,1486,1.80,1041,2.44,2533,1434,56.6%,1343,1.89,940,2.30,2533,1434,56.6%,1343,1.89,940,2.30
フランネル ブランケット,スペースグレイ / 150×200cm（約820g）,452655176431a63bad1928eadefe92dd,ACTIVE,tier-aov,textile,MULTI_BUY,小物,800,574,1374,推定(ckb_cost + ship_est),4480,3980,150x200 / 180x200cm,P-D,3980,2606,65.5%,2463,1.62,1724,2.90,,,,,,,,3582,2208,61.6%,2079,1.72,1455,2.61,3383,2009,59.4%,1887,1.79,1321,2.46,3383,2009,59.4%,1887,1.79,1321,2.46
フランネル ブランケット,スペースグレイ / 180×200cm（約950g）,4c641b92d632cc1367fe770d3c9b98a9,ACTIVE,tier-aov,textile,MULTI_BUY,小物,800,624,1424,推定(ckb_cost + ship_est),4480,3980,150x200 / 180x200cm,P-D,3980,2556,64.2%,2413,1.65,1689,2.79,,,,,,,,3582,2158,60.2%,2029,1.77,1420,2.52,3383,1959,57.9%,1837,1.84,1286,2.38,3383,1959,57.9%,1837,1.84,1286,2.38
フランネル ブランケット,ピンキー / 100×150cm（約390g）,1196318b1d4cdae7e370dc0d5e2f93df,ACTIVE,tier-aov,textile,MULTI_BUY,小物,800,299,1099,推定(ckb_cost + ship_est),3480,2980,100x150cm,P-D,2980,1881,63.1%,1774,1.68,1242,2.71,,,,,,,,2682,1583,59.0%,1486,1.80,1041,2.44,2533,1434,56.6%,1343,1.89,940,2.30,2533,1434,56.6%,1343,1.89,940,2.30
フランネル ブランケット,ピンキー / 150×200cm（約820g）,c646487cc16b82f676032ade9d67ff55,ACTIVE,tier-aov,textile,MULTI_BUY,小物,800,574,1374,推定(ckb_cost + ship_est),4480,3980,150x200 / 180x200cm,P-D,3980,2606,65.5%,2463,1.62,1724,2.90,,,,,,,,3582,2208,61.6%,2079,1.72,1455,2.61,3383,2009,59.4%,1887,1.79,1321,2.46,3383,2009,59.4%,1887,1.79,1321,2.46
フランネル ブランケット,ピンキー / 180×200cm（約950g）,f1feee9899f613978975ee1adfaefe36,ACTIVE,tier-aov,textile,MULTI_BUY,小物,800,624,1424,推定(ckb_cost + ship_est),4480,3980,150x200 / 180x200cm,P-D,3980,2556,64.2%,2413,1.65,1689,2.79,,,,,,,,3582,2158,60.2%,2029,1.77,1420,2.52,3383,1959,57.9%,1837,1.84,1286,2.38,3383,1959,57.9%,1837,1.84,1286,2.38
フランネル ブランケット,フルーツグリーン / 100×150cm（約390g）,2e8684b072b42006fb02724ee58d3213,ACTIVE,tier-aov,textile,MULTI_BUY,小物,800,299,1099,推定(ckb_cost + ship_est),3480,2980,100x150cm,P-D,2980,1881,63.1%,1774,1.68,1242,2.71,,,,,,,,2682,1583,59.0%,1486,1.80,1041,2.44,2533,1434,56.6%,1343,1.89,940,2.30,2533,1434,56.6%,1343,1.89,940,2.30
フランネル ブランケット,フルーツグリーン / 150×200cm（約820g）,3251606a990845aef651d2ad9fadf748,ACTIVE,tier-aov,textile,MULTI_BUY,小物,800,574,1374,推定(ckb_cost + ship_est),4480,3980,150x200 / 180x200cm,P-D,3980,2606,65.5%,2463,1.62,1724,2.90,,,,,,,,3582,2208,61.6%,2079,1.72,1455,2.61,3383,2009,59.4%,1887,1.79,1321,2.46,3383,2009,59.4%,1887,1.79,1321,2.46
フランネル ブランケット,フルーツグリーン / 180×200cm（約950g）,66d8ea11eba5ee0ce2b7b7b7b0e31660,ACTIVE,tier-aov,textile,MULTI_BUY,小物,800,624,1424,推定(ckb_cost + ship_est),4480,3980,150x200 / 180x200cm,P-D,3980,2556,64.2%,2413,1.65,1689,2.79,,,,,,,,3582,2158,60.2%,2029,1.77,1420,2.52,3383,1959,57.9%,1837,1.84,1286,2.38,3383,1959,57.9%,1837,1.84,1286,2.38
フランネル ブランケット,カーキ / 100×150cm（約390g）,f9ec1cd11bafd890b7f55f59a789ff06,ACTIVE,tier-aov,textile,MULTI_BUY,小物,800,299,1099,推定(ckb_cost + ship_est),3480,2980,100x150cm,P-D,2980,1881,63.1%,1774,1.68,1242,2.71,,,,,,,,2682,1583,59.0%,1486,1.80,1041,2.44,2533,1434,56.6%,1343,1.89,940,2.30,2533,1434,56.6%,1343,1.89,940,2.30
フランネル ブランケット,カーキ / 150×200cm（約820g）,c913286878c0dfb3693ccb409a458ddf,ACTIVE,tier-aov,textile,MULTI_BUY,小物,800,574,1374,推定(ckb_cost + ship_est),4480,3980,150x200 / 180x200cm,P-D,3980,2606,65.5%,2463,1.62,1724,2.90,,,,,,,,3582,2208,61.6%,2079,1.72,1455,2.61,3383,2009,59.4%,1887,1.79,1321,2.46,3383,2009,59.4%,1887,1.79,1321,2.46
フランネル ブランケット,カーキ / 180×200cm（約950g）,dfb471855e0606419c6bef5bc00359fb,ACTIVE,tier-aov,textile,MULTI_BUY,小物,800,624,1424,推定(ckb_cost + ship_est),4480,3980,150x200 / 180x200cm,P-D,3980,2556,64.2%,2413,1.65,1689,2.79,,,,,,,,3582,2158,60.2%,2029,1.77,1420,2.52,3383,1959,57.9%,1837,1.84,1286,2.38,3383,1959,57.9%,1837,1.84,1286,2.38
フランネル ブランケット,ブルーグレー / 100×150cm（約390g）,1197ee2cdeea09dccfbb51439b8b4f15,ACTIVE,tier-aov,textile,MULTI_BUY,小物,800,299,1099,推定(ckb_cost + ship_est),3480,2980,100x150cm,P-D,2980,1881,63.1%,1774,1.68,1242,2.71,,,,,,,,2682,1583,59.0%,1486,1.80,1041,2.44,2533,1434,56.6%,1343,1.89,940,2.30,2533,1434,56.6%,1343,1.89,940,2.30
フランネル ブランケット,ブルーグレー / 150×200cm（約820g）,1d3ecc01bf4ae9cd69951920a662f826,ACTIVE,tier-aov,textile,MULTI_BUY,小物,800,574,1374,推定(ckb_cost + ship_est),4480,3980,150x200 / 180x200cm,P-D,3980,2606,65.5%,2463,1.62,1724,2.90,,,,,,,,3582,2208,61.6%,2079,1.72,1455,2.61,3383,2009,59.4%,1887,1.79,1321,2.46,3383,2009,59.4%,1887,1.79,1321,2.46
フランネル ブランケット,ブルーグレー / 180×200cm（約950g）,4a3bc10f14e4c1ce6cd037cf909d4291,ACTIVE,tier-aov,textile,MULTI_BUY,小物,800,624,1424,推定(ckb_cost + ship_est),4480,3980,150x200 / 180x200cm,P-D,3980,2556,64.2%,2413,1.65,1689,2.79,,,,,,,,3582,2158,60.2%,2029,1.77,1420,2.52,3383,1959,57.9%,1837,1.84,1286,2.38,3383,1959,57.9%,1837,1.84,1286,2.38
フランネル ブランケット,オフホワイト / 100×150cm（約390g）,55440b7f0d45a7a0fc14e08952a8d76d,ACTIVE,tier-aov,textile,MULTI_BUY,小物,800,299,1099,推定(ckb_cost + ship_est),3480,2980,100x150cm,P-D,2980,1881,63.1%,1774,1.68,1242,2.71,,,,,,,,2682,1583,59.0%,1486,1.80,1041,2.44,2533,1434,56.6%,1343,1.89,940,2.30,2533,1434,56.6%,1343,1.89,940,2.30
フランネル ブランケット,オフホワイト / 150×200cm（約820g）,e47a06781d253236d1113288a722b998,ACTIVE,tier-aov,textile,MULTI_BUY,小物,800,574,1374,推定(ckb_cost + ship_est),4480,3980,150x200 / 180x200cm,P-D,3980,2606,65.5%,2463,1.62,1724,2.90,,,,,,,,3582,2208,61.6%,2079,1.72,1455,2.61,3383,2009,59.4%,1887,1.79,1321,2.46,3383,2009,59.4%,1887,1.79,1321,2.46
フランネル ブランケット,オフホワイト / 180×200cm（約950g）,b6363a92b7a64b03eed32322b6515cb2,ACTIVE,tier-aov,textile,MULTI_BUY,小物,800,624,1424,推定(ckb_cost + ship_est),4480,3980,150x200 / 180x200cm,P-D,3980,2556,64.2%,2413,1.65,1689,2.79,,,,,,,,3582,2158,60.2%,2029,1.77,1420,2.52,3383,1959,57.9%,1837,1.84,1286,2.38,3383,1959,57.9%,1837,1.84,1286,2.38
フランネル ブランケット,カラメル / 100×150cm（約390g）,e90ba25225f6287e4549dd2772c7dfbe,ACTIVE,tier-aov,textile,MULTI_BUY,小物,800,299,1099,推定(ckb_cost + ship_est),3480,2980,100x150cm,P-D,2980,1881,63.1%,1774,1.68,1242,2.71,,,,,,,,2682,1583,59.0%,1486,1.80,1041,2.44,2533,1434,56.6%,1343,1.89,940,2.30,2533,1434,56.6%,1343,1.89,940,2.30
フランネル ブランケット,カラメル / 150×200cm（約820g）,db3b3aeed211745fd805473087efb4c0,ACTIVE,tier-aov,textile,MULTI_BUY,小物,800,574,1374,推定(ckb_cost + ship_est),4480,3980,150x200 / 180x200cm,P-D,3980,2606,65.5%,2463,1.62,1724,2.90,,,,,,,,3582,2208,61.6%,2079,1.72,1455,2.61,3383,2009,59.4%,1887,1.79,1321,2.46,3383,2009,59.4%,1887,1.79,1321,2.46
フランネル ブランケット,カラメル / 180×200cm（約950g）,5007adb61e1ed4a493a48f67b171aa22,ACTIVE,tier-aov,textile,MULTI_BUY,小物,800,624,1424,推定(ckb_cost + ship_est),4480,3980,150x200 / 180x200cm,P-D,3980,2556,64.2%,2413,1.65,1689,2.79,,,,,,,,3582,2158,60.2%,2029,1.77,1420,2.52,3383,1959,57.9%,1837,1.84,1286,2.38,3383,1959,57.9%,1837,1.84,1286,2.38
フランネル ブランケット,フォググレー / 100×150cm（約390g）,c4584d40eeed582143775e8ec675c943,ACTIVE,tier-aov,textile,MULTI_BUY,小物,800,299,1099,推定(ckb_cost + ship_est),3480,2980,100x150cm,P-D,2980,1881,63.1%,1774,1.68,1242,2.71,,,,,,,,2682,1583,59.0%,1486,1.80,1041,2.44,2533,1434,56.6%,1343,1.89,940,2.30,2533,1434,56.6%,1343,1.89,940,2.30
フランネル ブランケット,フォググレー / 150×200cm（約820g）,142eb05285cad0a4ab99342734d5801d,ACTIVE,tier-aov,textile,MULTI_BUY,小物,800,574,1374,推定(ckb_cost + ship_est),4480,3980,150x200 / 180x200cm,P-D,3980,2606,65.5%,2463,1.62,1724,2.90,,,,,,,,3582,2208,61.6%,2079,1.72,1455,2.61,3383,2009,59.4%,1887,1.79,1321,2.46,3383,2009,59.4%,1887,1.79,1321,2.46
フランネル ブランケット,フォググレー / 180×200cm（約950g）,bdfedfa8a7216b2b44d2c1f39498225e,ACTIVE,tier-aov,textile,MULTI_BUY,小物,800,624,1424,推定(ckb_cost + ship_est),4480,3980,150x200 / 180x200cm,P-D,3980,2556,64.2%,2413,1.65,1689,2.79,,,,,,,,3582,2158,60.2%,2029,1.77,1420,2.52,3383,1959,57.9%,1837,1.84,1286,2.38,3383,1959,57.9%,1837,1.84,1286,2.38
フランネル ブランケット,ライトグレー / 100×150cm（約390g）,0aeadce8618637984c4ccdd619804b74,ACTIVE,tier-aov,textile,MULTI_BUY,小物,800,299,1099,推定(ckb_cost + ship_est),3480,2980,100x150cm,P-D,2980,1881,63.1%,1774,1.68,1242,2.71,,,,,,,,2682,1583,59.0%,1486,1.80,1041,2.44,2533,1434,56.6%,1343,1.89,940,2.30,2533,1434,56.6%,1343,1.89,940,2.30
フランネル ブランケット,ライトグレー / 150×200cm（約820g）,0d4d0b49ecfad1aa9d9eecfa80d87361,ACTIVE,tier-aov,textile,MULTI_BUY,小物,800,574,1374,推定(ckb_cost + ship_est),4480,3980,150x200 / 180x200cm,P-D,3980,2606,65.5%,2463,1.62,1724,2.90,,,,,,,,3582,2208,61.6%,2079,1.72,1455,2.61,3383,2009,59.4%,1887,1.79,1321,2.46,3383,2009,59.4%,1887,1.79,1321,2.46
フランネル ブランケット,ライトグレー / 180×200cm（約950g）,128863319c7884484770419caa56efa9,ACTIVE,tier-aov,textile,MULTI_BUY,小物,800,624,1424,推定(ckb_cost + ship_est),4480,3980,150x200 / 180x200cm,P-D,3980,2556,64.2%,2413,1.65,1689,2.79,,,,,,,,3582,2158,60.2%,2029,1.77,1420,2.52,3383,1959,57.9%,1837,1.84,1286,2.38,3383,1959,57.9%,1837,1.84,1286,2.38
フランネル ブランケット,イエロー / 100×150cm（約390g）,d6bdcee64f5750d6950fab1173e82c0f,ACTIVE,tier-aov,textile,MULTI_BUY,小物,800,299,1099,推定(ckb_cost + ship_est),3480,2980,100x150cm,P-D,2980,1881,63.1%,1774,1.68,1242,2.71,,,,,,,,2682,1583,59.0%,1486,1.80,1041,2.44,2533,1434,56.6%,1343,1.89,940,2.30,2533,1434,56.6%,1343,1.89,940,2.30
フランネル ブランケット,イエロー / 150×200cm（約820g）,0bfde4a02208f5e75f575e54cbb29e74,ACTIVE,tier-aov,textile,MULTI_BUY,小物,800,574,1374,推定(ckb_cost + ship_est),4480,3980,150x200 / 180x200cm,P-D,3980,2606,65.5%,2463,1.62,1724,2.90,,,,,,,,3582,2208,61.6%,2079,1.72,1455,2.61,3383,2009,59.4%,1887,1.79,1321,2.46,3383,2009,59.4%,1887,1.79,1321,2.46
フランネル ブランケット,イエロー / 180×200cm（約950g）,83632dbf2bc5c22665ddaad80fcf3e78,ACTIVE,tier-aov,textile,MULTI_BUY,小物,800,624,1424,推定(ckb_cost + ship_est),4480,3980,150x200 / 180x200cm,P-D,3980,2556,64.2%,2413,1.65,1689,2.79,,,,,,,,3582,2158,60.2%,2029,1.77,1420,2.52,3383,1959,57.9%,1837,1.84,1286,2.38,3383,1959,57.9%,1837,1.84,1286,2.38
フランネル ブランケット,バイオレット / 100×150cm（約390g）,1e44264a5c02b85dff99e19db7947ec5,ACTIVE,tier-aov,textile,MULTI_BUY,小物,800,299,1099,推定(ckb_cost + ship_est),3480,2980,100x150cm,P-D,2980,1881,63.1%,1774,1.68,1242,2.71,,,,,,,,2682,1583,59.0%,1486,1.80,1041,2.44,2533,1434,56.6%,1343,1.89,940,2.30,2533,1434,56.6%,1343,1.89,940,2.30
フランネル ブランケット,バイオレット / 150×200cm（約820g）,019ce43de93970505071df6e000bf6cb,ACTIVE,tier-aov,textile,MULTI_BUY,小物,800,574,1374,推定(ckb_cost + ship_est),4480,3980,150x200 / 180x200cm,P-D,3980,2606,65.5%,2463,1.62,1724,2.90,,,,,,,,3582,2208,61.6%,2079,1.72,1455,2.61,3383,2009,59.4%,1887,1.79,1321,2.46,3383,2009,59.4%,1887,1.79,1321,2.46
フランネル ブランケット,バイオレット / 180×200cm（約950g）,e9435186290cd889a961fef393727ba3,ACTIVE,tier-aov,textile,MULTI_BUY,小物,800,624,1424,推定(ckb_cost + ship_est),4480,3980,150x200 / 180x200cm,P-D,3980,2556,64.2%,2413,1.65,1689,2.79,,,,,,,,3582,2158,60.2%,2029,1.77,1420,2.52,3383,1959,57.9%,1837,1.84,1286,2.38,3383,1959,57.9%,1837,1.84,1286,2.38
プラッシュ クッション,両面-Wパターンベージュ / 45* 45センチメートル（コアなし）,da7295269ce19e20aa497af582e1a0bb,DRAFT,tier-aov,cushion,除外_DRAFT,小物,800,344,1144,推定(ckb_cost + ship_est),3480,3480,価格設計対象外(除外_DRAFT),—,3480,2336,67.1%,2211,1.57,1548,3.04,,,,,,,,,,,,,,,,,,,,,,,,,,,,
プラッシュ クッション,両面-W柄レザーパウダー / 45* 45センチメートル（コアなし）,a52fdeba31cb7e146072603005a52b5f,DRAFT,tier-aov,cushion,除外_DRAFT,小物,800,344,1144,推定(ckb_cost + ship_est),3480,3480,価格設計対象外(除外_DRAFT),—,3480,2336,67.1%,2211,1.57,1548,3.04,,,,,,,,,,,,,,,,,,,,,,,,,,,,
プラッシュ クッション,両面-Wパターン、グレー / 45* 45センチメートル（コアなし）,4e792efd816ff3ab09bc87f3e70446e8,DRAFT,tier-aov,cushion,除外_DRAFT,小物,800,344,1144,推定(ckb_cost + ship_est),3480,3480,価格設計対象外(除外_DRAFT),—,3480,2336,67.1%,2211,1.57,1548,3.04,,,,,,,,,,,,,,,,,,,,,,,,,,,,
プラッシュ クッション,両面-W柄、ライトブラウン / 45* 45センチメートル（コアなし）,8b6b1edfd7b7a99c731285c4f2e14ec6,DRAFT,tier-aov,cushion,除外_DRAFT,小物,800,344,1144,推定(ckb_cost + ship_est),3480,3480,価格設計対象外(除外_DRAFT),—,3480,2336,67.1%,2211,1.57,1548,3.04,,,,,,,,,,,,,,,,,,,,,,,,,,,,
プラッシュ クッション,両面-A字型フラワーベージュ / 45* 45センチメートル（コアなし）,a85c759b184efcad7b292631d65261c8,DRAFT,tier-aov,cushion,除外_DRAFT,小物,800,299,1099,推定(ckb_cost + ship_est),3480,3480,価格設計対象外(除外_DRAFT),—,3480,2381,68.4%,2256,1.54,1579,3.17,,,,,,,,,,,,,,,,,,,,,,,,,,,,
プラッシュ クッション,両面-A字型フラワースキンパウダー / 45* 45センチメートル（コアなし）,66c8fe9c01869bc1f56eca6cfd39e7c6,DRAFT,tier-aov,cushion,除外_DRAFT,小物,800,299,1099,推定(ckb_cost + ship_est),3480,3480,価格設計対象外(除外_DRAFT),—,3480,2381,68.4%,2256,1.54,1579,3.17,,,,,,,,,,,,,,,,,,,,,,,,,,,,
プラッシュ クッション,両面-A字型フラワーグレー / 45* 45センチメートル（コアなし）,a99d9ae1654d2d71d6cddb4e2cff040d,DRAFT,tier-aov,cushion,除外_DRAFT,小物,800,299,1099,推定(ckb_cost + ship_est),3480,3480,価格設計対象外(除外_DRAFT),—,3480,2381,68.4%,2256,1.54,1579,3.17,,,,,,,,,,,,,,,,,,,,,,,,,,,,
プラッシュ クッション,両面-A字型フラワーライトブラウン / 45* 45センチメートル（コアなし）,17086de7d4f1140ae2512316522deb20,DRAFT,tier-aov,cushion,除外_DRAFT,小物,800,299,1099,推定(ckb_cost + ship_est),3480,3480,価格設計対象外(除外_DRAFT),—,3480,2381,68.4%,2256,1.54,1579,3.17,,,,,,,,,,,,,,,,,,,,,,,,,,,,
ベルベット クッション,ブラウン ブリック×スワロー / 45×45cm（中材付き）,6fd500457bd1f317ddc02d7b923b42b3,ACTIVE,tier-aov,cushion,MULTI_BUY,小物,800,1169,1969,推定(ckb_cost + ship_est),5980,5480,CKB 1094-1169帯,P-D,5480,3511,64.1%,3314,1.65,2320,2.78,,,,,,,,4932,2963,60.1%,2785,1.77,1950,2.50,4658,2689,57.7%,2521,1.85,1765,2.37,4658,2689,57.7%,2521,1.85,1765,2.37
ベルベット クッション,ブラウン ペンシルライン / 45×45cm（中材付き）,6aa6f7ab0481865d7d6e0bf7fc187b01,ACTIVE,tier-aov,cushion,MULTI_BUY,小物,800,1719,2519,推定(ckb_cost + ship_est),7980,6980,CKB 1694-1719帯,P-D,6980,4461,63.9%,4210,1.66,2947,2.77,,,,,,,,6282,3763,59.9%,3537,1.78,2476,2.49,5933,3414,57.5%,3200,1.85,2240,2.36,5933,3414,57.5%,3200,1.85,2240,2.36
ベルベット クッション,ブラウン フォレストカット / 45×45cm（中材付き）,7056521c8f86ed6957cd85a002691079,ACTIVE,tier-aov,cushion,MULTI_BUY,小物,800,1119,1919,推定(ckb_cost + ship_est),5980,5480,CKB 1094-1169帯,P-D,5480,3561,65.0%,3364,1.63,2355,2.86,,,,,,,,4932,3013,61.1%,2835,1.74,1985,2.57,4658,2739,58.8%,2571,1.81,1800,2.43,4658,2739,58.8%,2571,1.81,1800,2.43
ベルベット クッション,カーキ ブラッシュ / 45×45cm（中材付き）,bf72544adaf473a942916db1d2141e13,ACTIVE,tier-aov,cushion,MULTI_BUY,小物,800,1094,1894,推定(ckb_cost + ship_est),5980,5480,CKB 1094-1169帯,P-D,5480,3586,65.4%,3389,1.62,2372,2.89,,,,,,,,4932,3038,61.6%,2860,1.72,2002,2.60,4658,2764,59.3%,2596,1.79,1817,2.46,4658,2764,59.3%,2596,1.79,1817,2.46
ベルベット クッション,ブラウン コーデュロイチェック / 45×45cm（中材付き）,fc5e2d506080f3c64a6f81271d29d5f4,ACTIVE,tier-aov,cushion,MULTI_BUY,小物,800,1694,2494,推定(ckb_cost + ship_est),7980,6980,CKB 1694-1719帯,P-D,6980,4486,64.3%,4235,1.65,2964,2.80,,,,,,,,6282,3788,60.3%,3562,1.76,2493,2.52,5933,3439,58.0%,3225,1.84,2258,2.38,5933,3439,58.0%,3225,1.84,2258,2.38
ベルベット クッション,カーキ ベルベット / 45×45cm（中材付き）,87d03e70e06ae732ef0f1abd8affa152,ACTIVE,tier-aov,cushion,MULTI_BUY,小物,800,894,1694,推定(ckb_cost + ship_est),5480,4980,CKB 894帯,P-D,4980,3286,66.0%,3107,1.60,2175,2.94,,,,,,,,4482,2788,62.2%,2627,1.71,1839,2.65,4233,2539,60.0%,2387,1.77,1671,2.50,4233,2539,60.0%,2387,1.77,1671,2.50
ベルベット クッション,ブラウン レースジオメトリック / 45×45cm（中材付き）,554cce8f88b4583bc3c5e7feeb2dbbca,ACTIVE,tier-aov,cushion,MULTI_BUY,小物,800,1494,2294,推定(ckb_cost + ship_est),6980,6480,CKB 1494帯,P-D,6480,4186,64.6%,3953,1.64,2767,2.82,,,,,,,,5832,3538,60.7%,3328,1.75,2330,2.54,5508,3214,58.4%,3016,1.83,2111,2.40,5508,3214,58.4%,3016,1.83,2111,2.40
ベルベット クッション,カーキ バーチカルプリーツ / 45×45cm（中材付き）,41edc84f3cc23581fdfc96c5811b355f,ACTIVE,tier-aov,cushion,MULTI_BUY,小物,800,1144,1944,推定(ckb_cost + ship_est),5980,5480,CKB 1094-1169帯,P-D,5480,3536,64.5%,3339,1.64,2337,2.82,,,,,,,,4932,2988,60.6%,2810,1.75,1967,2.54,4658,2714,58.3%,2546,1.83,1782,2.40,4658,2714,58.3%,2546,1.83,1782,2.40
ボア ラウンジチェア,ベージュ,0a0fc2d46443c2e16a54e3ff49f0d2bd,ACTIVE,tier-core,chair,SUMMER_SALE,中型,1750,1871,3621,推定(ckb_cost + ship_est),16480,14980,Owner承認済み,—,14980,11359,75.8%,10820,1.38,7574,4.14,13482,9861,73.1%,9376,1.44,6563,3.72,,,,,,,,,,,,,,,,,,,,,
ボア ラウンジチェア,グレー,56d9696e4dc74f4a7062e0af60f5b710,ACTIVE,tier-core,chair,SUMMER_SALE,中型,1750,1871,3621,推定(ckb_cost + ship_est),16480,14980,Owner承認済み,—,14980,11359,75.8%,10820,1.38,7574,4.14,13482,9861,73.1%,9376,1.44,6563,3.72,,,,,,,,,,,,,,,,,,,,,
ボア ラウンジチェア,フルーツグリーン,aa2ddd95d709c8ccb1d4c4cb849f4002,ACTIVE,tier-core,chair,SUMMER_SALE,中型,1750,1871,3621,推定(ckb_cost + ship_est),16480,14980,Owner承認済み,—,14980,11359,75.8%,10820,1.38,7574,4.14,13482,9861,73.1%,9376,1.44,6563,3.72,,,,,,,,,,,,,,,,,,,,,
ボア ラウンジチェア,イエロー,a6355ed0ed32e0a1c93d4c19610b9831,ACTIVE,tier-core,chair,SUMMER_SALE,中型,1750,1871,3621,推定(ckb_cost + ship_est),16480,14980,Owner承認済み,—,14980,11359,75.8%,10820,1.38,7574,4.14,13482,9861,73.1%,9376,1.44,6563,3.72,,,,,,,,,,,,,,,,,,,,,
ボア ラウンジチェア,カーキ,f2bc85459e87fd2567f20b614e5fd142,ACTIVE,tier-core,chair,SUMMER_SALE,中型,1750,1871,3621,推定(ckb_cost + ship_est),16480,14980,Owner承認済み,—,14980,11359,75.8%,10820,1.38,7574,4.14,13482,9861,73.1%,9376,1.44,6563,3.72,,,,,,,,,,,,,,,,,,,,,
ボア ラウンジチェア,グリーン,3ba42d820cbf5cc93a739139e10d7705,ACTIVE,tier-core,chair,SUMMER_SALE,中型,1750,1871,3621,推定(ckb_cost + ship_est),16480,14980,Owner承認済み,—,14980,11359,75.8%,10820,1.38,7574,4.14,13482,9861,73.1%,9376,1.44,6563,3.72,,,,,,,,,,,,,,,,,,,,,
ボア ラウンジチェア,ピンク,6cfc096b7b342f9737a86e61d5cddf2e,ACTIVE,tier-core,chair,SUMMER_SALE,中型,1750,1871,3621,推定(ckb_cost + ship_est),16480,14980,Owner承認済み,—,14980,11359,75.8%,10820,1.38,7574,4.14,13482,9861,73.1%,9376,1.44,6563,3.72,,,,,,,,,,,,,,,,,,,,,
ボア ラウンジチェア,パープル,379608d81e12eadc08063b43e5cc07cf,ACTIVE,tier-core,chair,SUMMER_SALE,中型,1750,1871,3621,推定(ckb_cost + ship_est),16480,14980,Owner承認済み,—,14980,11359,75.8%,10820,1.38,7574,4.14,13482,9861,73.1%,9376,1.44,6563,3.72,,,,,,,,,,,,,,,,,,,,,
ボア ラウンジチェア,ライトブルー,03b4705ba099fa466c30e537123d903f,ACTIVE,tier-core,chair,SUMMER_SALE,中型,1750,1871,3621,推定(ckb_cost + ship_est),16480,14980,Owner承認済み,—,14980,11359,75.8%,10820,1.38,7574,4.14,13482,9861,73.1%,9376,1.44,6563,3.72,,,,,,,,,,,,,,,,,,,,,
ボア ラウンジチェア,ブラウン,9b04a9e2ea4eaf2cb15ed2528450e69d,ACTIVE,tier-core,chair,SUMMER_SALE,中型,1750,1871,3621,推定(ckb_cost + ship_est),16480,14980,Owner承認済み,—,14980,11359,75.8%,10820,1.38,7574,4.14,13482,9861,73.1%,9376,1.44,6563,3.72,,,,,,,,,,,,,,,,,,,,,
マッシュルーム コードレステーブルランプ,タッチ式・3色調光 / ゴールド,50ff41261ae8e82cd2d346387eb4b6d6,ACTIVE,tier-brand-builder,lighting,SUMMER_SALE,中型,1750,1624,3374,推定(ckb_cost + ship_est),10480,9980,Owner承認済み,P-6,9980,6606,66.2%,6247,1.60,4373,2.96,8982,5608,62.4%,5285,1.70,3699,2.66,,,,,,,,,,,,,,,8483,5109,60.2%,4804,1.77,3363,2.51
マッシュルーム コードレステーブルランプ,タッチ式・3色調光 / シルバー,4da199691f98857117fa7b188dcd9858,ACTIVE,tier-brand-builder,lighting,SUMMER_SALE,中型,1750,1624,3374,推定(ckb_cost + ship_est),10480,9980,Owner承認済み,P-6,9980,6606,66.2%,6247,1.60,4373,2.96,8982,5608,62.4%,5285,1.70,3699,2.66,,,,,,,,,,,,,,,8483,5109,60.2%,4804,1.77,3363,2.51
マッシュルーム コードレステーブルランプ,タッチ式・3色調光 / ローズゴールド,74f1a59143a7e816aeb9990c394019a2,ACTIVE,tier-brand-builder,lighting,SUMMER_SALE,中型,1750,1624,3374,推定(ckb_cost + ship_est),10480,9980,Owner承認済み,P-6,9980,6606,66.2%,6247,1.60,4373,2.96,8982,5608,62.4%,5285,1.70,3699,2.66,,,,,,,,,,,,,,,8483,5109,60.2%,4804,1.77,3363,2.51
マッシュルーム コードレステーブルランプ,タッチ式・3色調光 / バーガンディ,2634ae17339667740d151c3ecb342a11,ACTIVE,tier-brand-builder,lighting,SUMMER_SALE,中型,1750,1624,3374,推定(ckb_cost + ship_est),10480,9980,Owner承認済み,P-6,9980,6606,66.2%,6247,1.60,4373,2.96,8982,5608,62.4%,5285,1.70,3699,2.66,,,,,,,,,,,,,,,8483,5109,60.2%,4804,1.77,3363,2.51
マッシュルーム コードレステーブルランプ,タッチ式・3色調光 / ダークグリーン,c35ba17c20ac64feee2c9561b04cbf81,ACTIVE,tier-brand-builder,lighting,SUMMER_SALE,中型,1750,1624,3374,推定(ckb_cost + ship_est),10480,9980,Owner承認済み,P-6,9980,6606,66.2%,6247,1.60,4373,2.96,8982,5608,62.4%,5285,1.70,3699,2.66,,,,,,,,,,,,,,,8483,5109,60.2%,4804,1.77,3363,2.51
マッシュルーム コードレステーブルランプ,タッチ式・3色調光 / ライムブルー,0626459e8d49f0b09793d5e42184c6b6,ACTIVE,tier-brand-builder,lighting,SUMMER_SALE,中型,1750,1624,3374,推定(ckb_cost + ship_est),10480,9980,Owner承認済み,P-6,9980,6606,66.2%,6247,1.60,4373,2.96,8982,5608,62.4%,5285,1.70,3699,2.66,,,,,,,,,,,,,,,8483,5109,60.2%,4804,1.77,3363,2.51
マッシュルーム コードレステーブルランプ,タッチ式・3色調光 / グレー,0321a46c69856508f6a0936ba1bc3f24,ACTIVE,tier-brand-builder,lighting,SUMMER_SALE,中型,1750,1624,3374,推定(ckb_cost + ship_est),10480,9980,Owner承認済み,P-6,9980,6606,66.2%,6247,1.60,4373,2.96,8982,5608,62.4%,5285,1.70,3699,2.66,,,,,,,,,,,,,,,8483,5109,60.2%,4804,1.77,3363,2.51
ミニ アラームクロック,エメラルド,96215d76d010f2bce216f9d25b42a668,ACTIVE,tier-aov,object,MULTI_BUY,小物,800,719,1519,推定(ckb_cost + ship_est),4980,4480,Owner承認済み,P-B,4480,2961,66.1%,2800,1.60,1960,2.95,,,,,,,,4032,2513,62.3%,2368,1.70,1657,2.65,3808,2289,60.1%,2152,1.77,1506,2.51,3808,2289,60.1%,2152,1.77,1506,2.51
ミニ アラームクロック,ライトパープル,a90106aa715a3314950bbf33f04689f8,ACTIVE,tier-aov,object,MULTI_BUY,小物,800,719,1519,推定(ckb_cost + ship_est),4980,4480,Owner承認済み,P-B,4480,2961,66.1%,2800,1.60,1960,2.95,,,,,,,,4032,2513,62.3%,2368,1.70,1657,2.65,3808,2289,60.1%,2152,1.77,1506,2.51,3808,2289,60.1%,2152,1.77,1506,2.51
ミニ アラームクロック,オフホワイト,8e3c7acb378cf2d2d55ae2e36d73683b,ACTIVE,tier-aov,object,MULTI_BUY,小物,800,719,1519,推定(ckb_cost + ship_est),4980,4480,Owner承認済み,P-B,4480,2961,66.1%,2800,1.60,1960,2.95,,,,,,,,4032,2513,62.3%,2368,1.70,1657,2.65,3808,2289,60.1%,2152,1.77,1506,2.51,3808,2289,60.1%,2152,1.77,1506,2.51
ミニ アラームクロック,ピンク,d34f601bfbf06254c15df02d7d7da5b5,ACTIVE,tier-aov,object,MULTI_BUY,小物,800,719,1519,推定(ckb_cost + ship_est),4980,4480,Owner承認済み,P-B,4480,2961,66.1%,2800,1.60,1960,2.95,,,,,,,,4032,2513,62.3%,2368,1.70,1657,2.65,3808,2289,60.1%,2152,1.77,1506,2.51,3808,2289,60.1%,2152,1.77,1506,2.51
モコ ラウンジチェア,コーデュロイ グリーン,63173a7685901fbd0c7cb7001128b9ee,ACTIVE,tier-brand-builder,chair,SUMMER_SALE,中型,1750,10445,12195,推定(ckb_cost + ship_est),42480,39980,Owner承認済み,—,39980,27785,69.5%,26346,1.52,18442,3.28,35982,23787,66.1%,22492,1.60,15744,2.95,,,,,,,,,,,,,,,,,,,,,
モコ ラウンジチェア,コーデュロイ ブラック,5b32b11e70a805b50f796508726ebeeb,ACTIVE,tier-brand-builder,chair,SUMMER_SALE,中型,1750,10445,12195,推定(ckb_cost + ship_est),42480,39980,Owner承認済み,—,39980,27785,69.5%,26346,1.52,18442,3.28,35982,23787,66.1%,22492,1.60,15744,2.95,,,,,,,,,,,,,,,,,,,,,
モコ ラウンジチェア,コーデュロイ ホワイト,e4c41b8d8d59f66b1c7917c8084f0dfe,ACTIVE,tier-brand-builder,chair,SUMMER_SALE,中型,1750,10445,12195,推定(ckb_cost + ship_est),42480,39980,Owner承認済み,—,39980,27785,69.5%,26346,1.52,18442,3.28,35982,23787,66.1%,22492,1.60,15744,2.95,,,,,,,,,,,,,,,,,,,,,
モコ ラウンジチェア,コーデュロイ キャラメル,f2123ac36bda669c3fa1ba7c9a3d2d54,ACTIVE,tier-brand-builder,chair,SUMMER_SALE,中型,1750,10445,12195,推定(ckb_cost + ship_est),42480,39980,Owner承認済み,—,39980,27785,69.5%,26346,1.52,18442,3.28,35982,23787,66.1%,22492,1.60,15744,2.95,,,,,,,,,,,,,,,,,,,,,
モコ ラウンジチェア,コーデュロイ ブルー,6d7c1d2d5fc36ef37c3541493f0dad97,ACTIVE,tier-brand-builder,chair,SUMMER_SALE,中型,1750,10445,12195,推定(ckb_cost + ship_est),42480,39980,Owner承認済み,—,39980,27785,69.5%,26346,1.52,18442,3.28,35982,23787,66.1%,22492,1.60,15744,2.95,,,,,,,,,,,,,,,,,,,,,
モコ ラウンジチェア,コーデュロイ オレンジ,c52362be9d60328c2754c8bd5b6f7a8e,ACTIVE,tier-brand-builder,chair,SUMMER_SALE,中型,1750,10445,12195,推定(ckb_cost + ship_est),42480,39980,Owner承認済み,—,39980,27785,69.5%,26346,1.52,18442,3.28,35982,23787,66.1%,22492,1.60,15744,2.95,,,,,,,,,,,,,,,,,,,,,
ルナ ウォールライト,電球色 / アンバー,a1fbf7b60e2bd020b62268f0acc8067d,DRAFT,tier-core,lighting,除外_DRAFT,中型,1750,,原価待ち,原価待ち,9480,9480,価格設計対象外(除外_DRAFT),—,原価待ち,原価待ち,原価待ち,原価待ち,原価待ち,原価待ち,原価待ち,,,,,,,,,,,,,,,,,,,,,,,,,,,,
ルナ ウォールライト,電球色 / クリアブラック,4163a48a2e32e05c8c3cd43f5a104b31,DRAFT,tier-core,lighting,除外_DRAFT,中型,1750,,原価待ち,原価待ち,9480,9480,価格設計対象外(除外_DRAFT),—,原価待ち,原価待ち,原価待ち,原価待ち,原価待ち,原価待ち,原価待ち,,,,,,,,,,,,,,,,,,,,,,,,,,,,
ルナ ウォールライト,電球色 / スモーキーグレー,92dcd1320191757f01b9d074e1781929,DRAFT,tier-core,lighting,除外_DRAFT,中型,1750,,原価待ち,原価待ち,9480,9480,価格設計対象外(除外_DRAFT),—,原価待ち,原価待ち,原価待ち,原価待ち,原価待ち,原価待ち,原価待ち,,,,,,,,,,,,,,,,,,,,,,,,,,,,
ルナ ウォールライト,電球色 / クリアホワイト,1f6927e71cd84c1de52982a4e1ef3ef1,DRAFT,tier-core,lighting,除外_DRAFT,中型,1750,,原価待ち,原価待ち,9480,9480,価格設計対象外(除外_DRAFT),—,原価待ち,原価待ち,原価待ち,原価待ち,原価待ち,原価待ち,原価待ち,,,,,,,,,,,,,,,,,,,,,,,,,,,,
ルナ ウォールライト,3色切替 / アンバー,8d8d2c7182276a6df84fbf6bed183fc5,DRAFT,tier-core,lighting,除外_DRAFT,中型,1750,,原価待ち,原価待ち,9980,9980,価格設計対象外(除外_DRAFT),—,原価待ち,原価待ち,原価待ち,原価待ち,原価待ち,原価待ち,原価待ち,,,,,,,,,,,,,,,,,,,,,,,,,,,,
ルナ ウォールライト,3色切替 / クリアブラック,7ccd3a27929a58fb8829af6bb33831a4,DRAFT,tier-core,lighting,除外_DRAFT,中型,1750,,原価待ち,原価待ち,9980,9980,価格設計対象外(除外_DRAFT),—,原価待ち,原価待ち,原価待ち,原価待ち,原価待ち,原価待ち,原価待ち,,,,,,,,,,,,,,,,,,,,,,,,,,,,
ルナ ウォールライト,3色切替 / スモーキーグレー,a0ecebc1599e7cb2d56e4ee18157ba93,DRAFT,tier-core,lighting,除外_DRAFT,中型,1750,,原価待ち,原価待ち,9980,9980,価格設計対象外(除外_DRAFT),—,原価待ち,原価待ち,原価待ち,原価待ち,原価待ち,原価待ち,原価待ち,,,,,,,,,,,,,,,,,,,,,,,,,,,,
ルナ ウォールライト,3色切替 / クリアホワイト,bab0af12fef04105c5c95d00eab84dc2,DRAFT,tier-core,lighting,除外_DRAFT,中型,1750,,原価待ち,原価待ち,9980,9980,価格設計対象外(除外_DRAFT),—,原価待ち,原価待ち,原価待ち,原価待ち,原価待ち,原価待ち,原価待ち,,,,,,,,,,,,,,,,,,,,,,,,,,,,
レジン スカルプチャーオブジェ,18CM マルセイユ,b9bd5c1034a5dcb2891e32a6a6df4368,ACTIVE,tier-aov,object,MULTI_BUY,小物,800,389,1189,推定(ckb_cost + ship_est),3980,3480,Owner承認済み,—,3480,2291,65.8%,2166,1.61,1516,2.93,,,,,,,,3132,1943,62.0%,1830,1.71,1281,2.63,2958,1769,59.8%,1663,1.78,1164,2.49,,,,,,,
レジン スカルプチャーオブジェ,15センチデビッド,6f718b090047f87d13987ada61115234,ACTIVE,tier-aov,object,MULTI_BUY,小物,800,389,1189,推定(ckb_cost + ship_est),3980,3480,Owner承認済み,—,3480,2291,65.8%,2166,1.61,1516,2.93,,,,,,,,3132,1943,62.0%,1830,1.71,1281,2.63,2958,1769,59.8%,1663,1.78,1164,2.49,,,,,,,
レジン スカルプチャーオブジェ,15センチメートルアポロ,c13c9a63c3ef9bf9efa4e8b75ab0e914,ACTIVE,tier-aov,object,MULTI_BUY,小物,800,389,1189,推定(ckb_cost + ship_est),3980,3480,Owner承認済み,—,3480,2291,65.8%,2166,1.61,1516,2.93,,,,,,,,3132,1943,62.0%,1830,1.71,1281,2.63,2958,1769,59.8%,1663,1.78,1164,2.49,,,,,,,
ロロ サイドテーブル,イエロー,cc7f970733f1f71ee4a03c394c855fcb,ACTIVE,tier-brand-builder,table,SUMMER_SALE,大型,3500,3404,6904,推定(ckb_cost + ship_est),20980,19980,Owner承認済み,—,19980,13076,65.4%,12357,1.62,8650,2.89,17982,11078,61.6%,10431,1.72,7301,2.60,,,,,,,,,,,,,,,,,,,,,
ロロ サイドテーブル,ブラック,95d874d1d07cb6db1f02970b435c6e62,ACTIVE,tier-brand-builder,table,SUMMER_SALE,大型,3500,3404,6904,推定(ckb_cost + ship_est),20980,19980,Owner承認済み,—,19980,13076,65.4%,12357,1.62,8650,2.89,17982,11078,61.6%,10431,1.72,7301,2.60,,,,,,,,,,,,,,,,,,,,,
ロロ サイドテーブル,ホワイト,ef809f15a456dce687bdf9bca30f4a23,ACTIVE,tier-brand-builder,table,SUMMER_SALE,大型,3500,3404,6904,推定(ckb_cost + ship_est),20980,19980,Owner承認済み,—,19980,13076,65.4%,12357,1.62,8650,2.89,17982,11078,61.6%,10431,1.72,7301,2.60,,,,,,,,,,,,,,,,,,,,,
ロンド コーヒーテーブル,ウォールナット × ブラック脚 50cm / 組み立て式,da2ba66aab28abeb0e68028421b986a5,ACTIVE,tier-core,table,SUMMER_SALE,大型,3500,5497,8997,推定(ckb_cost + ship_est),27480,26980,50cm,—,26980,17983,66.7%,17012,1.59,11908,3.00,24282,15285,62.9%,14411,1.68,10088,2.70,,,,,,,,,,,,,,,,,,,,,
ロンド コーヒーテーブル,マットブラック × ブラック脚 50cm / 組み立て式,73e99259ea217a46565ce5c25895c775,ACTIVE,tier-core,table,SUMMER_SALE,大型,3500,5497,8997,推定(ckb_cost + ship_est),27480,26980,50cm,—,26980,17983,66.7%,17012,1.59,11908,3.00,24282,15285,62.9%,14411,1.68,10088,2.70,,,,,,,,,,,,,,,,,,,,,
ロンド コーヒーテーブル,ホワイト × ブラック脚 50cm / 組み立て式,3ce337b18dce0b9cf2ac313d2f16567f,ACTIVE,tier-core,table,SUMMER_SALE,大型,3500,5497,8997,推定(ckb_cost + ship_est),27480,26980,50cm,—,26980,17983,66.7%,17012,1.59,11908,3.00,24282,15285,62.9%,14411,1.68,10088,2.70,,,,,,,,,,,,,,,,,,,,,
ロンド コーヒーテーブル,ウォールナット × ホワイト脚 50cm / 組み立て式,dd73b33abda994be14ce76419b399f6a,ACTIVE,tier-core,table,SUMMER_SALE,大型,3500,5497,8997,推定(ckb_cost + ship_est),27480,26980,50cm,—,26980,17983,66.7%,17012,1.59,11908,3.00,24282,15285,62.9%,14411,1.68,10088,2.70,,,,,,,,,,,,,,,,,,,,,
ロンド コーヒーテーブル,マットブラック × ホワイト脚 50cm / 組み立て式,a9762ad4df1c2ef94b333d036f15fb72,ACTIVE,tier-core,table,SUMMER_SALE,大型,3500,5497,8997,推定(ckb_cost + ship_est),27480,26980,50cm,—,26980,17983,66.7%,17012,1.59,11908,3.00,24282,15285,62.9%,14411,1.68,10088,2.70,,,,,,,,,,,,,,,,,,,,,
ロンド コーヒーテーブル,ホワイト × ホワイト脚 50cm / 組み立て式,a7745707d9a29d49de867ad36b9300d3,ACTIVE,tier-core,table,SUMMER_SALE,大型,3500,5497,8997,推定(ckb_cost + ship_est),27480,26980,50cm,—,26980,17983,66.7%,17012,1.59,11908,3.00,24282,15285,62.9%,14411,1.68,10088,2.70,,,,,,,,,,,,,,,,,,,,,
ロンド コーヒーテーブル,ウォールナット × ブラック脚 60cm / 組み立て式,01a6c2162acdfd3fb5bf6b9d4b7a38ec,ACTIVE,tier-core,table,SUMMER_SALE,大型,3500,6497,9997,推定(ckb_cost + ship_est),30480,29980,60cm,—,29980,19983,66.7%,18904,1.59,13233,3.00,26982,16985,62.9%,16014,1.68,11210,2.70,,,,,,,,,,,,,,,,,,,,,
ロンド コーヒーテーブル,マットブラック × ブラック脚 60cm / 組み立て式,2e891102d31893d4ace0f0b308986ca0,ACTIVE,tier-core,table,SUMMER_SALE,大型,3500,6497,9997,推定(ckb_cost + ship_est),30480,29980,60cm,—,29980,19983,66.7%,18904,1.59,13233,3.00,26982,16985,62.9%,16014,1.68,11210,2.70,,,,,,,,,,,,,,,,,,,,,
ロンド コーヒーテーブル,ウォールナット × ホワイト脚 60cm / 組み立て式,16579d5d3d8ae241b5e8f1cf0815b9b4,ACTIVE,tier-core,table,SUMMER_SALE,大型,3500,6497,9997,推定(ckb_cost + ship_est),30480,29980,60cm,—,29980,19983,66.7%,18904,1.59,13233,3.00,26982,16985,62.9%,16014,1.68,11210,2.70,,,,,,,,,,,,,,,,,,,,,
ロンド コーヒーテーブル,ホワイト × ブラック脚 60cm / 組み立て式,370cd7ae54df6b3d0627793153b57e89,ACTIVE,tier-core,table,SUMMER_SALE,大型,3500,6497,9997,推定(ckb_cost + ship_est),30480,29980,60cm,—,29980,19983,66.7%,18904,1.59,13233,3.00,26982,16985,62.9%,16014,1.68,11210,2.70,,,,,,,,,,,,,,,,,,,,,
ロンド コーヒーテーブル,マットブラック × ホワイト脚 60cm / 組み立て式,a5e3876532b73d5ccb8147858be445ce,ACTIVE,tier-core,table,SUMMER_SALE,大型,3500,6497,9997,推定(ckb_cost + ship_est),30480,29980,60cm,—,29980,19983,66.7%,18904,1.59,13233,3.00,26982,16985,62.9%,16014,1.68,11210,2.70,,,,,,,,,,,,,,,,,,,,,
ロンド コーヒーテーブル,ホワイト × ホワイト脚 60cm / 組み立て式,3e7606c8d1f6da37581ab19849a34061,ACTIVE,tier-core,table,SUMMER_SALE,大型,3500,6497,9997,推定(ckb_cost + ship_est),30480,29980,60cm,—,29980,19983,66.7%,18904,1.59,13233,3.00,26982,16985,62.9%,16014,1.68,11210,2.70,,,,,,,,,,,,,,,,,,,,,
手編みコースター,直径12センチのマウス,e4c1bbed3ed125e09f392c2835b64634,ACTIVE,tier-aov,object,MULTI_BUY,小物,800,299,1099,推定(ckb_cost + ship_est),3480,2980,CKB 232-299帯,—,2980,1881,63.1%,1774,1.68,1242,2.71,,,,,,,,2682,1583,59.0%,1486,1.80,1041,2.44,2533,1434,56.6%,1343,1.89,940,2.30,,,,,,,
手編みコースター,アプリコットリス直径12cm,4e26c52e09e526d4e4e7aa0a006e7b8e,ACTIVE,tier-aov,object,MULTI_BUY,小物,800,232,1032,推定(ckb_cost + ship_est),3480,2980,CKB 232-299帯,—,2980,1948,65.4%,1841,1.62,1289,2.89,,,,,,,,2682,1650,61.5%,1553,1.73,1087,2.60,2533,1501,59.3%,1410,1.80,987,2.45,,,,,,,
手編みコースター,カエルの直径は12cmです,f66ade5d5c4d93f26d8e63fce6e03096,ACTIVE,tier-aov,object,MULTI_BUY,小物,800,232,1032,推定(ckb_cost + ship_est),3480,2980,CKB 232-299帯,—,2980,1948,65.4%,1841,1.62,1289,2.89,,,,,,,,2682,1650,61.5%,1553,1.73,1087,2.60,2533,1501,59.3%,1410,1.80,987,2.45,,,,,,,
手編みコースター,直径12cmのピンクリス,d1950deb7ed9a7f3d33b9f283826ed36,ACTIVE,tier-aov,object,MULTI_BUY,小物,800,232,1032,推定(ckb_cost + ship_est),3480,2980,CKB 232-299帯,—,2980,1948,65.4%,1841,1.62,1289,2.89,,,,,,,,2682,1650,61.5%,1553,1.73,1087,2.60,2533,1501,59.3%,1410,1.80,987,2.45,,,,,,,
手編みコースター,トカゲ 12 センチ,985d44c5315c47c3f94288d945554b6f,ACTIVE,tier-aov,object,MULTI_BUY,小物,800,349,1149,推定(ckb_cost + ship_est),3980,3480,CKB 349-499帯,—,3480,2331,67.0%,2206,1.58,1544,3.03,,,,,,,,3132,1983,63.3%,1870,1.67,1309,2.73,2958,1809,61.2%,1703,1.74,1192,2.57,,,,,,,
手編みコースター,12cm ダック,4df925651476dd0fc36d6f6c6ccc7afb,ACTIVE,tier-aov,object,MULTI_BUY,小物,800,232,1032,推定(ckb_cost + ship_est),3480,2980,CKB 232-299帯,—,2980,1948,65.4%,1841,1.62,1289,2.89,,,,,,,,2682,1650,61.5%,1553,1.73,1087,2.60,2533,1501,59.3%,1410,1.80,987,2.45,,,,,,,
手編みコースター,明るい色のカメ,8357c023c320a6691fc995f931fdea8f,ACTIVE,tier-aov,object,MULTI_BUY,小物,800,499,1299,推定(ckb_cost + ship_est),3980,3480,CKB 349-499帯,—,3480,2181,62.7%,2056,1.69,1439,2.68,,,,,,,,3132,1833,58.5%,1720,1.82,1204,2.41,2958,1659,56.1%,1553,1.91,1087,2.28,,,,,,,
