product,status,variant,variant_id,price,bucket,cost_source,landed_est,sale,normal_price,normal_gp_rate,normal_mp5,normal_mp8,best_disc_price,best_disc_gp_rate,best_disc_mp5,best_disc_mp8,worst_price,worst_gp_rate,worst_mp5,worst_mp8,cpa_at_disc,be_roas_at_disc,mult_now
クラウド サイドテーブル,ACTIVE,スターライトブラック（1段）,50296062673136,12480,大型,推定(ckb+ship_est),4064,SALE10,12480,0.674,7342,6968,11232,0.638,6202,5865,10732,0.621,5745,5423,4341,1.81,3.07
クラウド サイドテーブル,ACTIVE,ミルキーホワイト（1段）,50296062705904,12480,大型,推定(ckb+ship_est),4064,SALE10,12480,0.674,7342,6968,11232,0.638,6202,5865,10732,0.621,5745,5423,4341,1.81,3.07
クラウド サイドテーブル,ACTIVE,ウォールナット（1段）,50296062738672,12480,大型,推定(ckb+ship_est),4064,SALE10,12480,0.674,7342,6968,11232,0.638,6202,5865,10732,0.621,5745,5423,4341,1.81,3.07
フェイクファー ブランケット,ACTIVE,フェイクファーストライプ-クリームホワイト / 100×150cm,50296059003120,3480,小物,推定(ckb+ship_est),1124,MB15,3480,0.677,2056,1952,2958,0.62,1579,1490,2458,0.543,1122,1048,1105,1.87,3.1
フェイクファー ブランケット,ACTIVE,フェイクファーストライプ-クリームホワイト / 150×200cm,50296059068656,4480,小物,推定(ckb+ship_est),1349,MB15,4480,0.699,2745,2611,3808,0.646,2131,2017,3308,0.592,1674,1575,1492,1.79,3.32
フェイクファー ブランケット,ACTIVE,フェイクファーストライプ-クリームホワイト / 180×200cm,50296059101424,4480,小物,推定(ckb+ship_est),1424,MB15,4480,0.682,2670,2536,3808,0.626,2056,1942,3308,0.57,1599,1500,1439,1.85,3.15
フェイクファー ブランケット,ACTIVE,フェイクファーストライプ-カーキ / 100×150cm,50296059232496,3480,小物,推定(ckb+ship_est),1124,MB15,3480,0.677,2056,1952,2958,0.62,1579,1490,2458,0.543,1122,1048,1105,1.87,3.1
フェイクファー ブランケット,ACTIVE,フェイクファーストライプ-カーキ / 150×200cm,50296059298032,4480,小物,推定(ckb+ship_est),1349,MB15,4480,0.699,2745,2611,3808,0.646,2131,2017,3308,0.592,1674,1575,1492,1.79,3.32
フェイクファー ブランケット,ACTIVE,フェイクファーストライプ-カーキ / 180×200cm,50296059330800,4480,小物,推定(ckb+ship_est),1424,MB15,4480,0.682,2670,2536,3808,0.626,2056,1942,3308,0.57,1599,1500,1439,1.85,3.15
フェイクファー ブランケット,ACTIVE,フェイクファーストライプ-ダークグレー / 100×150cm,50296059461872,3480,小物,推定(ckb+ship_est),1124,MB15,3480,0.677,2056,1952,2958,0.62,1579,1490,2458,0.543,1122,1048,1105,1.87,3.1
フェイクファー ブランケット,ACTIVE,フェイクファーストライプ-ダークグレー / 150×200cm,50296059527408,4480,小物,推定(ckb+ship_est),1349,MB15,4480,0.699,2745,2611,3808,0.646,2131,2017,3308,0.592,1674,1575,1492,1.79,3.32
フェイクファー ブランケット,ACTIVE,フェイクファーストライプ-ダークグレー / 180×200cm,50296059560176,4480,小物,推定(ckb+ship_est),1424,MB15,4480,0.682,2670,2536,3808,0.626,2056,1942,3308,0.57,1599,1500,1439,1.85,3.15
フェイクファー ブランケット,ACTIVE,フェイクファーストライプ-ライトグレー / 100×150cm,50296059691248,3480,小物,推定(ckb+ship_est),1124,MB15,3480,0.677,2056,1952,2958,0.62,1579,1490,2458,0.543,1122,1048,1105,1.87,3.1
フェイクファー ブランケット,ACTIVE,フェイクファーストライプ-ライトグレー / 150×200cm,50296059756784,4480,小物,推定(ckb+ship_est),1349,MB15,4480,0.699,2745,2611,3808,0.646,2131,2017,3308,0.592,1674,1575,1492,1.79,3.32
フェイクファー ブランケット,ACTIVE,フェイクファーストライプ-ライトグレー / 180×200cm,50296059789552,4480,小物,推定(ckb+ship_est),1424,MB15,4480,0.682,2670,2536,3808,0.626,2056,1942,3308,0.57,1599,1500,1439,1.85,3.15
フェイクファー ブランケット,ACTIVE,フェイクファーストライプ-ピンク / 100×150cm,50296059920624,3480,小物,推定(ckb+ship_est),1124,MB15,3480,0.677,2056,1952,2958,0.62,1579,1490,2458,0.543,1122,1048,1105,1.87,3.1
フェイクファー ブランケット,ACTIVE,フェイクファーストライプ-ピンク / 150×200cm,50296059986160,4480,小物,推定(ckb+ship_est),1349,MB15,4480,0.699,2745,2611,3808,0.646,2131,2017,3308,0.592,1674,1575,1492,1.79,3.32
フェイクファー ブランケット,ACTIVE,フェイクファーストライプ-ピンク / 180×200cm,50296060018928,4480,小物,推定(ckb+ship_est),1424,MB15,4480,0.682,2670,2536,3808,0.626,2056,1942,3308,0.57,1599,1500,1439,1.85,3.15
フェイクファー ブランケット,ACTIVE,フェイクファーストライプ-フルーツグリーン / 100×150cm,50296060150000,3480,小物,推定(ckb+ship_est),1124,MB15,3480,0.677,2056,1952,2958,0.62,1579,1490,2458,0.543,1122,1048,1105,1.87,3.1
フェイクファー ブランケット,ACTIVE,フェイクファーストライプ-フルーツグリーン / 150×200cm,50296060215536,4480,小物,推定(ckb+ship_est),1349,MB15,4480,0.699,2745,2611,3808,0.646,2131,2017,3308,0.592,1674,1575,1492,1.79,3.32
フェイクファー ブランケット,ACTIVE,フェイクファーストライプ-フルーツグリーン / 180×200cm,50296060248304,4480,小物,推定(ckb+ship_est),1424,MB15,4480,0.682,2670,2536,3808,0.626,2056,1942,3308,0.57,1599,1500,1439,1.85,3.15
フェイクファー ブランケット,ACTIVE,フェイクファーストライプ-キャラメル / 100×150cm,50296060379376,3480,小物,推定(ckb+ship_est),1124,MB15,3480,0.677,2056,1952,2958,0.62,1579,1490,2458,0.543,1122,1048,1105,1.87,3.1
フェイクファー ブランケット,ACTIVE,フェイクファーストライプ-キャラメル / 150×200cm,50296060444912,4480,小物,推定(ckb+ship_est),1349,MB15,4480,0.699,2745,2611,3808,0.646,2131,2017,3308,0.592,1674,1575,1492,1.79,3.32
フェイクファー ブランケット,ACTIVE,フェイクファーストライプ-キャラメル / 180×200cm,50296060477680,4480,小物,推定(ckb+ship_est),1424,MB15,4480,0.682,2670,2536,3808,0.626,2056,1942,3308,0.57,1599,1500,1439,1.85,3.15
フェイクファー ブランケット,ACTIVE,フェイクファーストライプ-ブルー / 100×150cm,50296060608752,3480,小物,推定(ckb+ship_est),1124,MB15,3480,0.677,2056,1952,2958,0.62,1579,1490,2458,0.543,1122,1048,1105,1.87,3.1
フェイクファー ブランケット,ACTIVE,フェイクファーストライプ-ブルー / 150×200cm,50296060739824,4480,小物,推定(ckb+ship_est),1349,MB15,4480,0.699,2745,2611,3808,0.646,2131,2017,3308,0.592,1674,1575,1492,1.79,3.32
フェイクファー ブランケット,ACTIVE,フェイクファーストライプ-ブルー / 180×200cm,50296060772592,4480,小物,推定(ckb+ship_est),1424,MB15,4480,0.682,2670,2536,3808,0.626,2056,1942,3308,0.57,1599,1500,1439,1.85,3.15
フェイクファー ブランケット,ACTIVE,フェイクファーストライプ-ターメリックイエロー / 100×150cm,50296060903664,3480,小物,推定(ckb+ship_est),1124,MB15,3480,0.677,2056,1952,2958,0.62,1579,1490,2458,0.543,1122,1048,1105,1.87,3.1
フェイクファー ブランケット,ACTIVE,フェイクファーストライプ-ターメリックイエロー / 150×200cm,50296060969200,4480,小物,推定(ckb+ship_est),1349,MB15,4480,0.699,2745,2611,3808,0.646,2131,2017,3308,0.592,1674,1575,1492,1.79,3.32
フェイクファー ブランケット,ACTIVE,フェイクファーストライプ-ターメリックイエロー / 180×200cm,50296061001968,4480,小物,推定(ckb+ship_est),1424,MB15,4480,0.682,2670,2536,3808,0.626,2056,1942,3308,0.57,1599,1500,1439,1.85,3.15
フェイクファー ブランケット,ACTIVE,フェイクファーストライプ-ライトパープル / 100×150cm,50296061133040,3480,小物,推定(ckb+ship_est),1124,MB15,3480,0.677,2056,1952,2958,0.62,1579,1490,2458,0.543,1122,1048,1105,1.87,3.1
フェイクファー ブランケット,ACTIVE,フェイクファーストライプ-ライトパープル / 150×200cm,50296061198576,4480,小物,推定(ckb+ship_est),1349,MB15,4480,0.699,2745,2611,3808,0.646,2131,2017,3308,0.592,1674,1575,1492,1.79,3.32
フェイクファー ブランケット,ACTIVE,フェイクファーストライプ-ライトパープル / 180×200cm,50296061231344,4480,小物,推定(ckb+ship_est),1424,MB15,4480,0.682,2670,2536,3808,0.626,2056,1942,3308,0.57,1599,1500,1439,1.85,3.15
フランネル ブランケット,ACTIVE,スペースグレイ / 100×150cm（約390g）,50296057200880,3480,小物,推定(ckb+ship_est),1099,MB15,3480,0.684,2081,1977,2958,0.628,1604,1515,2458,0.553,1147,1073,1123,1.84,3.17
フランネル ブランケット,ACTIVE,スペースグレイ / 150×200cm（約820g）,50296057233648,4480,小物,推定(ckb+ship_est),1374,MB15,4480,0.693,2720,2586,3808,0.639,2106,1992,3308,0.585,1649,1550,1474,1.81,3.26
フランネル ブランケット,ACTIVE,スペースグレイ / 180×200cm（約950g）,50296057266416,4480,小物,推定(ckb+ship_est),1424,MB15,4480,0.682,2670,2536,3808,0.626,2056,1942,3308,0.57,1599,1500,1439,1.85,3.15
フランネル ブランケット,ACTIVE,ピンキー / 100×150cm（約390g）,50296057364720,3480,小物,推定(ckb+ship_est),1099,MB15,3480,0.684,2081,1977,2958,0.628,1604,1515,2458,0.553,1147,1073,1123,1.84,3.17
フランネル ブランケット,ACTIVE,ピンキー / 150×200cm（約820g）,50296057397488,4480,小物,推定(ckb+ship_est),1374,MB15,4480,0.693,2720,2586,3808,0.639,2106,1992,3308,0.585,1649,1550,1474,1.81,3.26
フランネル ブランケット,ACTIVE,ピンキー / 180×200cm（約950g）,50296057430256,4480,小物,推定(ckb+ship_est),1424,MB15,4480,0.682,2670,2536,3808,0.626,2056,1942,3308,0.57,1599,1500,1439,1.85,3.15
フランネル ブランケット,ACTIVE,フルーツグリーン / 100×150cm（約390g）,50296057528560,3480,小物,推定(ckb+ship_est),1099,MB15,3480,0.684,2081,1977,2958,0.628,1604,1515,2458,0.553,1147,1073,1123,1.84,3.17
フランネル ブランケット,ACTIVE,フルーツグリーン / 150×200cm（約820g）,50296057561328,4480,小物,推定(ckb+ship_est),1374,MB15,4480,0.693,2720,2586,3808,0.639,2106,1992,3308,0.585,1649,1550,1474,1.81,3.26
フランネル ブランケット,ACTIVE,フルーツグリーン / 180×200cm（約950g）,50296057594096,4480,小物,推定(ckb+ship_est),1424,MB15,4480,0.682,2670,2536,3808,0.626,2056,1942,3308,0.57,1599,1500,1439,1.85,3.15
フランネル ブランケット,ACTIVE,カーキ / 100×150cm（約390g）,50296057692400,3480,小物,推定(ckb+ship_est),1099,MB15,3480,0.684,2081,1977,2958,0.628,1604,1515,2458,0.553,1147,1073,1123,1.84,3.17
フランネル ブランケット,ACTIVE,カーキ / 150×200cm（約820g）,50296057725168,4480,小物,推定(ckb+ship_est),1374,MB15,4480,0.693,2720,2586,3808,0.639,2106,1992,3308,0.585,1649,1550,1474,1.81,3.26
フランネル ブランケット,ACTIVE,カーキ / 180×200cm（約950g）,50296057757936,4480,小物,推定(ckb+ship_est),1424,MB15,4480,0.682,2670,2536,3808,0.626,2056,1942,3308,0.57,1599,1500,1439,1.85,3.15
フランネル ブランケット,ACTIVE,ブルーグレー / 100×150cm（約390g）,50296057856240,3480,小物,推定(ckb+ship_est),1099,MB15,3480,0.684,2081,1977,2958,0.628,1604,1515,2458,0.553,1147,1073,1123,1.84,3.17
フランネル ブランケット,ACTIVE,ブルーグレー / 150×200cm（約820g）,50296057889008,4480,小物,推定(ckb+ship_est),1374,MB15,4480,0.693,2720,2586,3808,0.639,2106,1992,3308,0.585,1649,1550,1474,1.81,3.26
フランネル ブランケット,ACTIVE,ブルーグレー / 180×200cm（約950g）,50296057921776,4480,小物,推定(ckb+ship_est),1424,MB15,4480,0.682,2670,2536,3808,0.626,2056,1942,3308,0.57,1599,1500,1439,1.85,3.15
フランネル ブランケット,ACTIVE,オフホワイト / 100×150cm（約390g）,50296058020080,3480,小物,推定(ckb+ship_est),1099,MB15,3480,0.684,2081,1977,2958,0.628,1604,1515,2458,0.553,1147,1073,1123,1.84,3.17
フランネル ブランケット,ACTIVE,オフホワイト / 150×200cm（約820g）,50296058052848,4480,小物,推定(ckb+ship_est),1374,MB15,4480,0.693,2720,2586,3808,0.639,2106,1992,3308,0.585,1649,1550,1474,1.81,3.26
フランネル ブランケット,ACTIVE,オフホワイト / 180×200cm（約950g）,50296058085616,4480,小物,推定(ckb+ship_est),1424,MB15,4480,0.682,2670,2536,3808,0.626,2056,1942,3308,0.57,1599,1500,1439,1.85,3.15
フランネル ブランケット,ACTIVE,カラメル / 100×150cm（約390g）,50296058183920,3480,小物,推定(ckb+ship_est),1099,MB15,3480,0.684,2081,1977,2958,0.628,1604,1515,2458,0.553,1147,1073,1123,1.84,3.17
フランネル ブランケット,ACTIVE,カラメル / 150×200cm（約820g）,50296058216688,4480,小物,推定(ckb+ship_est),1374,MB15,4480,0.693,2720,2586,3808,0.639,2106,1992,3308,0.585,1649,1550,1474,1.81,3.26
フランネル ブランケット,ACTIVE,カラメル / 180×200cm（約950g）,50296058249456,4480,小物,推定(ckb+ship_est),1424,MB15,4480,0.682,2670,2536,3808,0.626,2056,1942,3308,0.57,1599,1500,1439,1.85,3.15
フランネル ブランケット,ACTIVE,フォググレー / 100×150cm（約390g）,50296058347760,3480,小物,推定(ckb+ship_est),1099,MB15,3480,0.684,2081,1977,2958,0.628,1604,1515,2458,0.553,1147,1073,1123,1.84,3.17
フランネル ブランケット,ACTIVE,フォググレー / 150×200cm（約820g）,50296058380528,4480,小物,推定(ckb+ship_est),1374,MB15,4480,0.693,2720,2586,3808,0.639,2106,1992,3308,0.585,1649,1550,1474,1.81,3.26
フランネル ブランケット,ACTIVE,フォググレー / 180×200cm（約950g）,50296058413296,4480,小物,推定(ckb+ship_est),1424,MB15,4480,0.682,2670,2536,3808,0.626,2056,1942,3308,0.57,1599,1500,1439,1.85,3.15
フランネル ブランケット,ACTIVE,ライトグレー / 100×150cm（約390g）,50296058511600,3480,小物,推定(ckb+ship_est),1099,MB15,3480,0.684,2081,1977,2958,0.628,1604,1515,2458,0.553,1147,1073,1123,1.84,3.17
フランネル ブランケット,ACTIVE,ライトグレー / 150×200cm（約820g）,50296058544368,4480,小物,推定(ckb+ship_est),1374,MB15,4480,0.693,2720,2586,3808,0.639,2106,1992,3308,0.585,1649,1550,1474,1.81,3.26
フランネル ブランケット,ACTIVE,ライトグレー / 180×200cm（約950g）,50296058577136,4480,小物,推定(ckb+ship_est),1424,MB15,4480,0.682,2670,2536,3808,0.626,2056,1942,3308,0.57,1599,1500,1439,1.85,3.15
フランネル ブランケット,ACTIVE,イエロー / 100×150cm（約390g）,50296058675440,3480,小物,推定(ckb+ship_est),1099,MB15,3480,0.684,2081,1977,2958,0.628,1604,1515,2458,0.553,1147,1073,1123,1.84,3.17
フランネル ブランケット,ACTIVE,イエロー / 150×200cm（約820g）,50296058708208,4480,小物,推定(ckb+ship_est),1374,MB15,4480,0.693,2720,2586,3808,0.639,2106,1992,3308,0.585,1649,1550,1474,1.81,3.26
フランネル ブランケット,ACTIVE,イエロー / 180×200cm（約950g）,50296058740976,4480,小物,推定(ckb+ship_est),1424,MB15,4480,0.682,2670,2536,3808,0.626,2056,1942,3308,0.57,1599,1500,1439,1.85,3.15
フランネル ブランケット,ACTIVE,バイオレット / 100×150cm（約390g）,50296058839280,3480,小物,推定(ckb+ship_est),1099,MB15,3480,0.684,2081,1977,2958,0.628,1604,1515,2458,0.553,1147,1073,1123,1.84,3.17
フランネル ブランケット,ACTIVE,バイオレット / 150×200cm（約820g）,50296058872048,4480,小物,推定(ckb+ship_est),1374,MB15,4480,0.693,2720,2586,3808,0.639,2106,1992,3308,0.585,1649,1550,1474,1.81,3.26
フランネル ブランケット,ACTIVE,バイオレット / 180×200cm（約950g）,50296058904816,4480,小物,推定(ckb+ship_est),1424,MB15,4480,0.682,2670,2536,3808,0.626,2056,1942,3308,0.57,1599,1500,1439,1.85,3.15
セル サイドボード,ACTIVE,ホワイト Aタイプ / 幅50×奥行35×高さ52.5cm,50296063918320,32480,大型,推定(ckb+ship_est),10972,SALE10,32480,0.662,18714,17740,29232,0.625,15746,14869,28732,0.618,15289,14427,11022,1.86,2.96
セル サイドボード,ACTIVE,ブラック Aタイプ / 幅50×奥行35×高さ52.5cm,50296063951088,32480,大型,推定(ckb+ship_est),10972,SALE10,32480,0.662,18714,17740,29232,0.625,15746,14869,28732,0.618,15289,14427,11022,1.86,2.96
セル サイドボード,ACTIVE,ホワイト Bタイプ / 幅50×奥行35×高さ52.5cm,50296063983856,33980,大型,推定(ckb+ship_est),11471,SALE10,33980,0.662,19586,18567,30582,0.625,16480,15563,30082,0.619,16023,15121,11536,1.86,2.96
セル サイドボード,ACTIVE,ブラック Bタイプ / 幅50×奥行35×高さ52.5cm,50296064016624,33980,大型,推定(ckb+ship_est),11471,SALE10,33980,0.662,19586,18567,30582,0.625,16480,15563,30082,0.619,16023,15121,11536,1.86,2.96
フラワーバッド テーブルランプ,ACTIVE,充電式・タッチ式・3色調光 / レッド,50296063590640,6480,中型,推定(ckb+ship_est),2219,MB15,6480,0.658,3703,3509,5508,0.597,2815,2650,5008,0.557,2358,2208,1970,1.96,2.92
フラワーバッド テーブルランプ,ACTIVE,充電式・タッチ式・3色調光 / ホワイト,50296063623408,6480,中型,推定(ckb+ship_est),2219,MB15,6480,0.658,3703,3509,5508,0.597,2815,2650,5008,0.557,2358,2208,1970,1.96,2.92
フラワーバッド テーブルランプ,ACTIVE,充電式・タッチ式・3色調光 / ピンク,50296063656176,6480,中型,推定(ckb+ship_est),2219,MB15,6480,0.658,3703,3509,5508,0.597,2815,2650,5008,0.557,2358,2208,1970,1.96,2.92
フラワーバッド テーブルランプ,ACTIVE,充電式・タッチ式・3色調光 / イエロー,50296063688944,6480,中型,推定(ckb+ship_est),2219,MB15,6480,0.658,3703,3509,5508,0.597,2815,2650,5008,0.557,2358,2208,1970,1.96,2.92
クリアシェード テーブルランプ,ACTIVE,充電式・無段階調光 / クローム（クリアシェード）,50296062869744,11480,中型,推定(ckb+ship_est),3699,SALE10,11480,0.678,6793,6449,10332,0.642,5744,5434,9832,0.624,5287,4992,4021,1.8,3.1
クリアシェード テーブルランプ,ACTIVE,充電式・無段階調光 / バーガンディ（クリアシェード）,50296062902512,11480,中型,推定(ckb+ship_est),3699,SALE10,11480,0.678,6793,6449,10332,0.642,5744,5434,9832,0.624,5287,4992,4021,1.8,3.1
クリアシェード テーブルランプ,ACTIVE,充電式・無段階調光 / パールブラック（クリアシェード）,50296062935280,11480,中型,推定(ckb+ship_est),3699,SALE10,11480,0.678,6793,6449,10332,0.642,5744,5434,9832,0.624,5287,4992,4021,1.8,3.1
モコ ラウンジチェア,ACTIVE,コーデュロイ グリーン,50296079188208,40480,中型,推定(ckb+ship_est),12195,SALE10,40480,0.699,24803,23589,36432,0.665,21103,20010,35932,0.661,20646,19568,14772,1.73,3.32
モコ ラウンジチェア,ACTIVE,コーデュロイ ブラック,50296079220976,40480,中型,推定(ckb+ship_est),12195,SALE10,40480,0.699,24803,23589,36432,0.665,21103,20010,35932,0.661,20646,19568,14772,1.73,3.32
モコ ラウンジチェア,ACTIVE,コーデュロイ ホワイト,50296079253744,40480,中型,推定(ckb+ship_est),12195,SALE10,40480,0.699,24803,23589,36432,0.665,21103,20010,35932,0.661,20646,19568,14772,1.73,3.32
モコ ラウンジチェア,ACTIVE,コーデュロイ キャラメル,50296079286512,40480,中型,推定(ckb+ship_est),12195,SALE10,40480,0.699,24803,23589,36432,0.665,21103,20010,35932,0.661,20646,19568,14772,1.73,3.32
モコ ラウンジチェア,ACTIVE,コーデュロイ ブルー,50296079319280,40480,中型,推定(ckb+ship_est),12195,SALE10,40480,0.699,24803,23589,36432,0.665,21103,20010,35932,0.661,20646,19568,14772,1.73,3.32
モコ ラウンジチェア,ACTIVE,コーデュロイ オレンジ,50296079515888,40480,中型,推定(ckb+ship_est),12195,SALE10,40480,0.699,24803,23589,36432,0.665,21103,20010,35932,0.661,20646,19568,14772,1.73,3.32
ロンド コーヒーテーブル,ACTIVE,ウォールナット × ブラック脚 50cm / 組み立て式,50296065523952,27480,大型,推定(ckb+ship_est),8997,SALE10,27480,0.673,16119,15295,24732,0.636,13608,12866,24232,0.629,13151,12424,9525,1.82,3.05
ロンド コーヒーテーブル,ACTIVE,マットブラック × ブラック脚 50cm / 組み立て式,50296065589488,27480,大型,推定(ckb+ship_est),8997,SALE10,27480,0.673,16119,15295,24732,0.636,13608,12866,24232,0.629,13151,12424,9525,1.82,3.05
ロンド コーヒーテーブル,ACTIVE,ホワイト × ブラック脚 50cm / 組み立て式,50296065655024,27480,大型,推定(ckb+ship_est),8997,SALE10,27480,0.673,16119,15295,24732,0.636,13608,12866,24232,0.629,13151,12424,9525,1.82,3.05
ロンド コーヒーテーブル,ACTIVE,ウォールナット × ホワイト脚 50cm / 組み立て式,50296065720560,27480,大型,推定(ckb+ship_est),8997,SALE10,27480,0.673,16119,15295,24732,0.636,13608,12866,24232,0.629,13151,12424,9525,1.82,3.05
ロンド コーヒーテーブル,ACTIVE,マットブラック × ホワイト脚 50cm / 組み立て式,50296065786096,27480,大型,推定(ckb+ship_est),8997,SALE10,27480,0.673,16119,15295,24732,0.636,13608,12866,24232,0.629,13151,12424,9525,1.82,3.05
ロンド コーヒーテーブル,ACTIVE,ホワイト × ホワイト脚 50cm / 組み立て式,50296065851632,27480,大型,推定(ckb+ship_est),8997,SALE10,27480,0.673,16119,15295,24732,0.636,13608,12866,24232,0.629,13151,12424,9525,1.82,3.05
ロンド コーヒーテーブル,ACTIVE,ウォールナット × ブラック脚 60cm / 組み立て式,50296065917168,30480,大型,推定(ckb+ship_est),9997,SALE10,30480,0.672,17861,16947,27432,0.636,15075,14252,26932,0.629,14618,13810,10553,1.82,3.05
ロンド コーヒーテーブル,ACTIVE,マットブラック × ブラック脚 60cm / 組み立て式,50296065949936,30480,大型,推定(ckb+ship_est),9997,SALE10,30480,0.672,17861,16947,27432,0.636,15075,14252,26932,0.629,14618,13810,10553,1.82,3.05
ロンド コーヒーテーブル,ACTIVE,ウォールナット × ホワイト脚 60cm / 組み立て式,50296065982704,30480,大型,推定(ckb+ship_est),9997,SALE10,30480,0.672,17861,16947,27432,0.636,15075,14252,26932,0.629,14618,13810,10553,1.82,3.05
ロンド コーヒーテーブル,ACTIVE,ホワイト × ブラック脚 60cm / 組み立て式,50296066015472,30480,大型,推定(ckb+ship_est),9997,SALE10,30480,0.672,17861,16947,27432,0.636,15075,14252,26932,0.629,14618,13810,10553,1.82,3.05
ロンド コーヒーテーブル,ACTIVE,マットブラック × ホワイト脚 60cm / 組み立て式,50296066048240,30480,大型,推定(ckb+ship_est),9997,SALE10,30480,0.672,17861,16947,27432,0.636,15075,14252,26932,0.629,14618,13810,10553,1.82,3.05
ロンド コーヒーテーブル,ACTIVE,ホワイト × ホワイト脚 60cm / 組み立て式,50296066081008,30480,大型,推定(ckb+ship_est),9997,SALE10,30480,0.672,17861,16947,27432,0.636,15075,14252,26932,0.629,14618,13810,10553,1.82,3.05
デュオ ナイトテーブル,ACTIVE,天然木 1連 / ラバーウッド × ステンレス天板,50296064213232,50480,大型,推定(ckb+ship_est),17525,SALE10,50480,0.653,28613,27099,45432,0.614,23999,22636,44932,0.61,23542,22194,16799,1.89,2.88
デュオ ナイトテーブル,ACTIVE,天然木 2連 / ラバーウッド × ステンレス天板,50296064246000,100480,大型,推定(ckb+ship_est),34737,SALE10,100480,0.654,57101,54087,90432,0.616,47917,45204,89932,0.614,47460,44762,33542,1.89,2.89
デュオ ナイトテーブル,ACTIVE,ブラック 1連 / ラバーウッド × ステンレス天板,50296064311536,50480,大型,推定(ckb+ship_est),17525,SALE10,50480,0.653,28613,27099,45432,0.614,23999,22636,44932,0.61,23542,22194,16799,1.89,2.88
デュオ ナイトテーブル,ACTIVE,ブラック 2連 / ラバーウッド × ステンレス天板,50296064344304,100480,大型,推定(ckb+ship_est),34737,SALE10,100480,0.654,57101,54087,90432,0.616,47917,45204,89932,0.614,47460,44762,33542,1.89,2.89
セラミック ブックエンド,ACTIVE,アーチライン ブックスタンド雑誌3冊付き パールホワイト,50296080400624,7980,小物,推定(ckb+ship_est),2796,MB15,7980,0.65,4497,4258,6783,0.588,3403,3200,6283,0.555,2946,2758,2382,1.99,2.85
セラミック ブックエンド,ACTIVE,アーチライン ブックスタンド雑誌3冊付き マットブラック,50296080433392,7980,小物,推定(ckb+ship_est),2796,MB15,7980,0.65,4497,4258,6783,0.588,3403,3200,6283,0.555,2946,2758,2382,1.99,2.85
セラミック ブックエンド,ACTIVE,アーチライン ブックスタンド パールホワイト,50296080498928,7480,小物,推定(ckb+ship_est),2546,MB15,7480,0.66,4290,4066,6358,0.6,3265,3074,5858,0.565,2808,2632,2285,1.95,2.94
セラミック ブックエンド,ACTIVE,アーチライン ブックスタンド マットブラック,50296080531696,7480,小物,推定(ckb+ship_est),2546,MB15,7480,0.66,4290,4066,6358,0.6,3265,3074,5858,0.565,2808,2632,2285,1.95,2.94
ジオメトリック ブックスタンド,ACTIVE,ミッドセンチュリー ブックスタンド,50296080302320,8480,小物,推定(ckb+ship_est),2774,SALE10,8480,0.673,4976,4722,7632,0.637,4201,3972,7132,0.611,3744,3530,2941,1.82,3.06
ジオメトリック ブックスタンド,ACTIVE,ミッドセンチュリー ブックスタンド+ダミーブック3冊,50296080335088,9480,小物,推定(ckb+ship_est),3024,SALE10,9480,0.681,5640,5356,8532,0.646,4774,4518,8032,0.624,4317,4076,3341,1.79,3.13
コーデュロイ フォールディングチェア,ACTIVE,ブラウン,50296079712496,11480,中型,推定(ckb+ship_est),3749,SALE10,11480,0.673,6743,6399,10332,0.637,5694,5384,9832,0.619,5237,4942,3986,1.81,3.06
コーデュロイ フォールディングチェア,ACTIVE,ピーコックブルー,50296079745264,11480,中型,推定(ckb+ship_est),3749,SALE10,11480,0.673,6743,6399,10332,0.637,5694,5384,9832,0.619,5237,4942,3986,1.81,3.06
コーデュロイ フォールディングチェア,ACTIVE,オレンジ,50296079778032,11480,中型,推定(ckb+ship_est),3749,SALE10,11480,0.673,6743,6399,10332,0.637,5694,5384,9832,0.619,5237,4942,3986,1.81,3.06
コーデュロイ フォールディングチェア,ACTIVE,ピンク,50296079810800,11480,中型,推定(ckb+ship_est),3749,SALE10,11480,0.673,6743,6399,10332,0.637,5694,5384,9832,0.619,5237,4942,3986,1.81,3.06
コーデュロイ フォールディングチェア,ACTIVE,オリーブグリーン,50296079843568,11480,中型,推定(ckb+ship_est),3749,SALE10,11480,0.673,6743,6399,10332,0.637,5694,5384,9832,0.619,5237,4942,3986,1.81,3.06
ツインベル アラームクロック,ACTIVE,ホワイト,50296082170096,5480,小物,推定(ckb+ship_est),1797,SALE10,5480,0.672,3211,3047,4932,0.636,2710,2562,4432,0.595,2253,2120,1897,1.82,3.05
ミニ アラームクロック,ACTIVE,エメラルド,50296082006256,4980,小物,推定(ckb+ship_est),1519,MB15,4980,0.695,3032,2883,4233,0.641,2349,2222,3733,0.593,1892,1780,1644,1.8,3.28
ミニ アラームクロック,ACTIVE,ライトパープル,50296082039024,4980,小物,推定(ckb+ship_est),1519,MB15,4980,0.695,3032,2883,4233,0.641,2349,2222,3733,0.593,1892,1780,1644,1.8,3.28
ミニ アラームクロック,ACTIVE,オフホワイト,50296082071792,4980,小物,推定(ckb+ship_est),1519,MB15,4980,0.695,3032,2883,4233,0.641,2349,2222,3733,0.593,1892,1780,1644,1.8,3.28
ミニ アラームクロック,ACTIVE,ピンク,50296082104560,4980,小物,推定(ckb+ship_est),1519,MB15,4980,0.695,3032,2883,4233,0.641,2349,2222,3733,0.593,1892,1780,1644,1.8,3.28
マッシュルーム コードレステーブルランプ,ACTIVE,タッチ式・3色調光 / ゴールド,50296081252592,10480,中型,推定(ckb+ship_est),3374,SALE10,10480,0.678,6204,5890,9432,0.642,5246,4963,8932,0.622,4789,4521,3672,1.8,3.11
マッシュルーム コードレステーブルランプ,ACTIVE,タッチ式・3色調光 / シルバー,50296081285360,10480,中型,推定(ckb+ship_est),3374,SALE10,10480,0.678,6204,5890,9432,0.642,5246,4963,8932,0.622,4789,4521,3672,1.8,3.11
マッシュルーム コードレステーブルランプ,ACTIVE,タッチ式・3色調光 / ローズゴールド,50296081318128,10480,中型,推定(ckb+ship_est),3374,SALE10,10480,0.678,6204,5890,9432,0.642,5246,4963,8932,0.622,4789,4521,3672,1.8,3.11
マッシュルーム コードレステーブルランプ,ACTIVE,タッチ式・3色調光 / バーガンディ,50296081350896,10480,中型,推定(ckb+ship_est),3374,SALE10,10480,0.678,6204,5890,9432,0.642,5246,4963,8932,0.622,4789,4521,3672,1.8,3.11
マッシュルーム コードレステーブルランプ,ACTIVE,タッチ式・3色調光 / ダークグリーン,50296081383664,10480,中型,推定(ckb+ship_est),3374,SALE10,10480,0.678,6204,5890,9432,0.642,5246,4963,8932,0.622,4789,4521,3672,1.8,3.11
マッシュルーム コードレステーブルランプ,ACTIVE,タッチ式・3色調光 / ライムブルー,50296081416432,10480,中型,推定(ckb+ship_est),3374,SALE10,10480,0.678,6204,5890,9432,0.642,5246,4963,8932,0.622,4789,4521,3672,1.8,3.11
マッシュルーム コードレステーブルランプ,ACTIVE,タッチ式・3色調光 / グレー,50296081449200,10480,中型,推定(ckb+ship_est),3374,SALE10,10480,0.678,6204,5890,9432,0.642,5246,4963,8932,0.622,4789,4521,3672,1.8,3.11
ハル ダイニングチェア,ACTIVE,チェリー × ミルクブラウンレザー調（1脚）,50296095637744,21480,中型,推定(ckb+ship_est),7122,SALE10,21480,0.668,12510,11866,19332,0.632,10547,9967,18832,0.622,10090,9525,7383,1.83,3.02
ハル ダイニングチェア,ACTIVE,ウォールナット × グレーレザー調（1脚）,50296095703280,21480,中型,推定(ckb+ship_est),7122,SALE10,21480,0.668,12510,11866,19332,0.632,10547,9967,18832,0.622,10090,9525,7383,1.83,3.02
ハル ダイニングチェア,ACTIVE,チェリー × ミルクブラウンレザー調（2脚セット）,50296095768816,34480,中型,推定(ckb+ship_est),11621,-,34480,0.663,19893,18859,34480,0.663,19893,18859,33980,0.658,19436,18417,13925,1.73,2.97
ハル ダイニングチェア,ACTIVE,ウォールナット × グレーレザー調（2脚セット）,50296095670512,34480,中型,推定(ckb+ship_est),11621,-,34480,0.663,19893,18859,34480,0.663,19893,18859,33980,0.658,19436,18417,13925,1.73,2.97
ベルベット クッション,ACTIVE,ブラウン ブリック×スワロー / 45×45cm（中材付き）,50296092885232,5980,小物,推定(ckb+ship_est),1969,MB15,5980,0.671,3496,3317,5083,0.613,2676,2524,4583,0.57,2219,2082,1873,1.9,3.04
ベルベット クッション,ACTIVE,ブラウン ペンシルライン / 45×45cm（中材付き）,50296093212912,7480,小物,推定(ckb+ship_est),2519,MB15,7480,0.663,4317,4093,6358,0.604,3292,3101,5858,0.57,2835,2659,2304,1.93,2.97
ベルベット クッション,ACTIVE,ブラウン フォレストカット / 45×45cm（中材付き）,50296093278448,5980,小物,推定(ckb+ship_est),1919,MB15,5980,0.679,3546,3367,5083,0.622,2726,2574,4583,0.581,2269,2132,1908,1.86,3.12
ベルベット クッション,ACTIVE,カーキ ブラッシュ / 45×45cm（中材付き）,50296093475056,5980,小物,推定(ckb+ship_est),1894,MB15,5980,0.683,3571,3392,5083,0.627,2751,2599,4583,0.587,2294,2157,1926,1.85,3.16
ベルベット クッション,ACTIVE,ブラウン コーデュロイチェック / 45×45cm（中材付き）,50296093606128,7480,小物,推定(ckb+ship_est),2494,MB15,7480,0.667,4342,4118,6358,0.608,3317,3126,5858,0.574,2860,2684,2322,1.92,3.0
ベルベット クッション,ACTIVE,カーキ ベルベット / 45×45cm（中材付き）,50296094032112,5480,小物,推定(ckb+ship_est),1694,MB15,5480,0.691,3314,3150,4658,0.636,2563,2423,4158,0.593,2106,1981,1794,1.82,3.23
ベルベット クッション,ACTIVE,ブラウン レースジオメトリック / 45×45cm（中材付き）,50296094228720,6980,小物,推定(ckb+ship_est),2294,MB15,6980,0.671,4085,3876,5933,0.613,3128,2950,5433,0.578,2671,2508,2190,1.9,3.04
ベルベット クッション,ACTIVE,カーキ バーチカルプリーツ / 45×45cm（中材付き）,50296094753008,5980,小物,推定(ckb+ship_est),1944,MB15,5980,0.675,3521,3342,5083,0.618,2701,2549,4583,0.576,2244,2107,1891,1.88,3.08
パイピング クッション,ACTIVE,ブラウン パイピング / 45×45cm（中材付き）,50296089837808,6480,小物,推定(ckb+ship_est),2019,MB15,6480,0.688,3903,3709,5508,0.633,3015,2850,5008,0.597,2558,2408,2110,1.83,3.21
パイピング クッション,ACTIVE,ブラウン フレンチフラワー / 45×45cm（中材付き）,50296089903344,6480,小物,推定(ckb+ship_est),2019,MB15,6480,0.688,3903,3709,5508,0.633,3015,2850,5008,0.597,2558,2408,2110,1.83,3.21
パイピング クッション,ACTIVE,ミルキーホワイト ダイヤキルト / 45×45cm（中材付き）,50296090362096,6480,小物,推定(ckb+ship_est),2019,MB15,6480,0.688,3903,3709,5508,0.633,3015,2850,5008,0.597,2558,2408,2110,1.83,3.21
パイピング クッション,ACTIVE,オフホワイト フレンチフラワー / 45×45cm（中材付き）,50296090558704,6480,小物,推定(ckb+ship_est),2019,MB15,6480,0.688,3903,3709,5508,0.633,3015,2850,5008,0.597,2558,2408,2110,1.83,3.21
パイピング クッション,ACTIVE,ブラウン ヘリンボーンチェック / 45×45cm（中材付き）,50296090820848,5980,小物,推定(ckb+ship_est),1894,MB15,5980,0.683,3571,3392,5083,0.627,2751,2599,4583,0.587,2294,2157,1926,1.85,3.16
パイピング クッション,ACTIVE,ミルクイエロー ブリック / 45×45cm（中材付き）,50296090886384,6980,小物,推定(ckb+ship_est),2169,MB15,6980,0.689,4210,4001,5933,0.634,3253,3075,5433,0.601,2796,2633,2277,1.82,3.22
パイピング クッション,ACTIVE,ライトカーキ カットフラワー / 45×45cm（中材付き）,50296090951920,5980,小物,推定(ckb+ship_est),1894,MB15,5980,0.683,3571,3392,5083,0.627,2751,2599,4583,0.587,2294,2157,1926,1.85,3.16
パイピング クッション,ACTIVE,カーキ ワイドストライプ / 45×45cm（中材付き）,50296091082992,6480,小物,推定(ckb+ship_est),2019,MB15,6480,0.688,3903,3709,5508,0.633,3015,2850,5008,0.597,2558,2408,2110,1.83,3.21
フラワー フロアクッション,ACTIVE,ピンク / 直径50cm,50296389009648,6480,小物,推定(ckb+ship_est),1694,MB15,6480,0.739,4228,4034,5508,0.692,3340,3175,5008,0.662,2883,2733,2338,1.65,3.83
フラワー フロアクッション,ACTIVE,ピンク / 直径40cm,50296389042416,5980,小物,推定(ckb+ship_est),1394,MB15,5980,0.767,4071,3892,5083,0.726,3251,3099,4583,0.696,2794,2657,2276,1.56,4.29
フラワー フロアクッション,ACTIVE,イエロー / 直径50cm,50296389075184,6480,小物,推定(ckb+ship_est),1694,MB15,6480,0.739,4228,4034,5508,0.692,3340,3175,5008,0.662,2883,2733,2338,1.65,3.83
フラワー フロアクッション,ACTIVE,イエロー / 直径40cm,50296389107952,5980,小物,推定(ckb+ship_est),1394,MB15,5980,0.767,4071,3892,5083,0.726,3251,3099,4583,0.696,2794,2657,2276,1.56,4.29
フラワー フロアクッション,ACTIVE,グレー / 直径50cm,50296389140720,6480,小物,推定(ckb+ship_est),1694,MB15,6480,0.739,4228,4034,5508,0.692,3340,3175,5008,0.662,2883,2733,2338,1.65,3.83
フラワー フロアクッション,ACTIVE,グレー / 直径40cm,50296389173488,5980,小物,推定(ckb+ship_est),1394,MB15,5980,0.767,4071,3892,5083,0.726,3251,3099,4583,0.696,2794,2657,2276,1.56,4.29
フラワー フロアクッション,ACTIVE,グリーン / 直径50cm,50296389206256,6480,小物,推定(ckb+ship_est),1694,MB15,6480,0.739,4228,4034,5508,0.692,3340,3175,5008,0.662,2883,2733,2338,1.65,3.83
フラワー フロアクッション,ACTIVE,グリーン / 直径40cm,50296389239024,5980,小物,推定(ckb+ship_est),1394,MB15,5980,0.767,4071,3892,5083,0.726,3251,3099,4583,0.696,2794,2657,2276,1.56,4.29
バルーンドッグ オブジェ,ACTIVE,ブルー / 幅21×奥行7.5×高さ18cm,50296097243376,3980,小物,推定(ckb+ship_est),1274,MB15,3980,0.68,2363,2244,3383,0.623,1818,1716,2883,0.558,1361,1274,1272,1.86,3.12
バルーンドッグ オブジェ,ACTIVE,グリーン / 幅21×奥行7.5×高さ18cm,50296097276144,3980,小物,推定(ckb+ship_est),1274,MB15,3980,0.68,2363,2244,3383,0.623,1818,1716,2883,0.558,1361,1274,1272,1.86,3.12
バルーンドッグ オブジェ,ACTIVE,ピンク / 幅21×奥行7.5×高さ18cm,50296097308912,3980,小物,推定(ckb+ship_est),1274,MB15,3980,0.68,2363,2244,3383,0.623,1818,1716,2883,0.558,1361,1274,1272,1.86,3.12
バルーンドッグ オブジェ,ACTIVE,マルチカラー / 幅21×奥行7.5×高さ18cm,50296097341680,3980,小物,推定(ckb+ship_est),1274,MB15,3980,0.68,2363,2244,3383,0.623,1818,1716,2883,0.558,1361,1274,1272,1.86,3.12
バルーンドッグ オブジェ,ACTIVE,ゴールド / 幅21×奥行7.5×高さ18cm,50296097374448,3980,小物,推定(ckb+ship_est),1274,MB15,3980,0.68,2363,2244,3383,0.623,1818,1716,2883,0.558,1361,1274,1272,1.86,3.12
バルーンドッグ オブジェ,ACTIVE,シルバー / 幅21×奥行7.5×高さ18cm,50296097407216,3980,小物,推定(ckb+ship_est),1274,MB15,3980,0.68,2363,2244,3383,0.623,1818,1716,2883,0.558,1361,1274,1272,1.86,3.12
バルーンドッグ オブジェ,ACTIVE,パールホワイト / 幅21×奥行7.5×高さ18cm,50296097439984,3980,小物,推定(ckb+ship_est),1274,MB15,3980,0.68,2363,2244,3383,0.623,1818,1716,2883,0.558,1361,1274,1272,1.86,3.12
バルーンドッグ オブジェ,ACTIVE,ブルーグレー / 幅21×奥行7.5×高さ18cm,50296097472752,3980,小物,推定(ckb+ship_est),1274,MB15,3980,0.68,2363,2244,3383,0.623,1818,1716,2883,0.558,1361,1274,1272,1.86,3.12
バルーンドッグ オブジェ,ACTIVE,オレンジレッド / 幅21×奥行7.5×高さ18cm,50296097505520,3980,小物,推定(ckb+ship_est),1274,MB15,3980,0.68,2363,2244,3383,0.623,1818,1716,2883,0.558,1361,1274,1272,1.86,3.12
ビス ダイニングチェア,ACTIVE,ブラック × ベージュパッチワーク,50296096096496,23480,中型,推定(ckb+ship_est),7697,SALE10,23480,0.672,13763,13059,21132,0.636,11617,10983,20632,0.627,11160,10541,8132,1.82,3.05
ビス ダイニングチェア,ACTIVE,ブラック × ブラックパッチワーク,50296096129264,23480,中型,推定(ckb+ship_est),7697,SALE10,23480,0.672,13763,13059,21132,0.636,11617,10983,20632,0.627,11160,10541,8132,1.82,3.05
ビス ダイニングチェア,ACTIVE,ブラック × ベージュファブリック,50296096162032,25480,中型,推定(ckb+ship_est),8447,SALE10,25480,0.668,14841,14077,22932,0.632,12512,11824,22432,0.623,12055,11382,8758,1.83,3.02
ビス ダイニングチェア,ACTIVE,ブラック × オフホワイトファブリック,50296096194800,25480,中型,推定(ckb+ship_est),8447,SALE10,25480,0.668,14841,14077,22932,0.632,12512,11824,22432,0.623,12055,11382,8758,1.83,3.02
ビス ダイニングチェア,ACTIVE,ダークウォールナット × ライスイエローファブリック,50296096227568,25480,中型,推定(ckb+ship_est),8447,SALE10,25480,0.668,14841,14077,22932,0.632,12512,11824,22432,0.623,12055,11382,8758,1.83,3.02
ビス ダイニングチェア,ACTIVE,ダークウォールナット × オフホワイトファブリック,50296096260336,25480,中型,推定(ckb+ship_est),8447,SALE10,25480,0.668,14841,14077,22932,0.632,12512,11824,22432,0.623,12055,11382,8758,1.83,3.02
ビス ダイニングチェア,ACTIVE,ダークウォールナット × ベージュパッチワーク,50296096293104,23480,中型,推定(ckb+ship_est),7697,SALE10,23480,0.672,13763,13059,21132,0.636,11617,10983,20632,0.627,11160,10541,8132,1.82,3.05
ビス ダイニングチェア,ACTIVE,ダークウォールナット × ブラックパッチワーク,50296096325872,23480,中型,推定(ckb+ship_est),7697,SALE10,23480,0.672,13763,13059,21132,0.636,11617,10983,20632,0.627,11160,10541,8132,1.82,3.05
ビス ダイニングチェア,ACTIVE,ダークウォールナット × オレンジファブリック,50296096358640,23480,中型,推定(ckb+ship_est),7697,SALE10,23480,0.672,13763,13059,21132,0.636,11617,10983,20632,0.627,11160,10541,8132,1.82,3.05
ロロ サイドテーブル,ACTIVE,イエロー,50296391532784,20480,大型,推定(ckb+ship_est),6904,SALE10,20480,0.663,11814,11200,18432,0.625,9942,9389,17932,0.615,9485,8947,6959,1.85,2.97
ロロ サイドテーブル,ACTIVE,ブラック,50296391565552,20480,大型,推定(ckb+ship_est),6904,SALE10,20480,0.663,11814,11200,18432,0.625,9942,9389,17932,0.615,9485,8947,6959,1.85,2.97
ロロ サイドテーブル,ACTIVE,ホワイト,50296391598320,20480,大型,推定(ckb+ship_est),6904,SALE10,20480,0.663,11814,11200,18432,0.625,9942,9389,17932,0.615,9485,8947,6959,1.85,2.97
ジャカード 中綿付きクッション,ACTIVE,イエロー ウェーブ / 45×45cm（中材付き）,50296391205104,3980,小物,推定(ckb+ship_est),1187,MB15,3980,0.702,2450,2331,3383,0.649,1905,1803,2883,0.588,1448,1361,1333,1.78,3.35
ジャカード 中綿付きクッション,ACTIVE,イエロー ダイヤグリッド / 45×45cm（中材付き）,50296391270640,3980,小物,推定(ckb+ship_est),1187,MB15,3980,0.702,2450,2331,3383,0.649,1905,1803,2883,0.588,1448,1361,1333,1.78,3.35
ジャカード 中綿付きクッション,ACTIVE,イエロー スモールスクエア / 45×45cm（中材付き）,50296391336176,3980,小物,推定(ckb+ship_est),1187,MB15,3980,0.702,2450,2331,3383,0.649,1905,1803,2883,0.588,1448,1361,1333,1.78,3.35
ジャカード 中綿付きクッション,ACTIVE,イエロー エコー / 45×45cm（中材付き）,50296391401712,3980,小物,推定(ckb+ship_est),1187,MB15,3980,0.702,2450,2331,3383,0.649,1905,1803,2883,0.588,1448,1361,1333,1.78,3.35
ジャカード 中綿付きクッション,ACTIVE,イエロー ヘリンボーン / 45×45cm（中材付き）,50296391467248,3980,小物,推定(ckb+ship_est),1187,MB15,3980,0.702,2450,2331,3383,0.649,1905,1803,2883,0.588,1448,1361,1333,1.78,3.35
フラワー キャットタワー,ACTIVE,花柄（花パーツ取り外し可）,50296441307376,30480,大型,推定(ckb+ship_est),10397,SALE10,30480,0.659,17461,16547,27432,0.621,14675,13852,26932,0.614,14218,13410,10273,1.87,2.93
フラワー キャットタワー,ACTIVE,ホワイト（花パーツ取り外し可）,50296441340144,30480,大型,推定(ckb+ship_est),10397,SALE10,30480,0.659,17461,16547,27432,0.621,14675,13852,26932,0.614,14218,13410,10273,1.87,2.93
ボア ラウンジチェア,ACTIVE,ベージュ,50296394219760,15480,中型,推定(ckb+ship_est),3621,SALE10,15480,0.766,10527,10063,13932,0.74,9112,8694,13432,0.73,8655,8252,6378,1.53,4.28
ボア ラウンジチェア,ACTIVE,グレー,50296394252528,15480,中型,推定(ckb+ship_est),3621,SALE10,15480,0.766,10527,10063,13932,0.74,9112,8694,13432,0.73,8655,8252,6378,1.53,4.28
ボア ラウンジチェア,ACTIVE,フルーツグリーン,50296394285296,15480,中型,推定(ckb+ship_est),3621,SALE10,15480,0.766,10527,10063,13932,0.74,9112,8694,13432,0.73,8655,8252,6378,1.53,4.28
ボア ラウンジチェア,ACTIVE,イエロー,50296394318064,15480,中型,推定(ckb+ship_est),3621,SALE10,15480,0.766,10527,10063,13932,0.74,9112,8694,13432,0.73,8655,8252,6378,1.53,4.28
ボア ラウンジチェア,ACTIVE,カーキ,50296394350832,15480,中型,推定(ckb+ship_est),3621,SALE10,15480,0.766,10527,10063,13932,0.74,9112,8694,13432,0.73,8655,8252,6378,1.53,4.28
ボア ラウンジチェア,ACTIVE,グリーン,50296394383600,15480,中型,推定(ckb+ship_est),3621,SALE10,15480,0.766,10527,10063,13932,0.74,9112,8694,13432,0.73,8655,8252,6378,1.53,4.28
ボア ラウンジチェア,ACTIVE,ピンク,50296394416368,15480,中型,推定(ckb+ship_est),3621,SALE10,15480,0.766,10527,10063,13932,0.74,9112,8694,13432,0.73,8655,8252,6378,1.53,4.28
ボア ラウンジチェア,ACTIVE,パープル,50296394449136,15480,中型,推定(ckb+ship_est),3621,SALE10,15480,0.766,10527,10063,13932,0.74,9112,8694,13432,0.73,8655,8252,6378,1.53,4.28
ボア ラウンジチェア,ACTIVE,ライトブルー,50296394481904,15480,中型,推定(ckb+ship_est),3621,SALE10,15480,0.766,10527,10063,13932,0.74,9112,8694,13432,0.73,8655,8252,6378,1.53,4.28
ボア ラウンジチェア,ACTIVE,ブラウン,50296394514672,15480,中型,推定(ckb+ship_est),3621,SALE10,15480,0.766,10527,10063,13932,0.74,9112,8694,13432,0.73,8655,8252,6378,1.53,4.28
コイル サイドテーブル,ACTIVE,レモンイエロー / 全高45cm（天板径34cm）,50296394121456,32480,大型,推定(ckb+ship_est),11021,SALE10,32480,0.661,18665,17691,29232,0.623,15697,14820,28732,0.616,15240,14378,10987,1.86,2.95
コイル サイドテーブル,ACTIVE,トゥルーレッド / 全高45cm（天板径34cm）,50296394154224,32480,大型,推定(ckb+ship_est),11021,SALE10,32480,0.661,18665,17691,29232,0.623,15697,14820,28732,0.616,15240,14378,10987,1.86,2.95
コイル サイドテーブル,ACTIVE,グリーン / 全高45cm（天板径34cm）,50296394186992,32480,大型,推定(ckb+ship_est),11021,SALE10,32480,0.661,18665,17691,29232,0.623,15697,14820,28732,0.616,15240,14378,10987,1.86,2.95
ガラスフラワー オブジェ,ACTIVE,ルビー（7点セット）,50296393662704,3980,小物,推定(ckb+ship_est),1231,MB15,3980,0.691,2406,2287,3383,0.636,1861,1759,2883,0.573,1404,1317,1302,1.82,3.23
ガラスフラワー オブジェ,ACTIVE,ブルー（7点セット）,50296393695472,3980,小物,推定(ckb+ship_est),1231,MB15,3980,0.691,2406,2287,3383,0.636,1861,1759,2883,0.573,1404,1317,1302,1.82,3.23
ガラスフラワー オブジェ,ACTIVE,ピンク（7点セット）,50296393728240,3980,小物,推定(ckb+ship_est),1231,MB15,3980,0.691,2406,2287,3383,0.636,1861,1759,2883,0.573,1404,1317,1302,1.82,3.23
ガラスフラワー オブジェ,ACTIVE,ホワイト（7点セット）,50296393826544,3980,小物,推定(ckb+ship_est),1231,MB15,3980,0.691,2406,2287,3383,0.636,1861,1759,2883,0.573,1404,1317,1302,1.82,3.23
ガラスフラワー オブジェ,ACTIVE,アンバー（7点セット）,50296393924848,3980,小物,推定(ckb+ship_est),1231,MB15,3980,0.691,2406,2287,3383,0.636,1861,1759,2883,0.573,1404,1317,1302,1.82,3.23
MORU フラワーラウンジ,ACTIVE,アイボリー,50279721730288,9480,中型,推定(ckb+ship_est),3131,SALE10,9480,0.67,5533,5249,8532,0.633,4667,4411,8032,0.61,4210,3969,3267,1.83,3.03
MORU フラワーラウンジ,ACTIVE,オリーブグリーン,50279721763056,9480,中型,推定(ckb+ship_est),3131,SALE10,9480,0.67,5533,5249,8532,0.633,4667,4411,8032,0.61,4210,3969,3267,1.83,3.03
