商品,variant,分類,ship_bucket,推定着地原価,新通常価格,最悪ケース施策,最悪ケース売価,引当3%_返金引当額,引当3%_粗利率,引当3%_限界利益,引当3%_BE_ROAS,引当3%_CPA上限,引当5%_返金引当額,引当5%_粗利率,引当5%_限界利益,引当5%_BE_ROAS,引当5%_CPA上限,引当8%_返金引当額,引当8%_粗利率,引当8%_限界利益,引当8%_BE_ROAS,引当8%_CPA上限
MORU フラワーラウンジ,アイボリー,SUMMER_SALE,中型,3131,8980,SummerSale10,8082,336,61.3%,4324,1.87,3027,561,61.3%,4099,1.97,2870,897,61.3%,3763,2.15,2634
MORU フラワーラウンジ,オリーブグリーン,SUMMER_SALE,中型,3131,8980,SummerSale10,8082,336,61.3%,4324,1.87,3027,561,61.3%,4099,1.97,2870,897,61.3%,3763,2.15,2634
ガラスフラワー オブジェ,ルビー（7点セット）,MULTI_BUY,小物,1231,3480,MB3点以上,2958,126,58.4%,1495,1.98,1046,209,58.4%,1411,2.10,988,335,58.4%,1285,2.30,900
ガラスフラワー オブジェ,ブルー（7点セット）,MULTI_BUY,小物,1231,3480,MB3点以上,2958,126,58.4%,1495,1.98,1046,209,58.4%,1411,2.10,988,335,58.4%,1285,2.30,900
ガラスフラワー オブジェ,ピンク（7点セット）,MULTI_BUY,小物,1231,3480,MB3点以上,2958,126,58.4%,1495,1.98,1046,209,58.4%,1411,2.10,988,335,58.4%,1285,2.30,900
ガラスフラワー オブジェ,ホワイト（7点セット）,MULTI_BUY,小物,1231,3480,MB3点以上,2958,126,58.4%,1495,1.98,1046,209,58.4%,1411,2.10,988,335,58.4%,1285,2.30,900
ガラスフラワー オブジェ,アンバー（7点セット）,MULTI_BUY,小物,1231,3480,MB3点以上,2958,126,58.4%,1495,1.98,1046,209,58.4%,1411,2.10,988,335,58.4%,1285,2.30,900
クラウド サイドテーブル,スターライトブラック（1段）,SUMMER_SALE,大型,4064,11980,PAIR15,10183,427,60.1%,5325,1.91,3728,712,60.1%,5040,2.02,3528,1140,60.1%,4613,2.21,3229
クラウド サイドテーブル,ミルキーホワイト（1段）,SUMMER_SALE,大型,4064,11980,PAIR15,10183,427,60.1%,5325,1.91,3728,712,60.1%,5040,2.02,3528,1140,60.1%,4613,2.21,3229
クラウド サイドテーブル,ウォールナット（1段）,SUMMER_SALE,大型,4064,11980,PAIR15,10183,427,60.1%,5325,1.91,3728,712,60.1%,5040,2.02,3528,1140,60.1%,4613,2.21,3229
クリアシェード テーブルランプ,充電式・無段階調光 / クローム（クリアシェード）,SUMMER_SALE,中型,3699,10980,SummerSale10,9882,407,62.6%,5420,1.82,3794,679,62.6%,5148,1.92,3604,1086,62.6%,4741,2.08,3319
クリアシェード テーブルランプ,充電式・無段階調光 / バーガンディ（クリアシェード）,SUMMER_SALE,中型,3699,10980,SummerSale10,9882,407,62.6%,5420,1.82,3794,679,62.6%,5148,1.92,3604,1086,62.6%,4741,2.08,3319
クリアシェード テーブルランプ,充電式・無段階調光 / パールブラック（クリアシェード）,SUMMER_SALE,中型,3699,10980,SummerSale10,9882,407,62.6%,5420,1.82,3794,679,62.6%,5148,1.92,3604,1086,62.6%,4741,2.08,3319
コイル サイドテーブル,レモンイエロー / 全高45cm（天板径34cm）,SUMMER_SALE,大型,11021,31980,SummerSale10,28782,1194,61.7%,15531,1.85,10872,1990,61.7%,14735,1.95,10314,3184,61.7%,13541,2.13,9478
コイル サイドテーブル,トゥルーレッド / 全高45cm（天板径34cm）,SUMMER_SALE,大型,11021,31980,SummerSale10,28782,1194,61.7%,15531,1.85,10872,1990,61.7%,14735,1.95,10314,3184,61.7%,13541,2.13,9478
コイル サイドテーブル,グリーン / 全高45cm（天板径34cm）,SUMMER_SALE,大型,11021,31980,SummerSale10,28782,1194,61.7%,15531,1.85,10872,1990,61.7%,14735,1.95,10314,3184,61.7%,13541,2.13,9478
コーデュロイ フォールディングチェア,ブラウン,SUMMER_SALE,中型,3749,10980,SummerSale10,9882,409,62.1%,5368,1.84,3758,682,62.1%,5096,1.94,3567,1090,62.1%,4687,2.11,3281
コーデュロイ フォールディングチェア,ピーコックブルー,SUMMER_SALE,中型,3749,10980,SummerSale10,9882,409,62.1%,5368,1.84,3758,682,62.1%,5096,1.94,3567,1090,62.1%,4687,2.11,3281
コーデュロイ フォールディングチェア,オレンジ,SUMMER_SALE,中型,3749,10980,SummerSale10,9882,409,62.1%,5368,1.84,3758,682,62.1%,5096,1.94,3567,1090,62.1%,4687,2.11,3281
コーデュロイ フォールディングチェア,ピンク,SUMMER_SALE,中型,3749,10980,SummerSale10,9882,409,62.1%,5368,1.84,3758,682,62.1%,5096,1.94,3567,1090,62.1%,4687,2.11,3281
コーデュロイ フォールディングチェア,オリーブグリーン,SUMMER_SALE,中型,3749,10980,SummerSale10,9882,409,62.1%,5368,1.84,3758,682,62.1%,5096,1.94,3567,1090,62.1%,4687,2.11,3281
ジオメトリック ブックスタンド,ミッドセンチュリー ブックスタンド,SUMMER_SALE,小物,2774,7980,SummerSale10,7182,299,61.4%,3851,1.87,2696,498,61.4%,3652,1.97,2556,796,61.4%,3353,2.14,2347
ジオメトリック ブックスタンド,ミッドセンチュリー ブックスタンド+ダミーブック3冊,SUMMER_SALE,小物,3024,8980,SummerSale10,8082,333,62.6%,4434,1.82,3104,555,62.6%,4212,1.92,2948,888,62.6%,3879,2.08,2715
ジャカード 中綿付きクッション,イエロー ウェーブ / 45×45cm（中材付き）,MULTI_BUY,小物,1187,3480,MB3点以上,2958,124,59.9%,1540,1.92,1078,207,59.9%,1457,2.03,1020,332,59.9%,1333,2.22,933
ジャカード 中綿付きクッション,イエロー ダイヤグリッド / 45×45cm（中材付き）,MULTI_BUY,小物,1187,3480,MB3点以上,2958,124,59.9%,1540,1.92,1078,207,59.9%,1457,2.03,1020,332,59.9%,1333,2.22,933
ジャカード 中綿付きクッション,イエロー スモールスクエア / 45×45cm（中材付き）,MULTI_BUY,小物,1187,3480,MB3点以上,2958,124,59.9%,1540,1.92,1078,207,59.9%,1457,2.03,1020,332,59.9%,1333,2.22,933
ジャカード 中綿付きクッション,イエロー エコー / 45×45cm（中材付き）,MULTI_BUY,小物,1187,3480,MB3点以上,2958,124,59.9%,1540,1.92,1078,207,59.9%,1457,2.03,1020,332,59.9%,1333,2.22,933
ジャカード 中綿付きクッション,イエロー ヘリンボーン / 45×45cm（中材付き）,MULTI_BUY,小物,1187,3480,MB3点以上,2958,124,59.9%,1540,1.92,1078,207,59.9%,1457,2.03,1020,332,59.9%,1333,2.22,933
セラミック ブックエンド,アーチライン ブックスタンド雑誌3冊付き パールホワイト,MULTI_BUY,小物,2796,7480,MB3点以上,6358,275,56.0%,3058,2.08,2141,458,56.0%,2875,2.21,2013,732,56.0%,2601,2.44,1821
セラミック ブックエンド,アーチライン ブックスタンド雑誌3冊付き マットブラック,MULTI_BUY,小物,2796,7480,MB3点以上,6358,275,56.0%,3058,2.08,2141,458,56.0%,2875,2.21,2013,732,56.0%,2601,2.44,1821
セラミック ブックエンド,アーチライン ブックスタンド パールホワイト,MULTI_BUY,小物,2546,6980,MB3点以上,5933,254,57.1%,2919,2.03,2043,424,57.1%,2749,2.16,1925,678,57.1%,2495,2.38,1747
セラミック ブックエンド,アーチライン ブックスタンド マットブラック,MULTI_BUY,小物,2546,6980,MB3点以上,5933,254,57.1%,2919,2.03,2043,424,57.1%,2749,2.16,1925,678,57.1%,2495,2.38,1747
セル サイドボード,ホワイト Aタイプ / 幅50×奥行35×高さ52.5cm,SUMMER_SALE,大型,10972,31980,SummerSale10,28782,1193,61.9%,15581,1.85,10907,1988,61.9%,14786,1.95,10350,3180,61.9%,13594,2.12,9515
セル サイドボード,ブラック Aタイプ / 幅50×奥行35×高さ52.5cm,SUMMER_SALE,大型,10972,31980,SummerSale10,28782,1193,61.9%,15581,1.85,10907,1988,61.9%,14786,1.95,10350,3180,61.9%,13594,2.12,9515
セル サイドボード,ホワイト Bタイプ / 幅50×奥行35×高さ52.5cm,SUMMER_SALE,大型,11471,33480,SummerSale10,30132,1248,61.9%,16328,1.85,11430,2080,61.9%,15496,1.94,10847,3328,61.9%,14248,2.11,9974
セル サイドボード,ブラック Bタイプ / 幅50×奥行35×高さ52.5cm,SUMMER_SALE,大型,11471,33480,SummerSale10,30132,1248,61.9%,16328,1.85,11430,2080,61.9%,15496,1.94,10847,3328,61.9%,14248,2.11,9974
ツインベル アラームクロック,ホワイト,SUMMER_SALE,小物,1797,4980,PAIR15,4233,181,57.5%,2103,2.01,1472,302,57.5%,1982,2.14,1387,482,57.5%,1801,2.35,1261
デュオ ナイトテーブル,天然木 1連 / ラバーウッド × ステンレス天板,SUMMER_SALE,大型,17525,49980,SummerSale10,44982,1875,61.0%,23962,1.88,16774,3125,61.0%,22712,1.98,15899,5001,61.0%,20837,2.16,14586
デュオ ナイトテーブル,天然木 2連 / ラバーウッド × ステンレス天板,SUMMER_SALE,大型,34737,99980,SummerSale10,89982,3742,61.4%,48264,1.86,33785,6236,61.4%,45770,1.97,32039,9978,61.4%,42028,2.14,29420
デュオ ナイトテーブル,ブラック 1連 / ラバーウッド × ステンレス天板,SUMMER_SALE,大型,17525,49980,SummerSale10,44982,1875,61.0%,23962,1.88,16774,3125,61.0%,22712,1.98,15899,5001,61.0%,20837,2.16,14586
デュオ ナイトテーブル,ブラック 2連 / ラバーウッド × ステンレス天板,SUMMER_SALE,大型,34737,99980,SummerSale10,89982,3742,61.4%,48264,1.86,33785,6236,61.4%,45770,1.97,32039,9978,61.4%,42028,2.14,29420
ハル ダイニングチェア,チェリー × ミルクブラウンレザー調（1脚）,SUMMER_SALE,中型,7122,20980,SummerSale10,18882,780,62.3%,10300,1.83,7210,1300,62.3%,9780,1.93,6846,2080,62.3%,9000,2.10,6300
ハル ダイニングチェア,ウォールナット × グレーレザー調（1脚）,SUMMER_SALE,中型,7122,20980,SummerSale10,18882,780,62.3%,10300,1.83,7210,1300,62.3%,9780,1.93,6846,2080,62.3%,9000,2.10,6300
ハル ダイニングチェア,チェリー × ミルクブラウンレザー調（2脚セット）,SUMMER_SALE,中型,11621,33980,通常,33980,1368,65.8%,19768,1.72,13837,2280,65.8%,18856,1.80,13199,3648,65.8%,17488,1.94,12241
ハル ダイニングチェア,ウォールナット × グレーレザー調（2脚セット）,SUMMER_SALE,中型,11621,33980,通常,33980,1368,65.8%,19768,1.72,13837,2280,65.8%,18856,1.80,13199,3648,65.8%,17488,1.94,12241
バルーンドッグ オブジェ,ブルー / 幅21×奥行7.5×高さ18cm,MULTI_BUY,小物,1274,3480,MB3点以上,2958,127,56.9%,1451,2.04,1015,212,56.9%,1366,2.17,956,339,56.9%,1239,2.39,867
バルーンドッグ オブジェ,グリーン / 幅21×奥行7.5×高さ18cm,MULTI_BUY,小物,1274,3480,MB3点以上,2958,127,56.9%,1451,2.04,1015,212,56.9%,1366,2.17,956,339,56.9%,1239,2.39,867
バルーンドッグ オブジェ,ピンク / 幅21×奥行7.5×高さ18cm,MULTI_BUY,小物,1274,3480,MB3点以上,2958,127,56.9%,1451,2.04,1015,212,56.9%,1366,2.17,956,339,56.9%,1239,2.39,867
バルーンドッグ オブジェ,マルチカラー / 幅21×奥行7.5×高さ18cm,MULTI_BUY,小物,1274,3480,MB3点以上,2958,127,56.9%,1451,2.04,1015,212,56.9%,1366,2.17,956,339,56.9%,1239,2.39,867
バルーンドッグ オブジェ,ゴールド / 幅21×奥行7.5×高さ18cm,MULTI_BUY,小物,1274,3480,MB3点以上,2958,127,56.9%,1451,2.04,1015,212,56.9%,1366,2.17,956,339,56.9%,1239,2.39,867
バルーンドッグ オブジェ,シルバー / 幅21×奥行7.5×高さ18cm,MULTI_BUY,小物,1274,3480,MB3点以上,2958,127,56.9%,1451,2.04,1015,212,56.9%,1366,2.17,956,339,56.9%,1239,2.39,867
バルーンドッグ オブジェ,パールホワイト / 幅21×奥行7.5×高さ18cm,MULTI_BUY,小物,1274,3480,MB3点以上,2958,127,56.9%,1451,2.04,1015,212,56.9%,1366,2.17,956,339,56.9%,1239,2.39,867
バルーンドッグ オブジェ,ブルーグレー / 幅21×奥行7.5×高さ18cm,MULTI_BUY,小物,1274,3480,MB3点以上,2958,127,56.9%,1451,2.04,1015,212,56.9%,1366,2.17,956,339,56.9%,1239,2.39,867
バルーンドッグ オブジェ,オレンジレッド / 幅21×奥行7.5×高さ18cm,MULTI_BUY,小物,1274,3480,MB3点以上,2958,127,56.9%,1451,2.04,1015,212,56.9%,1366,2.17,956,339,56.9%,1239,2.39,867
パイピング クッション,ブラウン パイピング / 45×45cm（中材付き）,MULTI_BUY,小物,2019,5980,MB3点以上,5083,213,60.3%,2668,1.91,1868,355,60.3%,2526,2.01,1768,568,60.3%,2313,2.20,1619
パイピング クッション,ブラウン フレンチフラワー / 45×45cm（中材付き）,MULTI_BUY,小物,2019,5980,MB3点以上,5083,213,60.3%,2668,1.91,1868,355,60.3%,2526,2.01,1768,568,60.3%,2313,2.20,1619
パイピング クッション,ミルキーホワイト ダイヤキルト / 45×45cm（中材付き）,MULTI_BUY,小物,2019,5980,MB3点以上,5083,213,60.3%,2668,1.91,1868,355,60.3%,2526,2.01,1768,568,60.3%,2313,2.20,1619
パイピング クッション,オフホワイト フレンチフラワー / 45×45cm（中材付き）,MULTI_BUY,小物,2019,5980,MB3点以上,5083,213,60.3%,2668,1.91,1868,355,60.3%,2526,2.01,1768,568,60.3%,2313,2.20,1619
パイピング クッション,ブラウン ヘリンボーンチェック / 45×45cm（中材付き）,MULTI_BUY,小物,1894,5480,MB3点以上,4658,197,59.3%,2400,1.94,1680,328,59.3%,2269,2.05,1588,524,59.3%,2072,2.25,1451
パイピング クッション,ミルクイエロー ブリック / 45×45cm（中材付き）,MULTI_BUY,小物,2169,6480,MB3点以上,5508,230,60.6%,2910,1.89,2037,384,60.6%,2757,2.00,1930,614,60.6%,2527,2.18,1769
パイピング クッション,ライトカーキ カットフラワー / 45×45cm（中材付き）,MULTI_BUY,小物,1894,5480,MB3点以上,4658,197,59.3%,2400,1.94,1680,328,59.3%,2269,2.05,1588,524,59.3%,2072,2.25,1451
パイピング クッション,カーキ ワイドストライプ / 45×45cm（中材付き）,MULTI_BUY,小物,2019,5980,MB3点以上,5083,213,60.3%,2668,1.91,1868,355,60.3%,2526,2.01,1768,568,60.3%,2313,2.20,1619
ビス ダイニングチェア,ブラック × ベージュパッチワーク,SUMMER_SALE,中型,7697,22980,SummerSale10,20682,851,62.8%,11389,1.82,7972,1419,62.8%,10821,1.91,7575,2270,62.8%,9970,2.07,6979
ビス ダイニングチェア,ブラック × ブラックパッチワーク,SUMMER_SALE,中型,7697,22980,SummerSale10,20682,851,62.8%,11389,1.82,7972,1419,62.8%,10821,1.91,7575,2270,62.8%,9970,2.07,6979
ビス ダイニングチェア,ブラック × ベージュファブリック,SUMMER_SALE,中型,8447,24980,SummerSale10,22482,928,62.4%,12298,1.83,8608,1546,62.4%,11679,1.92,8175,2474,62.4%,10751,2.09,7526
ビス ダイニングチェア,ブラック × オフホワイトファブリック,SUMMER_SALE,中型,8447,24980,SummerSale10,22482,928,62.4%,12298,1.83,8608,1546,62.4%,11679,1.92,8175,2474,62.4%,10751,2.09,7526
ビス ダイニングチェア,ダークウォールナット × ライスイエローファブリック,SUMMER_SALE,中型,8447,24980,SummerSale10,22482,928,62.4%,12298,1.83,8608,1546,62.4%,11679,1.92,8175,2474,62.4%,10751,2.09,7526
ビス ダイニングチェア,ダークウォールナット × オフホワイトファブリック,SUMMER_SALE,中型,8447,24980,SummerSale10,22482,928,62.4%,12298,1.83,8608,1546,62.4%,11679,1.92,8175,2474,62.4%,10751,2.09,7526
ビス ダイニングチェア,ダークウォールナット × ベージュパッチワーク,SUMMER_SALE,中型,7697,22980,SummerSale10,20682,851,62.8%,11389,1.82,7972,1419,62.8%,10821,1.91,7575,2270,62.8%,9970,2.07,6979
ビス ダイニングチェア,ダークウォールナット × ブラックパッチワーク,SUMMER_SALE,中型,7697,22980,SummerSale10,20682,851,62.8%,11389,1.82,7972,1419,62.8%,10821,1.91,7575,2270,62.8%,9970,2.07,6979
ビス ダイニングチェア,ダークウォールナット × オレンジファブリック,SUMMER_SALE,中型,7697,22980,SummerSale10,20682,851,62.8%,11389,1.82,7972,1419,62.8%,10821,1.91,7575,2270,62.8%,9970,2.07,6979
ピボ テーブルランプ,レッド,SUMMER_SALE,中型,9246,26980,SummerSale10,24282,1006,61.9%,13156,1.85,9209,1676,61.9%,12485,1.94,8740,2682,61.9%,11480,2.12,8036
ピボ テーブルランプ,ダークグリーン,SUMMER_SALE,中型,9246,26980,SummerSale10,24282,1006,61.9%,13156,1.85,9209,1676,61.9%,12485,1.94,8740,2682,61.9%,11480,2.12,8036
ピボ テーブルランプ,オレンジ,SUMMER_SALE,中型,9246,26980,SummerSale10,24282,1006,61.9%,13156,1.85,9209,1676,61.9%,12485,1.94,8740,2682,61.9%,11480,2.12,8036
フェイクファー ブランケット,フェイクファーストライプ-クリームホワイト / 100×150cm,MULTI_BUY,小物,1124,2980,MB3点以上,2533,110,55.6%,1208,2.10,846,183,55.6%,1135,2.23,794,293,55.6%,1025,2.47,718
フェイクファー ブランケット,フェイクファーストライプ-クリームホワイト / 150×200cm,MULTI_BUY,小物,1349,3980,MB3点以上,3383,142,60.1%,1770,1.91,1239,237,60.1%,1676,2.02,1173,379,60.1%,1534,2.21,1074
フェイクファー ブランケット,フェイクファーストライプ-クリームホワイト / 180×200cm,MULTI_BUY,小物,1424,3980,MB3点以上,3383,144,57.9%,1693,2.00,1185,240,57.9%,1597,2.12,1118,385,57.9%,1453,2.33,1017
フェイクファー ブランケット,フェイクファーストライプ-カーキ / 100×150cm,MULTI_BUY,小物,1124,2980,MB3点以上,2533,110,55.6%,1208,2.10,846,183,55.6%,1135,2.23,794,293,55.6%,1025,2.47,718
フェイクファー ブランケット,フェイクファーストライプ-カーキ / 150×200cm,MULTI_BUY,小物,1349,3980,MB3点以上,3383,142,60.1%,1770,1.91,1239,237,60.1%,1676,2.02,1173,379,60.1%,1534,2.21,1074
フェイクファー ブランケット,フェイクファーストライプ-カーキ / 180×200cm,MULTI_BUY,小物,1424,3980,MB3点以上,3383,144,57.9%,1693,2.00,1185,240,57.9%,1597,2.12,1118,385,57.9%,1453,2.33,1017
フェイクファー ブランケット,フェイクファーストライプ-ダークグレー / 100×150cm,MULTI_BUY,小物,1124,2980,MB3点以上,2533,110,55.6%,1208,2.10,846,183,55.6%,1135,2.23,794,293,55.6%,1025,2.47,718
フェイクファー ブランケット,フェイクファーストライプ-ダークグレー / 150×200cm,MULTI_BUY,小物,1349,3980,MB3点以上,3383,142,60.1%,1770,1.91,1239,237,60.1%,1676,2.02,1173,379,60.1%,1534,2.21,1074
フェイクファー ブランケット,フェイクファーストライプ-ダークグレー / 180×200cm,MULTI_BUY,小物,1424,3980,MB3点以上,3383,144,57.9%,1693,2.00,1185,240,57.9%,1597,2.12,1118,385,57.9%,1453,2.33,1017
フェイクファー ブランケット,フェイクファーストライプ-ライトグレー / 100×150cm,MULTI_BUY,小物,1124,2980,MB3点以上,2533,110,55.6%,1208,2.10,846,183,55.6%,1135,2.23,794,293,55.6%,1025,2.47,718
フェイクファー ブランケット,フェイクファーストライプ-ライトグレー / 150×200cm,MULTI_BUY,小物,1349,3980,MB3点以上,3383,142,60.1%,1770,1.91,1239,237,60.1%,1676,2.02,1173,379,60.1%,1534,2.21,1074
フェイクファー ブランケット,フェイクファーストライプ-ライトグレー / 180×200cm,MULTI_BUY,小物,1424,3980,MB3点以上,3383,144,57.9%,1693,2.00,1185,240,57.9%,1597,2.12,1118,385,57.9%,1453,2.33,1017
フェイクファー ブランケット,フェイクファーストライプ-ピンク / 100×150cm,MULTI_BUY,小物,1124,2980,MB3点以上,2533,110,55.6%,1208,2.10,846,183,55.6%,1135,2.23,794,293,55.6%,1025,2.47,718
フェイクファー ブランケット,フェイクファーストライプ-ピンク / 150×200cm,MULTI_BUY,小物,1349,3980,MB3点以上,3383,142,60.1%,1770,1.91,1239,237,60.1%,1676,2.02,1173,379,60.1%,1534,2.21,1074
フェイクファー ブランケット,フェイクファーストライプ-ピンク / 180×200cm,MULTI_BUY,小物,1424,3980,MB3点以上,3383,144,57.9%,1693,2.00,1185,240,57.9%,1597,2.12,1118,385,57.9%,1453,2.33,1017
フェイクファー ブランケット,フェイクファーストライプ-フルーツグリーン / 100×150cm,MULTI_BUY,小物,1124,2980,MB3点以上,2533,110,55.6%,1208,2.10,846,183,55.6%,1135,2.23,794,293,55.6%,1025,2.47,718
フェイクファー ブランケット,フェイクファーストライプ-フルーツグリーン / 150×200cm,MULTI_BUY,小物,1349,3980,MB3点以上,3383,142,60.1%,1770,1.91,1239,237,60.1%,1676,2.02,1173,379,60.1%,1534,2.21,1074
フェイクファー ブランケット,フェイクファーストライプ-フルーツグリーン / 180×200cm,MULTI_BUY,小物,1424,3980,MB3点以上,3383,144,57.9%,1693,2.00,1185,240,57.9%,1597,2.12,1118,385,57.9%,1453,2.33,1017
フェイクファー ブランケット,フェイクファーストライプ-キャラメル / 100×150cm,MULTI_BUY,小物,1124,2980,MB3点以上,2533,110,55.6%,1208,2.10,846,183,55.6%,1135,2.23,794,293,55.6%,1025,2.47,718
フェイクファー ブランケット,フェイクファーストライプ-キャラメル / 150×200cm,MULTI_BUY,小物,1349,3980,MB3点以上,3383,142,60.1%,1770,1.91,1239,237,60.1%,1676,2.02,1173,379,60.1%,1534,2.21,1074
フェイクファー ブランケット,フェイクファーストライプ-キャラメル / 180×200cm,MULTI_BUY,小物,1424,3980,MB3点以上,3383,144,57.9%,1693,2.00,1185,240,57.9%,1597,2.12,1118,385,57.9%,1453,2.33,1017
フェイクファー ブランケット,フェイクファーストライプ-ブルー / 100×150cm,MULTI_BUY,小物,1124,2980,MB3点以上,2533,110,55.6%,1208,2.10,846,183,55.6%,1135,2.23,794,293,55.6%,1025,2.47,718
フェイクファー ブランケット,フェイクファーストライプ-ブルー / 150×200cm,MULTI_BUY,小物,1349,3980,MB3点以上,3383,142,60.1%,1770,1.91,1239,237,60.1%,1676,2.02,1173,379,60.1%,1534,2.21,1074
フェイクファー ブランケット,フェイクファーストライプ-ブルー / 180×200cm,MULTI_BUY,小物,1424,3980,MB3点以上,3383,144,57.9%,1693,2.00,1185,240,57.9%,1597,2.12,1118,385,57.9%,1453,2.33,1017
フェイクファー ブランケット,フェイクファーストライプ-ターメリックイエロー / 100×150cm,MULTI_BUY,小物,1124,2980,MB3点以上,2533,110,55.6%,1208,2.10,846,183,55.6%,1135,2.23,794,293,55.6%,1025,2.47,718
フェイクファー ブランケット,フェイクファーストライプ-ターメリックイエロー / 150×200cm,MULTI_BUY,小物,1349,3980,MB3点以上,3383,142,60.1%,1770,1.91,1239,237,60.1%,1676,2.02,1173,379,60.1%,1534,2.21,1074
フェイクファー ブランケット,フェイクファーストライプ-ターメリックイエロー / 180×200cm,MULTI_BUY,小物,1424,3980,MB3点以上,3383,144,57.9%,1693,2.00,1185,240,57.9%,1597,2.12,1118,385,57.9%,1453,2.33,1017
フェイクファー ブランケット,フェイクファーストライプ-ライトパープル / 100×150cm,MULTI_BUY,小物,1124,2980,MB3点以上,2533,110,55.6%,1208,2.10,846,183,55.6%,1135,2.23,794,293,55.6%,1025,2.47,718
フェイクファー ブランケット,フェイクファーストライプ-ライトパープル / 150×200cm,MULTI_BUY,小物,1349,3980,MB3点以上,3383,142,60.1%,1770,1.91,1239,237,60.1%,1676,2.02,1173,379,60.1%,1534,2.21,1074
フェイクファー ブランケット,フェイクファーストライプ-ライトパープル / 180×200cm,MULTI_BUY,小物,1424,3980,MB3点以上,3383,144,57.9%,1693,2.00,1185,240,57.9%,1597,2.12,1118,385,57.9%,1453,2.33,1017
フラワー キャットタワー,花柄（花パーツ取り外し可）,SUMMER_SALE,大型,10397,29980,SummerSale10,26982,1121,61.5%,14492,1.86,10145,1869,61.5%,13745,1.96,9621,2990,61.5%,12623,2.14,8836
フラワー キャットタワー,ホワイト（花パーツ取り外し可）,SUMMER_SALE,大型,10397,29980,SummerSale10,26982,1121,61.5%,14492,1.86,10145,1869,61.5%,13745,1.96,9621,2990,61.5%,12623,2.14,8836
フラワー フロアクッション,ピンク / 直径50cm,MULTI_BUY,小物,1694,5980,MB3点以上,5083,203,66.7%,3003,1.69,2102,339,66.7%,2867,1.77,2007,542,66.7%,2664,1.91,1865
フラワー フロアクッション,ピンク / 直径40cm,MULTI_BUY,小物,1394,5480,MB3点以上,4658,182,70.1%,2915,1.60,2040,303,70.1%,2794,1.67,1956,484,70.1%,2612,1.78,1829
フラワー フロアクッション,イエロー / 直径50cm,MULTI_BUY,小物,1694,5980,MB3点以上,5083,203,66.7%,3003,1.69,2102,339,66.7%,2867,1.77,2007,542,66.7%,2664,1.91,1865
フラワー フロアクッション,イエロー / 直径40cm,MULTI_BUY,小物,1394,5480,MB3点以上,4658,182,70.1%,2915,1.60,2040,303,70.1%,2794,1.67,1956,484,70.1%,2612,1.78,1829
フラワー フロアクッション,グレー / 直径50cm,MULTI_BUY,小物,1694,5980,MB3点以上,5083,203,66.7%,3003,1.69,2102,339,66.7%,2867,1.77,2007,542,66.7%,2664,1.91,1865
フラワー フロアクッション,グレー / 直径40cm,MULTI_BUY,小物,1394,5480,MB3点以上,4658,182,70.1%,2915,1.60,2040,303,70.1%,2794,1.67,1956,484,70.1%,2612,1.78,1829
フラワー フロアクッション,グリーン / 直径50cm,MULTI_BUY,小物,1694,5980,MB3点以上,5083,203,66.7%,3003,1.69,2102,339,66.7%,2867,1.77,2007,542,66.7%,2664,1.91,1865
フラワー フロアクッション,グリーン / 直径40cm,MULTI_BUY,小物,1394,5480,MB3点以上,4658,182,70.1%,2915,1.60,2040,303,70.1%,2794,1.67,1956,484,70.1%,2612,1.78,1829
フラワーバッド テーブルランプ,充電式・タッチ式・3色調光 / レッド,MULTI_BUY,中型,2219,5980,MB3点以上,5083,219,56.3%,2462,2.06,1723,365,56.3%,2316,2.19,1621,584,56.3%,2097,2.42,1468
フラワーバッド テーブルランプ,充電式・タッチ式・3色調光 / ホワイト,MULTI_BUY,中型,2219,5980,MB3点以上,5083,219,56.3%,2462,2.06,1723,365,56.3%,2316,2.19,1621,584,56.3%,2097,2.42,1468
フラワーバッド テーブルランプ,充電式・タッチ式・3色調光 / ピンク,MULTI_BUY,中型,2219,5980,MB3点以上,5083,219,56.3%,2462,2.06,1723,365,56.3%,2316,2.19,1621,584,56.3%,2097,2.42,1468
フラワーバッド テーブルランプ,充電式・タッチ式・3色調光 / イエロー,MULTI_BUY,中型,2219,5980,MB3点以上,5083,219,56.3%,2462,2.06,1723,365,56.3%,2316,2.19,1621,584,56.3%,2097,2.42,1468
フランネル ブランケット,スペースグレイ / 100×150cm（約390g）,MULTI_BUY,小物,1099,2980,MB3点以上,2533,109,56.6%,1234,2.05,864,182,56.6%,1161,2.18,813,291,56.6%,1052,2.41,737
フランネル ブランケット,スペースグレイ / 150×200cm（約820g）,MULTI_BUY,小物,1374,3980,MB3点以上,3383,143,59.4%,1745,1.94,1221,238,59.4%,1649,2.05,1155,381,59.4%,1507,2.25,1055
フランネル ブランケット,スペースグレイ / 180×200cm（約950g）,MULTI_BUY,小物,1424,3980,MB3点以上,3383,144,57.9%,1693,2.00,1185,240,57.9%,1597,2.12,1118,385,57.9%,1453,2.33,1017
フランネル ブランケット,ピンキー / 100×150cm（約390g）,MULTI_BUY,小物,1099,2980,MB3点以上,2533,109,56.6%,1234,2.05,864,182,56.6%,1161,2.18,813,291,56.6%,1052,2.41,737
フランネル ブランケット,ピンキー / 150×200cm（約820g）,MULTI_BUY,小物,1374,3980,MB3点以上,3383,143,59.4%,1745,1.94,1221,238,59.4%,1649,2.05,1155,381,59.4%,1507,2.25,1055
フランネル ブランケット,ピンキー / 180×200cm（約950g）,MULTI_BUY,小物,1424,3980,MB3点以上,3383,144,57.9%,1693,2.00,1185,240,57.9%,1597,2.12,1118,385,57.9%,1453,2.33,1017
フランネル ブランケット,フルーツグリーン / 100×150cm（約390g）,MULTI_BUY,小物,1099,2980,MB3点以上,2533,109,56.6%,1234,2.05,864,182,56.6%,1161,2.18,813,291,56.6%,1052,2.41,737
フランネル ブランケット,フルーツグリーン / 150×200cm（約820g）,MULTI_BUY,小物,1374,3980,MB3点以上,3383,143,59.4%,1745,1.94,1221,238,59.4%,1649,2.05,1155,381,59.4%,1507,2.25,1055
フランネル ブランケット,フルーツグリーン / 180×200cm（約950g）,MULTI_BUY,小物,1424,3980,MB3点以上,3383,144,57.9%,1693,2.00,1185,240,57.9%,1597,2.12,1118,385,57.9%,1453,2.33,1017
フランネル ブランケット,カーキ / 100×150cm（約390g）,MULTI_BUY,小物,1099,2980,MB3点以上,2533,109,56.6%,1234,2.05,864,182,56.6%,1161,2.18,813,291,56.6%,1052,2.41,737
フランネル ブランケット,カーキ / 150×200cm（約820g）,MULTI_BUY,小物,1374,3980,MB3点以上,3383,143,59.4%,1745,1.94,1221,238,59.4%,1649,2.05,1155,381,59.4%,1507,2.25,1055
フランネル ブランケット,カーキ / 180×200cm（約950g）,MULTI_BUY,小物,1424,3980,MB3点以上,3383,144,57.9%,1693,2.00,1185,240,57.9%,1597,2.12,1118,385,57.9%,1453,2.33,1017
フランネル ブランケット,ブルーグレー / 100×150cm（約390g）,MULTI_BUY,小物,1099,2980,MB3点以上,2533,109,56.6%,1234,2.05,864,182,56.6%,1161,2.18,813,291,56.6%,1052,2.41,737
フランネル ブランケット,ブルーグレー / 150×200cm（約820g）,MULTI_BUY,小物,1374,3980,MB3点以上,3383,143,59.4%,1745,1.94,1221,238,59.4%,1649,2.05,1155,381,59.4%,1507,2.25,1055
フランネル ブランケット,ブルーグレー / 180×200cm（約950g）,MULTI_BUY,小物,1424,3980,MB3点以上,3383,144,57.9%,1693,2.00,1185,240,57.9%,1597,2.12,1118,385,57.9%,1453,2.33,1017
フランネル ブランケット,オフホワイト / 100×150cm（約390g）,MULTI_BUY,小物,1099,2980,MB3点以上,2533,109,56.6%,1234,2.05,864,182,56.6%,1161,2.18,813,291,56.6%,1052,2.41,737
フランネル ブランケット,オフホワイト / 150×200cm（約820g）,MULTI_BUY,小物,1374,3980,MB3点以上,3383,143,59.4%,1745,1.94,1221,238,59.4%,1649,2.05,1155,381,59.4%,1507,2.25,1055
フランネル ブランケット,オフホワイト / 180×200cm（約950g）,MULTI_BUY,小物,1424,3980,MB3点以上,3383,144,57.9%,1693,2.00,1185,240,57.9%,1597,2.12,1118,385,57.9%,1453,2.33,1017
フランネル ブランケット,カラメル / 100×150cm（約390g）,MULTI_BUY,小物,1099,2980,MB3点以上,2533,109,56.6%,1234,2.05,864,182,56.6%,1161,2.18,813,291,56.6%,1052,2.41,737
フランネル ブランケット,カラメル / 150×200cm（約820g）,MULTI_BUY,小物,1374,3980,MB3点以上,3383,143,59.4%,1745,1.94,1221,238,59.4%,1649,2.05,1155,381,59.4%,1507,2.25,1055
フランネル ブランケット,カラメル / 180×200cm（約950g）,MULTI_BUY,小物,1424,3980,MB3点以上,3383,144,57.9%,1693,2.00,1185,240,57.9%,1597,2.12,1118,385,57.9%,1453,2.33,1017
フランネル ブランケット,フォググレー / 100×150cm（約390g）,MULTI_BUY,小物,1099,2980,MB3点以上,2533,109,56.6%,1234,2.05,864,182,56.6%,1161,2.18,813,291,56.6%,1052,2.41,737
フランネル ブランケット,フォググレー / 150×200cm（約820g）,MULTI_BUY,小物,1374,3980,MB3点以上,3383,143,59.4%,1745,1.94,1221,238,59.4%,1649,2.05,1155,381,59.4%,1507,2.25,1055
フランネル ブランケット,フォググレー / 180×200cm（約950g）,MULTI_BUY,小物,1424,3980,MB3点以上,3383,144,57.9%,1693,2.00,1185,240,57.9%,1597,2.12,1118,385,57.9%,1453,2.33,1017
フランネル ブランケット,ライトグレー / 100×150cm（約390g）,MULTI_BUY,小物,1099,2980,MB3点以上,2533,109,56.6%,1234,2.05,864,182,56.6%,1161,2.18,813,291,56.6%,1052,2.41,737
フランネル ブランケット,ライトグレー / 150×200cm（約820g）,MULTI_BUY,小物,1374,3980,MB3点以上,3383,143,59.4%,1745,1.94,1221,238,59.4%,1649,2.05,1155,381,59.4%,1507,2.25,1055
フランネル ブランケット,ライトグレー / 180×200cm（約950g）,MULTI_BUY,小物,1424,3980,MB3点以上,3383,144,57.9%,1693,2.00,1185,240,57.9%,1597,2.12,1118,385,57.9%,1453,2.33,1017
フランネル ブランケット,イエロー / 100×150cm（約390g）,MULTI_BUY,小物,1099,2980,MB3点以上,2533,109,56.6%,1234,2.05,864,182,56.6%,1161,2.18,813,291,56.6%,1052,2.41,737
フランネル ブランケット,イエロー / 150×200cm（約820g）,MULTI_BUY,小物,1374,3980,MB3点以上,3383,143,59.4%,1745,1.94,1221,238,59.4%,1649,2.05,1155,381,59.4%,1507,2.25,1055
フランネル ブランケット,イエロー / 180×200cm（約950g）,MULTI_BUY,小物,1424,3980,MB3点以上,3383,144,57.9%,1693,2.00,1185,240,57.9%,1597,2.12,1118,385,57.9%,1453,2.33,1017
フランネル ブランケット,バイオレット / 100×150cm（約390g）,MULTI_BUY,小物,1099,2980,MB3点以上,2533,109,56.6%,1234,2.05,864,182,56.6%,1161,2.18,813,291,56.6%,1052,2.41,737
フランネル ブランケット,バイオレット / 150×200cm（約820g）,MULTI_BUY,小物,1374,3980,MB3点以上,3383,143,59.4%,1745,1.94,1221,238,59.4%,1649,2.05,1155,381,59.4%,1507,2.25,1055
フランネル ブランケット,バイオレット / 180×200cm（約950g）,MULTI_BUY,小物,1424,3980,MB3点以上,3383,144,57.9%,1693,2.00,1185,240,57.9%,1597,2.12,1118,385,57.9%,1453,2.33,1017
ベルベット クッション,ブラウン ブリック×スワロー / 45×45cm（中材付き）,MULTI_BUY,小物,1969,5480,MB3点以上,4658,199,57.7%,2323,2.01,1626,331,57.7%,2190,2.13,1533,530,57.7%,1991,2.34,1394
ベルベット クッション,ブラウン ペンシルライン / 45×45cm（中材付き）,MULTI_BUY,小物,2519,6980,MB3点以上,5933,254,57.5%,2947,2.01,2063,423,57.5%,2778,2.14,1944,676,57.5%,2524,2.35,1767
ベルベット クッション,ブラウン フォレストカット / 45×45cm（中材付き）,MULTI_BUY,小物,1919,5480,MB3点以上,4658,197,58.8%,2374,1.96,1662,329,58.8%,2242,2.08,1570,526,58.8%,2045,2.28,1432
ベルベット クッション,カーキ ブラッシュ / 45×45cm（中材付き）,MULTI_BUY,小物,1894,5480,MB3点以上,4658,197,59.3%,2400,1.94,1680,328,59.3%,2269,2.05,1588,524,59.3%,2072,2.25,1451
ベルベット クッション,ブラウン コーデュロイチェック / 45×45cm（中材付き）,MULTI_BUY,小物,2494,6980,MB3点以上,5933,253,58.0%,2973,2.00,2081,421,58.0%,2804,2.12,1963,674,58.0%,2551,2.33,1786
ベルベット クッション,カーキ ベルベット / 45×45cm（中材付き）,MULTI_BUY,小物,1694,4980,MB3点以上,4233,178,60.0%,2209,1.92,1546,296,60.0%,2090,2.03,1463,474,60.0%,1912,2.21,1339
ベルベット クッション,ブラウン レースジオメトリック / 45×45cm（中材付き）,MULTI_BUY,小物,2294,6480,MB3点以上,5508,234,58.4%,2782,1.98,1947,390,58.4%,2626,2.10,1838,624,58.4%,2392,2.30,1674
ベルベット クッション,カーキ バーチカルプリーツ / 45×45cm（中材付き）,MULTI_BUY,小物,1944,5480,MB3点以上,4658,198,58.3%,2348,1.98,1644,330,58.3%,2216,2.10,1551,528,58.3%,2018,2.31,1413
ボア ラウンジチェア,ベージュ,SUMMER_SALE,中型,3621,14980,SummerSale10,13482,513,73.1%,8863,1.52,6204,855,73.1%,8520,1.58,5964,1368,73.1%,8007,1.68,5605
ボア ラウンジチェア,グレー,SUMMER_SALE,中型,3621,14980,SummerSale10,13482,513,73.1%,8863,1.52,6204,855,73.1%,8520,1.58,5964,1368,73.1%,8007,1.68,5605
ボア ラウンジチェア,フルーツグリーン,SUMMER_SALE,中型,3621,14980,SummerSale10,13482,513,73.1%,8863,1.52,6204,855,73.1%,8520,1.58,5964,1368,73.1%,8007,1.68,5605
ボア ラウンジチェア,イエロー,SUMMER_SALE,中型,3621,14980,SummerSale10,13482,513,73.1%,8863,1.52,6204,855,73.1%,8520,1.58,5964,1368,73.1%,8007,1.68,5605
ボア ラウンジチェア,カーキ,SUMMER_SALE,中型,3621,14980,SummerSale10,13482,513,73.1%,8863,1.52,6204,855,73.1%,8520,1.58,5964,1368,73.1%,8007,1.68,5605
ボア ラウンジチェア,グリーン,SUMMER_SALE,中型,3621,14980,SummerSale10,13482,513,73.1%,8863,1.52,6204,855,73.1%,8520,1.58,5964,1368,73.1%,8007,1.68,5605
ボア ラウンジチェア,ピンク,SUMMER_SALE,中型,3621,14980,SummerSale10,13482,513,73.1%,8863,1.52,6204,855,73.1%,8520,1.58,5964,1368,73.1%,8007,1.68,5605
ボア ラウンジチェア,パープル,SUMMER_SALE,中型,3621,14980,SummerSale10,13482,513,73.1%,8863,1.52,6204,855,73.1%,8520,1.58,5964,1368,73.1%,8007,1.68,5605
ボア ラウンジチェア,ライトブルー,SUMMER_SALE,中型,3621,14980,SummerSale10,13482,513,73.1%,8863,1.52,6204,855,73.1%,8520,1.58,5964,1368,73.1%,8007,1.68,5605
ボア ラウンジチェア,ブラウン,SUMMER_SALE,中型,3621,14980,SummerSale10,13482,513,73.1%,8863,1.52,6204,855,73.1%,8520,1.58,5964,1368,73.1%,8007,1.68,5605
マッシュルーム コードレステーブルランプ,タッチ式・3色調光 / ゴールド,SUMMER_SALE,中型,3374,9980,PAIR15,8483,356,60.2%,4448,1.91,3114,593,60.2%,4211,2.01,2948,949,60.2%,3855,2.20,2699
マッシュルーム コードレステーブルランプ,タッチ式・3色調光 / シルバー,SUMMER_SALE,中型,3374,9980,PAIR15,8483,356,60.2%,4448,1.91,3114,593,60.2%,4211,2.01,2948,949,60.2%,3855,2.20,2699
マッシュルーム コードレステーブルランプ,タッチ式・3色調光 / ローズゴールド,SUMMER_SALE,中型,3374,9980,PAIR15,8483,356,60.2%,4448,1.91,3114,593,60.2%,4211,2.01,2948,949,60.2%,3855,2.20,2699
マッシュルーム コードレステーブルランプ,タッチ式・3色調光 / バーガンディ,SUMMER_SALE,中型,3374,9980,PAIR15,8483,356,60.2%,4448,1.91,3114,593,60.2%,4211,2.01,2948,949,60.2%,3855,2.20,2699
マッシュルーム コードレステーブルランプ,タッチ式・3色調光 / ダークグリーン,SUMMER_SALE,中型,3374,9980,PAIR15,8483,356,60.2%,4448,1.91,3114,593,60.2%,4211,2.01,2948,949,60.2%,3855,2.20,2699
マッシュルーム コードレステーブルランプ,タッチ式・3色調光 / ライムブルー,SUMMER_SALE,中型,3374,9980,PAIR15,8483,356,60.2%,4448,1.91,3114,593,60.2%,4211,2.01,2948,949,60.2%,3855,2.20,2699
マッシュルーム コードレステーブルランプ,タッチ式・3色調光 / グレー,SUMMER_SALE,中型,3374,9980,PAIR15,8483,356,60.2%,4448,1.91,3114,593,60.2%,4211,2.01,2948,949,60.2%,3855,2.20,2699
ミニ アラームクロック,エメラルド,MULTI_BUY,小物,1519,4480,MB3点以上,3808,160,60.1%,1992,1.91,1394,266,60.1%,1886,2.02,1320,426,60.1%,1726,2.21,1208
ミニ アラームクロック,ライトパープル,MULTI_BUY,小物,1519,4480,MB3点以上,3808,160,60.1%,1992,1.91,1394,266,60.1%,1886,2.02,1320,426,60.1%,1726,2.21,1208
ミニ アラームクロック,オフホワイト,MULTI_BUY,小物,1519,4480,MB3点以上,3808,160,60.1%,1992,1.91,1394,266,60.1%,1886,2.02,1320,426,60.1%,1726,2.21,1208
ミニ アラームクロック,ピンク,MULTI_BUY,小物,1519,4480,MB3点以上,3808,160,60.1%,1992,1.91,1394,266,60.1%,1886,2.02,1320,426,60.1%,1726,2.21,1208
モコ ラウンジチェア,コーデュロイ グリーン,SUMMER_SALE,中型,12195,39980,SummerSale10,35982,1445,66.1%,21046,1.71,14732,2409,66.1%,20083,1.79,14058,3854,66.1%,18637,1.93,13046
モコ ラウンジチェア,コーデュロイ ブラック,SUMMER_SALE,中型,12195,39980,SummerSale10,35982,1445,66.1%,21046,1.71,14732,2409,66.1%,20083,1.79,14058,3854,66.1%,18637,1.93,13046
モコ ラウンジチェア,コーデュロイ ホワイト,SUMMER_SALE,中型,12195,39980,SummerSale10,35982,1445,66.1%,21046,1.71,14732,2409,66.1%,20083,1.79,14058,3854,66.1%,18637,1.93,13046
モコ ラウンジチェア,コーデュロイ キャラメル,SUMMER_SALE,中型,12195,39980,SummerSale10,35982,1445,66.1%,21046,1.71,14732,2409,66.1%,20083,1.79,14058,3854,66.1%,18637,1.93,13046
モコ ラウンジチェア,コーデュロイ ブルー,SUMMER_SALE,中型,12195,39980,SummerSale10,35982,1445,66.1%,21046,1.71,14732,2409,66.1%,20083,1.79,14058,3854,66.1%,18637,1.93,13046
モコ ラウンジチェア,コーデュロイ オレンジ,SUMMER_SALE,中型,12195,39980,SummerSale10,35982,1445,66.1%,21046,1.71,14732,2409,66.1%,20083,1.79,14058,3854,66.1%,18637,1.93,13046
レジン スカルプチャーオブジェ,18CM マルセイユ,MULTI_BUY,小物,1189,3480,MB3点以上,2958,124,59.8%,1538,1.92,1077,207,59.8%,1455,2.03,1019,332,59.8%,1331,2.22,932
レジン スカルプチャーオブジェ,15センチデビッド,MULTI_BUY,小物,1189,3480,MB3点以上,2958,124,59.8%,1538,1.92,1077,207,59.8%,1455,2.03,1019,332,59.8%,1331,2.22,932
レジン スカルプチャーオブジェ,15センチメートルアポロ,MULTI_BUY,小物,1189,3480,MB3点以上,2958,124,59.8%,1538,1.92,1077,207,59.8%,1455,2.03,1019,332,59.8%,1331,2.22,932
ロロ サイドテーブル,イエロー,SUMMER_SALE,大型,6904,19980,SummerSale10,17982,747,61.6%,9684,1.86,6779,1244,61.6%,9186,1.96,6430,1991,61.6%,8440,2.13,5908
ロロ サイドテーブル,ブラック,SUMMER_SALE,大型,6904,19980,SummerSale10,17982,747,61.6%,9684,1.86,6779,1244,61.6%,9186,1.96,6430,1991,61.6%,8440,2.13,5908
ロロ サイドテーブル,ホワイト,SUMMER_SALE,大型,6904,19980,SummerSale10,17982,747,61.6%,9684,1.86,6779,1244,61.6%,9186,1.96,6430,1991,61.6%,8440,2.13,5908
ロンド コーヒーテーブル,ウォールナット × ブラック脚 50cm / 組み立て式,SUMMER_SALE,大型,8997,26980,SummerSale10,24282,998,62.9%,13412,1.81,9389,1664,62.9%,12747,1.90,8923,2662,62.9%,11749,2.07,8224
ロンド コーヒーテーブル,マットブラック × ブラック脚 50cm / 組み立て式,SUMMER_SALE,大型,8997,26980,SummerSale10,24282,998,62.9%,13412,1.81,9389,1664,62.9%,12747,1.90,8923,2662,62.9%,11749,2.07,8224
ロンド コーヒーテーブル,ホワイト × ブラック脚 50cm / 組み立て式,SUMMER_SALE,大型,8997,26980,SummerSale10,24282,998,62.9%,13412,1.81,9389,1664,62.9%,12747,1.90,8923,2662,62.9%,11749,2.07,8224
ロンド コーヒーテーブル,ウォールナット × ホワイト脚 50cm / 組み立て式,SUMMER_SALE,大型,8997,26980,SummerSale10,24282,998,62.9%,13412,1.81,9389,1664,62.9%,12747,1.90,8923,2662,62.9%,11749,2.07,8224
ロンド コーヒーテーブル,マットブラック × ホワイト脚 50cm / 組み立て式,SUMMER_SALE,大型,8997,26980,SummerSale10,24282,998,62.9%,13412,1.81,9389,1664,62.9%,12747,1.90,8923,2662,62.9%,11749,2.07,8224
ロンド コーヒーテーブル,ホワイト × ホワイト脚 50cm / 組み立て式,SUMMER_SALE,大型,8997,26980,SummerSale10,24282,998,62.9%,13412,1.81,9389,1664,62.9%,12747,1.90,8923,2662,62.9%,11749,2.07,8224
ロンド コーヒーテーブル,ウォールナット × ブラック脚 60cm / 組み立て式,SUMMER_SALE,大型,9997,29980,SummerSale10,26982,1109,62.9%,14904,1.81,10433,1849,62.9%,14165,1.90,9915,2958,62.9%,13055,2.07,9139
ロンド コーヒーテーブル,マットブラック × ブラック脚 60cm / 組み立て式,SUMMER_SALE,大型,9997,29980,SummerSale10,26982,1109,62.9%,14904,1.81,10433,1849,62.9%,14165,1.90,9915,2958,62.9%,13055,2.07,9139
ロンド コーヒーテーブル,ウォールナット × ホワイト脚 60cm / 組み立て式,SUMMER_SALE,大型,9997,29980,SummerSale10,26982,1109,62.9%,14904,1.81,10433,1849,62.9%,14165,1.90,9915,2958,62.9%,13055,2.07,9139
ロンド コーヒーテーブル,ホワイト × ブラック脚 60cm / 組み立て式,SUMMER_SALE,大型,9997,29980,SummerSale10,26982,1109,62.9%,14904,1.81,10433,1849,62.9%,14165,1.90,9915,2958,62.9%,13055,2.07,9139
ロンド コーヒーテーブル,マットブラック × ホワイト脚 60cm / 組み立て式,SUMMER_SALE,大型,9997,29980,SummerSale10,26982,1109,62.9%,14904,1.81,10433,1849,62.9%,14165,1.90,9915,2958,62.9%,13055,2.07,9139
ロンド コーヒーテーブル,ホワイト × ホワイト脚 60cm / 組み立て式,SUMMER_SALE,大型,9997,29980,SummerSale10,26982,1109,62.9%,14904,1.81,10433,1849,62.9%,14165,1.90,9915,2958,62.9%,13055,2.07,9139
手編みコースター,直径12センチのマウス,MULTI_BUY,小物,1099,2980,MB3点以上,2533,109,56.6%,1234,2.05,864,182,56.6%,1161,2.18,813,291,56.6%,1052,2.41,737
手編みコースター,アプリコットリス直径12cm,MULTI_BUY,小物,1032,2980,MB3点以上,2533,107,59.3%,1303,1.94,912,178,59.3%,1232,2.06,862,285,59.3%,1125,2.25,787
手編みコースター,カエルの直径は12cmです,MULTI_BUY,小物,1032,2980,MB3点以上,2533,107,59.3%,1303,1.94,912,178,59.3%,1232,2.06,862,285,59.3%,1125,2.25,787
手編みコースター,直径12cmのピンクリス,MULTI_BUY,小物,1032,2980,MB3点以上,2533,107,59.3%,1303,1.94,912,178,59.3%,1232,2.06,862,285,59.3%,1125,2.25,787
手編みコースター,トカゲ 12 センチ,MULTI_BUY,小物,1149,3480,MB3点以上,2958,123,61.2%,1579,1.87,1106,205,61.2%,1497,1.98,1048,329,61.2%,1374,2.15,962
手編みコースター,12cm ダック,MULTI_BUY,小物,1032,2980,MB3点以上,2533,107,59.3%,1303,1.94,912,178,59.3%,1232,2.06,862,285,59.3%,1125,2.25,787
手編みコースター,明るい色のカメ,MULTI_BUY,小物,1299,3480,MB3点以上,2958,128,56.1%,1425,2.08,997,213,56.1%,1340,2.21,938,341,56.1%,1212,2.44,848
