商品,variant,sku,Product GID,Variant GID,status,分類,old_price,new_price
MORU フラワーラウンジ,アイボリー,f89ed6c7183ca65547d2c2561819369f,gid://shopify/Product/10214219743472,gid://shopify/ProductVariant/50279721730288,ACTIVE,SUMMER_SALE,9980,8980
MORU フラワーラウンジ,オリーブグリーン,476e297375c500bb15ef0aef7f8abb53,gid://shopify/Product/10214219743472,gid://shopify/ProductVariant/50279721763056,ACTIVE,SUMMER_SALE,9980,8980
ガラスフラワー オブジェ,ルビー（7点セット）,29d7e8cbcebfab5af9efca0ec2f23682,gid://shopify/Product/10218058285296,gid://shopify/ProductVariant/50296393662704,ACTIVE,MULTI_BUY,3980,3480
ガラスフラワー オブジェ,ブルー（7点セット）,7b370f9a7f74641e87773b8735868386,gid://shopify/Product/10218058285296,gid://shopify/ProductVariant/50296393695472,ACTIVE,MULTI_BUY,3980,3480
ガラスフラワー オブジェ,ピンク（7点セット）,7f19f1a9b72ba25c4af03320b63d2075,gid://shopify/Product/10218058285296,gid://shopify/ProductVariant/50296393728240,ACTIVE,MULTI_BUY,3980,3480
ガラスフラワー オブジェ,ホワイト（7点セット）,4e3ef97bd8e412402af2f47ab63a30e1,gid://shopify/Product/10218058285296,gid://shopify/ProductVariant/50296393826544,ACTIVE,MULTI_BUY,3980,3480
ガラスフラワー オブジェ,アンバー（7点セット）,dab3482fc0695768b2496f0f97c5e4ce,gid://shopify/Product/10218058285296,gid://shopify/ProductVariant/50296393924848,ACTIVE,MULTI_BUY,3980,3480
クラウド サイドテーブル,スターライトブラック（1段）,05570b9a124d02f2d3769d087d12019a,gid://shopify/Product/10218006315248,gid://shopify/ProductVariant/50296062673136,ACTIVE,SUMMER_SALE,12480,11980
クラウド サイドテーブル,ミルキーホワイト（1段）,5b71a3dc3109a5c3443b343e30aaeb76,gid://shopify/Product/10218006315248,gid://shopify/ProductVariant/50296062705904,ACTIVE,SUMMER_SALE,12480,11980
クラウド サイドテーブル,ウォールナット（1段）,dc56669e522c1955922bcd9dff5572be,gid://shopify/Product/10218006315248,gid://shopify/ProductVariant/50296062738672,ACTIVE,SUMMER_SALE,12480,11980
クリアシェード テーブルランプ,充電式・無段階調光 / クローム（クリアシェード）,9c4ed89e3487f9ce5f4c97186b090232,gid://shopify/Product/10218006348016,gid://shopify/ProductVariant/50296062869744,ACTIVE,SUMMER_SALE,11480,10980
クリアシェード テーブルランプ,充電式・無段階調光 / バーガンディ（クリアシェード）,b809bb70178d3b8681fed393f957dc98,gid://shopify/Product/10218006348016,gid://shopify/ProductVariant/50296062902512,ACTIVE,SUMMER_SALE,11480,10980
クリアシェード テーブルランプ,充電式・無段階調光 / パールブラック（クリアシェード）,baed95876fcacec127ef858731c7dc04,gid://shopify/Product/10218006348016,gid://shopify/ProductVariant/50296062935280,ACTIVE,SUMMER_SALE,11480,10980
コイル サイドテーブル,レモンイエロー / 全高45cm（天板径34cm）,ab07dcd0e56eb7ee717e2da9a3ac402d,gid://shopify/Product/10218058318064,gid://shopify/ProductVariant/50296394121456,ACTIVE,SUMMER_SALE,33480,31980
コイル サイドテーブル,トゥルーレッド / 全高45cm（天板径34cm）,8c1b2d9a7e72c188d438d40ddf490f56,gid://shopify/Product/10218058318064,gid://shopify/ProductVariant/50296394154224,ACTIVE,SUMMER_SALE,33480,31980
コイル サイドテーブル,グリーン / 全高45cm（天板径34cm）,3455466daef0d9268b82871cbe8c210c,gid://shopify/Product/10218058318064,gid://shopify/ProductVariant/50296394186992,ACTIVE,SUMMER_SALE,33480,31980
コーデュロイ フォールディングチェア,ブラウン,cfba35e8e118f16f83ff476952758d2b,gid://shopify/Product/10218008084720,gid://shopify/ProductVariant/50296079712496,ACTIVE,SUMMER_SALE,11480,10980
コーデュロイ フォールディングチェア,ピーコックブルー,b2e07986192be22f0732e2deb26a4121,gid://shopify/Product/10218008084720,gid://shopify/ProductVariant/50296079745264,ACTIVE,SUMMER_SALE,11480,10980
コーデュロイ フォールディングチェア,オレンジ,b135c1eeb074ce7fa189ada712ece2f9,gid://shopify/Product/10218008084720,gid://shopify/ProductVariant/50296079778032,ACTIVE,SUMMER_SALE,11480,10980
コーデュロイ フォールディングチェア,ピンク,c8fb2c55f4618676bee453bed599f9aa,gid://shopify/Product/10218008084720,gid://shopify/ProductVariant/50296079810800,ACTIVE,SUMMER_SALE,11480,10980
コーデュロイ フォールディングチェア,オリーブグリーン,e562d7f8143adbced26b8edd39314da9,gid://shopify/Product/10218008084720,gid://shopify/ProductVariant/50296079843568,ACTIVE,SUMMER_SALE,11480,10980
ジオメトリック ブックスタンド,ミッドセンチュリー ブックスタンド,1be0d3e140f8e8a6b08ace3037286484,gid://shopify/Product/10218008150256,gid://shopify/ProductVariant/50296080302320,ACTIVE,SUMMER_SALE,8480,7980
ジオメトリック ブックスタンド,ミッドセンチュリー ブックスタンド+ダミーブック3冊,0976a78b31041ab45bd0e91144ccb408,gid://shopify/Product/10218008150256,gid://shopify/ProductVariant/50296080335088,ACTIVE,SUMMER_SALE,9480,8980
ジャカード 中綿付きクッション,イエロー ウェーブ / 45×45cm（中材付き）,69a55069d32475d8c1cd19bfe9fec6ff,gid://shopify/Product/10218057892080,gid://shopify/ProductVariant/50296391205104,ACTIVE,MULTI_BUY,3980,3480
ジャカード 中綿付きクッション,イエロー ダイヤグリッド / 45×45cm（中材付き）,b1cffd17310b993326477bdfa88de12b,gid://shopify/Product/10218057892080,gid://shopify/ProductVariant/50296391270640,ACTIVE,MULTI_BUY,3980,3480
ジャカード 中綿付きクッション,イエロー スモールスクエア / 45×45cm（中材付き）,24f5a06e8b01eb11abc4c5edc9d552cb,gid://shopify/Product/10218057892080,gid://shopify/ProductVariant/50296391336176,ACTIVE,MULTI_BUY,3980,3480
ジャカード 中綿付きクッション,イエロー エコー / 45×45cm（中材付き）,45c2c2242560adb70d1480e42205ea8a,gid://shopify/Product/10218057892080,gid://shopify/ProductVariant/50296391401712,ACTIVE,MULTI_BUY,3980,3480
ジャカード 中綿付きクッション,イエロー ヘリンボーン / 45×45cm（中材付き）,24e86b5f2b68da1216806cd6af3928eb,gid://shopify/Product/10218057892080,gid://shopify/ProductVariant/50296391467248,ACTIVE,MULTI_BUY,3980,3480
セラミック ブックエンド,アーチライン ブックスタンド雑誌3冊付き パールホワイト,ba4eca5633219572344e574b5062107f,gid://shopify/Product/10218008183024,gid://shopify/ProductVariant/50296080400624,ACTIVE,MULTI_BUY,8480,7480
セラミック ブックエンド,アーチライン ブックスタンド雑誌3冊付き マットブラック,043c6ce59288f4e637dfe5184f318efa,gid://shopify/Product/10218008183024,gid://shopify/ProductVariant/50296080433392,ACTIVE,MULTI_BUY,8480,7480
セラミック ブックエンド,アーチライン ブックスタンド パールホワイト,a2c3760b1bc87363b76c29257054a1c5,gid://shopify/Product/10218008183024,gid://shopify/ProductVariant/50296080498928,ACTIVE,MULTI_BUY,7980,6980
セラミック ブックエンド,アーチライン ブックスタンド マットブラック,a17d885349ed46057d7d14d8f0a0e9bf,gid://shopify/Product/10218008183024,gid://shopify/ProductVariant/50296080531696,ACTIVE,MULTI_BUY,7980,6980
セル サイドボード,ホワイト Aタイプ / 幅50×奥行35×高さ52.5cm,9feb89d52da0cf51d6d50cf83f962590,gid://shopify/Product/10218006479088,gid://shopify/ProductVariant/50296063918320,ACTIVE,SUMMER_SALE,33480,31980
セル サイドボード,ブラック Aタイプ / 幅50×奥行35×高さ52.5cm,ba0c178e35a349e64233449856c0c13f,gid://shopify/Product/10218006479088,gid://shopify/ProductVariant/50296063951088,ACTIVE,SUMMER_SALE,33480,31980
セル サイドボード,ホワイト Bタイプ / 幅50×奥行35×高さ52.5cm,82ce2d2926ae52167411b53631bb6c60,gid://shopify/Product/10218006479088,gid://shopify/ProductVariant/50296063983856,ACTIVE,SUMMER_SALE,34980,33480
セル サイドボード,ブラック Bタイプ / 幅50×奥行35×高さ52.5cm,c92a60f86cdf943ba40bfdeb2ca905f1,gid://shopify/Product/10218006479088,gid://shopify/ProductVariant/50296064016624,ACTIVE,SUMMER_SALE,34980,33480
ツインベル アラームクロック,ホワイト,0d9069aadbf4ab17ccf3bddf69e4e3c8,gid://shopify/Product/10218008379632,gid://shopify/ProductVariant/50296082170096,ACTIVE,SUMMER_SALE,5480,4980
デュオ ナイトテーブル,天然木 1連 / ラバーウッド × ステンレス天板,b2b0b5df37fa7f2eda9a39de857f5751,gid://shopify/Product/10218006511856,gid://shopify/ProductVariant/50296064213232,ACTIVE,SUMMER_SALE,53480,49980
デュオ ナイトテーブル,天然木 2連 / ラバーウッド × ステンレス天板,8d3b616f47d3c16429f7d4a73434e0a5,gid://shopify/Product/10218006511856,gid://shopify/ProductVariant/50296064246000,ACTIVE,SUMMER_SALE,104980,99980
デュオ ナイトテーブル,ブラック 1連 / ラバーウッド × ステンレス天板,5ed747e288c42486e0ed8e70951a2ab4,gid://shopify/Product/10218006511856,gid://shopify/ProductVariant/50296064311536,ACTIVE,SUMMER_SALE,53480,49980
デュオ ナイトテーブル,ブラック 2連 / ラバーウッド × ステンレス天板,fe24c5b36b8e11aea02d5888028d654f,gid://shopify/Product/10218006511856,gid://shopify/ProductVariant/50296064344304,ACTIVE,SUMMER_SALE,104980,99980
ハル ダイニングチェア,チェリー × ミルクブラウンレザー調（1脚）,f95de56dc5ae72dddab037a31ac85f58,gid://shopify/Product/10218009198832,gid://shopify/ProductVariant/50296095637744,ACTIVE,SUMMER_SALE,21980,20980
ハル ダイニングチェア,ウォールナット × グレーレザー調（1脚）,66534c50a2e84f7325295556bd51f753,gid://shopify/Product/10218009198832,gid://shopify/ProductVariant/50296095703280,ACTIVE,SUMMER_SALE,21980,20980
ハル ダイニングチェア,チェリー × ミルクブラウンレザー調（2脚セット）,ec1e80f521e6b25b48fd78902e3de0a0,gid://shopify/Product/10218009198832,gid://shopify/ProductVariant/50296095768816,ACTIVE,SUMMER_SALE,35480,33980
ハル ダイニングチェア,ウォールナット × グレーレザー調（2脚セット）,4204cd6168b8b2ed94e1e2c636a4018a,gid://shopify/Product/10218009198832,gid://shopify/ProductVariant/50296095670512,ACTIVE,SUMMER_SALE,35480,33980
バルーンドッグ オブジェ,ブルー / 幅21×奥行7.5×高さ18cm,994c4b086820abeb527a60044275e816,gid://shopify/Product/10218009329904,gid://shopify/ProductVariant/50296097243376,ACTIVE,MULTI_BUY,3980,3480
バルーンドッグ オブジェ,グリーン / 幅21×奥行7.5×高さ18cm,38abe9bb2c2e51270eabe1e756b45025,gid://shopify/Product/10218009329904,gid://shopify/ProductVariant/50296097276144,ACTIVE,MULTI_BUY,3980,3480
バルーンドッグ オブジェ,ピンク / 幅21×奥行7.5×高さ18cm,258167debc56c33ca4a6574e3d4236cb,gid://shopify/Product/10218009329904,gid://shopify/ProductVariant/50296097308912,ACTIVE,MULTI_BUY,3980,3480
バルーンドッグ オブジェ,マルチカラー / 幅21×奥行7.5×高さ18cm,79bd4179da79fb2fc982b60044e00385,gid://shopify/Product/10218009329904,gid://shopify/ProductVariant/50296097341680,ACTIVE,MULTI_BUY,3980,3480
バルーンドッグ オブジェ,ゴールド / 幅21×奥行7.5×高さ18cm,d9dc8606261849e776997393a0efe792,gid://shopify/Product/10218009329904,gid://shopify/ProductVariant/50296097374448,ACTIVE,MULTI_BUY,3980,3480
バルーンドッグ オブジェ,シルバー / 幅21×奥行7.5×高さ18cm,827a3e1539a7882340a1d41533f1426f,gid://shopify/Product/10218009329904,gid://shopify/ProductVariant/50296097407216,ACTIVE,MULTI_BUY,3980,3480
バルーンドッグ オブジェ,パールホワイト / 幅21×奥行7.5×高さ18cm,6066adc934248df629535895abc0c1e3,gid://shopify/Product/10218009329904,gid://shopify/ProductVariant/50296097439984,ACTIVE,MULTI_BUY,3980,3480
バルーンドッグ オブジェ,ブルーグレー / 幅21×奥行7.5×高さ18cm,7e898398eea72c7ecdcbcbb7206f2570,gid://shopify/Product/10218009329904,gid://shopify/ProductVariant/50296097472752,ACTIVE,MULTI_BUY,3980,3480
バルーンドッグ オブジェ,オレンジレッド / 幅21×奥行7.5×高さ18cm,e9dbf34cf81c5b6f1117b0d5c9ffbc08,gid://shopify/Product/10218009329904,gid://shopify/ProductVariant/50296097505520,ACTIVE,MULTI_BUY,3980,3480
パイピング クッション,ブラウン パイピング / 45×45cm（中材付き）,d8818d6dcb4b9335416a2f665e91fbfc,gid://shopify/Product/10218008969456,gid://shopify/ProductVariant/50296089837808,ACTIVE,MULTI_BUY,6480,5980
パイピング クッション,ブラウン フレンチフラワー / 45×45cm（中材付き）,f64d694128a7e0f3bef294c4ab0fbb96,gid://shopify/Product/10218008969456,gid://shopify/ProductVariant/50296089903344,ACTIVE,MULTI_BUY,6480,5980
パイピング クッション,ミルキーホワイト ダイヤキルト / 45×45cm（中材付き）,e999445af7f129580d529f89f2a7749c,gid://shopify/Product/10218008969456,gid://shopify/ProductVariant/50296090362096,ACTIVE,MULTI_BUY,6480,5980
パイピング クッション,オフホワイト フレンチフラワー / 45×45cm（中材付き）,6ee575faf01b93bc4aebd9b2d771e447,gid://shopify/Product/10218008969456,gid://shopify/ProductVariant/50296090558704,ACTIVE,MULTI_BUY,6480,5980
パイピング クッション,ブラウン ヘリンボーンチェック / 45×45cm（中材付き）,922262d1335c88bcf8489839816a654a,gid://shopify/Product/10218008969456,gid://shopify/ProductVariant/50296090820848,ACTIVE,MULTI_BUY,5980,5480
パイピング クッション,ミルクイエロー ブリック / 45×45cm（中材付き）,e80d1522c7098febd365e6050bd60f49,gid://shopify/Product/10218008969456,gid://shopify/ProductVariant/50296090886384,ACTIVE,MULTI_BUY,6980,6480
パイピング クッション,ライトカーキ カットフラワー / 45×45cm（中材付き）,b8092ba94a66a4acc00329edcad71b5d,gid://shopify/Product/10218008969456,gid://shopify/ProductVariant/50296090951920,ACTIVE,MULTI_BUY,5980,5480
パイピング クッション,カーキ ワイドストライプ / 45×45cm（中材付き）,2f84c3b5a775a450a8e9a227ab340528,gid://shopify/Product/10218008969456,gid://shopify/ProductVariant/50296091082992,ACTIVE,MULTI_BUY,6480,5980
ビス ダイニングチェア,ブラック × ベージュパッチワーク,40f54f66091edf591eec4114ea9d4a1e,gid://shopify/Product/10218009231600,gid://shopify/ProductVariant/50296096096496,ACTIVE,SUMMER_SALE,23480,22980
ビス ダイニングチェア,ブラック × ブラックパッチワーク,127a25ce45be89cdebdc6f5737d9188c,gid://shopify/Product/10218009231600,gid://shopify/ProductVariant/50296096129264,ACTIVE,SUMMER_SALE,23480,22980
ビス ダイニングチェア,ブラック × ベージュファブリック,470f2865fb2906169e1128531e04f974,gid://shopify/Product/10218009231600,gid://shopify/ProductVariant/50296096162032,ACTIVE,SUMMER_SALE,25980,24980
ビス ダイニングチェア,ブラック × オフホワイトファブリック,dc1f674d953fc4034a0b3081388bb714,gid://shopify/Product/10218009231600,gid://shopify/ProductVariant/50296096194800,ACTIVE,SUMMER_SALE,25980,24980
ビス ダイニングチェア,ダークウォールナット × ライスイエローファブリック,40fea582b71215b2350490e7403e206e,gid://shopify/Product/10218009231600,gid://shopify/ProductVariant/50296096227568,ACTIVE,SUMMER_SALE,25980,24980
ビス ダイニングチェア,ダークウォールナット × オフホワイトファブリック,23eb64717035be7c51dfd00be533c77b,gid://shopify/Product/10218009231600,gid://shopify/ProductVariant/50296096260336,ACTIVE,SUMMER_SALE,25980,24980
ビス ダイニングチェア,ダークウォールナット × ベージュパッチワーク,18dce98460fc8f94843bd61f9d234c7e,gid://shopify/Product/10218009231600,gid://shopify/ProductVariant/50296096293104,ACTIVE,SUMMER_SALE,23480,22980
ビス ダイニングチェア,ダークウォールナット × ブラックパッチワーク,7eaf3594cd8b46c6b74a5b77fe49a7e1,gid://shopify/Product/10218009231600,gid://shopify/ProductVariant/50296096325872,ACTIVE,SUMMER_SALE,23480,22980
ビス ダイニングチェア,ダークウォールナット × オレンジファブリック,f6e97e5b36057ef7be7f224f16127f41,gid://shopify/Product/10218009231600,gid://shopify/ProductVariant/50296096358640,ACTIVE,SUMMER_SALE,23480,22980
ピボ テーブルランプ,レッド,4a9615e29629c2a3273780d0bf0c0f99,gid://shopify/Product/10218008510704,gid://shopify/ProductVariant/50296082661616,ACTIVE,SUMMER_SALE,28480,26980
ピボ テーブルランプ,ダークグリーン,f2cace257776a331d6841064f744d08c,gid://shopify/Product/10218008510704,gid://shopify/ProductVariant/50296082694384,ACTIVE,SUMMER_SALE,28480,26980
ピボ テーブルランプ,オレンジ,f3cd002bec518d3fb6b0c5336b7b413e,gid://shopify/Product/10218008510704,gid://shopify/ProductVariant/50296082727152,ACTIVE,SUMMER_SALE,28480,26980
フェイクファー ブランケット,フェイクファーストライプ-クリームホワイト / 100×150cm,e983f9cfb6828b4645a902b69c2f810c,gid://shopify/Product/10218005397744,gid://shopify/ProductVariant/50296059003120,ACTIVE,MULTI_BUY,3480,2980
フェイクファー ブランケット,フェイクファーストライプ-クリームホワイト / 150×200cm,d2a5645fbbf6249fd82ecf74b898eaf7,gid://shopify/Product/10218005397744,gid://shopify/ProductVariant/50296059068656,ACTIVE,MULTI_BUY,4480,3980
フェイクファー ブランケット,フェイクファーストライプ-クリームホワイト / 180×200cm,5cd7e3bacba406bac4c6729e7a892299,gid://shopify/Product/10218005397744,gid://shopify/ProductVariant/50296059101424,ACTIVE,MULTI_BUY,4480,3980
フェイクファー ブランケット,フェイクファーストライプ-カーキ / 100×150cm,cad6c2b689bc2f50cd5d932eac52bfba,gid://shopify/Product/10218005397744,gid://shopify/ProductVariant/50296059232496,ACTIVE,MULTI_BUY,3480,2980
フェイクファー ブランケット,フェイクファーストライプ-カーキ / 150×200cm,eb92aa5bd7f4b97e87894944040ab635,gid://shopify/Product/10218005397744,gid://shopify/ProductVariant/50296059298032,ACTIVE,MULTI_BUY,4480,3980
フェイクファー ブランケット,フェイクファーストライプ-カーキ / 180×200cm,1e2a74b8fa053fd06b254c1a13e21917,gid://shopify/Product/10218005397744,gid://shopify/ProductVariant/50296059330800,ACTIVE,MULTI_BUY,4480,3980
フェイクファー ブランケット,フェイクファーストライプ-ダークグレー / 100×150cm,ef7f0159b57647335b52ff2199324d81,gid://shopify/Product/10218005397744,gid://shopify/ProductVariant/50296059461872,ACTIVE,MULTI_BUY,3480,2980
フェイクファー ブランケット,フェイクファーストライプ-ダークグレー / 150×200cm,b3503bd0f476df342afa45ed560f1e7a,gid://shopify/Product/10218005397744,gid://shopify/ProductVariant/50296059527408,ACTIVE,MULTI_BUY,4480,3980
フェイクファー ブランケット,フェイクファーストライプ-ダークグレー / 180×200cm,b8731d7437c74b9840c016fd69d394fa,gid://shopify/Product/10218005397744,gid://shopify/ProductVariant/50296059560176,ACTIVE,MULTI_BUY,4480,3980
フェイクファー ブランケット,フェイクファーストライプ-ライトグレー / 100×150cm,5621be7de738bdc3b454e2d3c513905e,gid://shopify/Product/10218005397744,gid://shopify/ProductVariant/50296059691248,ACTIVE,MULTI_BUY,3480,2980
フェイクファー ブランケット,フェイクファーストライプ-ライトグレー / 150×200cm,c3accbf3305de93ffc77f197970824c3,gid://shopify/Product/10218005397744,gid://shopify/ProductVariant/50296059756784,ACTIVE,MULTI_BUY,4480,3980
フェイクファー ブランケット,フェイクファーストライプ-ライトグレー / 180×200cm,935a0d5816288ee5398f22931588273f,gid://shopify/Product/10218005397744,gid://shopify/ProductVariant/50296059789552,ACTIVE,MULTI_BUY,4480,3980
フェイクファー ブランケット,フェイクファーストライプ-ピンク / 100×150cm,961447f0ebdc4ed8073bdbf1b1194649,gid://shopify/Product/10218005397744,gid://shopify/ProductVariant/50296059920624,ACTIVE,MULTI_BUY,3480,2980
フェイクファー ブランケット,フェイクファーストライプ-ピンク / 150×200cm,d38100db6b4de6e84cec2a2aa1e0b383,gid://shopify/Product/10218005397744,gid://shopify/ProductVariant/50296059986160,ACTIVE,MULTI_BUY,4480,3980
フェイクファー ブランケット,フェイクファーストライプ-ピンク / 180×200cm,9562e500e71761d4cfdd48903e856bd3,gid://shopify/Product/10218005397744,gid://shopify/ProductVariant/50296060018928,ACTIVE,MULTI_BUY,4480,3980
フェイクファー ブランケット,フェイクファーストライプ-フルーツグリーン / 100×150cm,0c2858c8271bcdc306931d3358271c66,gid://shopify/Product/10218005397744,gid://shopify/ProductVariant/50296060150000,ACTIVE,MULTI_BUY,3480,2980
フェイクファー ブランケット,フェイクファーストライプ-フルーツグリーン / 150×200cm,cfc43aa289e345b705e21f193a290122,gid://shopify/Product/10218005397744,gid://shopify/ProductVariant/50296060215536,ACTIVE,MULTI_BUY,4480,3980
フェイクファー ブランケット,フェイクファーストライプ-フルーツグリーン / 180×200cm,0d0bcb81ce73f807b8804b5076cdad00,gid://shopify/Product/10218005397744,gid://shopify/ProductVariant/50296060248304,ACTIVE,MULTI_BUY,4480,3980
フェイクファー ブランケット,フェイクファーストライプ-キャラメル / 100×150cm,d89bdd2b32c57d34de88ae20ffcbdbbe,gid://shopify/Product/10218005397744,gid://shopify/ProductVariant/50296060379376,ACTIVE,MULTI_BUY,3480,2980
フェイクファー ブランケット,フェイクファーストライプ-キャラメル / 150×200cm,f2bf4facb88d57e026c8ef3ed0839a98,gid://shopify/Product/10218005397744,gid://shopify/ProductVariant/50296060444912,ACTIVE,MULTI_BUY,4480,3980
フェイクファー ブランケット,フェイクファーストライプ-キャラメル / 180×200cm,4801cf62801f3d875f5678e0ece36469,gid://shopify/Product/10218005397744,gid://shopify/ProductVariant/50296060477680,ACTIVE,MULTI_BUY,4480,3980
フェイクファー ブランケット,フェイクファーストライプ-ブルー / 100×150cm,ff81abc9501768f632305d4ee8f39742,gid://shopify/Product/10218005397744,gid://shopify/ProductVariant/50296060608752,ACTIVE,MULTI_BUY,3480,2980
フェイクファー ブランケット,フェイクファーストライプ-ブルー / 150×200cm,a82c10cb9965aa01be6188d2ace920e0,gid://shopify/Product/10218005397744,gid://shopify/ProductVariant/50296060739824,ACTIVE,MULTI_BUY,4480,3980
フェイクファー ブランケット,フェイクファーストライプ-ブルー / 180×200cm,e1935a7a09805cba71df52da24f7116d,gid://shopify/Product/10218005397744,gid://shopify/ProductVariant/50296060772592,ACTIVE,MULTI_BUY,4480,3980
フェイクファー ブランケット,フェイクファーストライプ-ターメリックイエロー / 100×150cm,327bd51c72444e3414a91a64a9da2896,gid://shopify/Product/10218005397744,gid://shopify/ProductVariant/50296060903664,ACTIVE,MULTI_BUY,3480,2980
フェイクファー ブランケット,フェイクファーストライプ-ターメリックイエロー / 150×200cm,0f5576d828eee16041c802ec84715b87,gid://shopify/Product/10218005397744,gid://shopify/ProductVariant/50296060969200,ACTIVE,MULTI_BUY,4480,3980
フェイクファー ブランケット,フェイクファーストライプ-ターメリックイエロー / 180×200cm,9542c4e6f244ad5ae289368a369449a5,gid://shopify/Product/10218005397744,gid://shopify/ProductVariant/50296061001968,ACTIVE,MULTI_BUY,4480,3980
フェイクファー ブランケット,フェイクファーストライプ-ライトパープル / 100×150cm,3aa1f9d26861f0c3645ee3a3e51bc028,gid://shopify/Product/10218005397744,gid://shopify/ProductVariant/50296061133040,ACTIVE,MULTI_BUY,3480,2980
フェイクファー ブランケット,フェイクファーストライプ-ライトパープル / 150×200cm,1eccae5d97de019e00f4221da28f1c3f,gid://shopify/Product/10218005397744,gid://shopify/ProductVariant/50296061198576,ACTIVE,MULTI_BUY,4480,3980
フェイクファー ブランケット,フェイクファーストライプ-ライトパープル / 180×200cm,e80459fded21fd254cedb7f52adbe8ea,gid://shopify/Product/10218005397744,gid://shopify/ProductVariant/50296061231344,ACTIVE,MULTI_BUY,4480,3980
フラワー キャットタワー,花柄（花パーツ取り外し可）,fb7d098a2ec2110da668c161e1344f1f,gid://shopify/Product/10218060808432,gid://shopify/ProductVariant/50296441307376,ACTIVE,SUMMER_SALE,31480,29980
フラワー キャットタワー,ホワイト（花パーツ取り外し可）,fe5d75c6f93254e45c1becb57402bc81,gid://shopify/Product/10218060808432,gid://shopify/ProductVariant/50296441340144,ACTIVE,SUMMER_SALE,31480,29980
フラワー フロアクッション,ピンク / 直径50cm,2bd54ec1a89a8bdc734f1b05693653c4,gid://shopify/Product/10218057531632,gid://shopify/ProductVariant/50296389009648,ACTIVE,MULTI_BUY,8480,5980
フラワー フロアクッション,ピンク / 直径40cm,63de84b56a8a6923bcb25dbaf4c318e3,gid://shopify/Product/10218057531632,gid://shopify/ProductVariant/50296389042416,ACTIVE,MULTI_BUY,7480,5480
フラワー フロアクッション,イエロー / 直径50cm,b37b05b63a8197c0526904d5fce41ee0,gid://shopify/Product/10218057531632,gid://shopify/ProductVariant/50296389075184,ACTIVE,MULTI_BUY,8480,5980
フラワー フロアクッション,イエロー / 直径40cm,5c7f336a7adf8976ae5c478b5608b81a,gid://shopify/Product/10218057531632,gid://shopify/ProductVariant/50296389107952,ACTIVE,MULTI_BUY,7480,5480
フラワー フロアクッション,グレー / 直径50cm,ad2d5830a7985734a04c8a7d6fccaefe,gid://shopify/Product/10218057531632,gid://shopify/ProductVariant/50296389140720,ACTIVE,MULTI_BUY,8480,5980
フラワー フロアクッション,グレー / 直径40cm,20035f21512475bd686fb24c7e99119b,gid://shopify/Product/10218057531632,gid://shopify/ProductVariant/50296389173488,ACTIVE,MULTI_BUY,7480,5480
フラワー フロアクッション,グリーン / 直径50cm,19c4dca0b8d42491f406f3d1dcc2fe0a,gid://shopify/Product/10218057531632,gid://shopify/ProductVariant/50296389206256,ACTIVE,MULTI_BUY,8480,5980
フラワー フロアクッション,グリーン / 直径40cm,730b1b4096305a288f8a15defb663f8c,gid://shopify/Product/10218057531632,gid://shopify/ProductVariant/50296389239024,ACTIVE,MULTI_BUY,7480,5480
フラワーバッド テーブルランプ,充電式・タッチ式・3色調光 / レッド,d967da910e3b6ea7b627b1d9c288966c,gid://shopify/Product/10218006446320,gid://shopify/ProductVariant/50296063590640,ACTIVE,MULTI_BUY,6980,5980
フラワーバッド テーブルランプ,充電式・タッチ式・3色調光 / ホワイト,c1ded289d3375253bdea2c25abf7cea3,gid://shopify/Product/10218006446320,gid://shopify/ProductVariant/50296063623408,ACTIVE,MULTI_BUY,6980,5980
フラワーバッド テーブルランプ,充電式・タッチ式・3色調光 / ピンク,5c8ed019d1eb4dfa2f86c57e0ff40cfc,gid://shopify/Product/10218006446320,gid://shopify/ProductVariant/50296063656176,ACTIVE,MULTI_BUY,6980,5980
フラワーバッド テーブルランプ,充電式・タッチ式・3色調光 / イエロー,5355a954c7015707872313a25e6206e3,gid://shopify/Product/10218006446320,gid://shopify/ProductVariant/50296063688944,ACTIVE,MULTI_BUY,6980,5980
フランネル ブランケット,スペースグレイ / 100×150cm（約390g）,c4acced1debba629b67fea653ed982ab,gid://shopify/Product/10218005364976,gid://shopify/ProductVariant/50296057200880,ACTIVE,MULTI_BUY,3480,2980
フランネル ブランケット,スペースグレイ / 150×200cm（約820g）,452655176431a63bad1928eadefe92dd,gid://shopify/Product/10218005364976,gid://shopify/ProductVariant/50296057233648,ACTIVE,MULTI_BUY,4480,3980
フランネル ブランケット,スペースグレイ / 180×200cm（約950g）,4c641b92d632cc1367fe770d3c9b98a9,gid://shopify/Product/10218005364976,gid://shopify/ProductVariant/50296057266416,ACTIVE,MULTI_BUY,4480,3980
フランネル ブランケット,ピンキー / 100×150cm（約390g）,1196318b1d4cdae7e370dc0d5e2f93df,gid://shopify/Product/10218005364976,gid://shopify/ProductVariant/50296057364720,ACTIVE,MULTI_BUY,3480,2980
フランネル ブランケット,ピンキー / 150×200cm（約820g）,c646487cc16b82f676032ade9d67ff55,gid://shopify/Product/10218005364976,gid://shopify/ProductVariant/50296057397488,ACTIVE,MULTI_BUY,4480,3980
フランネル ブランケット,ピンキー / 180×200cm（約950g）,f1feee9899f613978975ee1adfaefe36,gid://shopify/Product/10218005364976,gid://shopify/ProductVariant/50296057430256,ACTIVE,MULTI_BUY,4480,3980
フランネル ブランケット,フルーツグリーン / 100×150cm（約390g）,2e8684b072b42006fb02724ee58d3213,gid://shopify/Product/10218005364976,gid://shopify/ProductVariant/50296057528560,ACTIVE,MULTI_BUY,3480,2980
フランネル ブランケット,フルーツグリーン / 150×200cm（約820g）,3251606a990845aef651d2ad9fadf748,gid://shopify/Product/10218005364976,gid://shopify/ProductVariant/50296057561328,ACTIVE,MULTI_BUY,4480,3980
フランネル ブランケット,フルーツグリーン / 180×200cm（約950g）,66d8ea11eba5ee0ce2b7b7b7b0e31660,gid://shopify/Product/10218005364976,gid://shopify/ProductVariant/50296057594096,ACTIVE,MULTI_BUY,4480,3980
フランネル ブランケット,カーキ / 100×150cm（約390g）,f9ec1cd11bafd890b7f55f59a789ff06,gid://shopify/Product/10218005364976,gid://shopify/ProductVariant/50296057692400,ACTIVE,MULTI_BUY,3480,2980
フランネル ブランケット,カーキ / 150×200cm（約820g）,c913286878c0dfb3693ccb409a458ddf,gid://shopify/Product/10218005364976,gid://shopify/ProductVariant/50296057725168,ACTIVE,MULTI_BUY,4480,3980
フランネル ブランケット,カーキ / 180×200cm（約950g）,dfb471855e0606419c6bef5bc00359fb,gid://shopify/Product/10218005364976,gid://shopify/ProductVariant/50296057757936,ACTIVE,MULTI_BUY,4480,3980
フランネル ブランケット,ブルーグレー / 100×150cm（約390g）,1197ee2cdeea09dccfbb51439b8b4f15,gid://shopify/Product/10218005364976,gid://shopify/ProductVariant/50296057856240,ACTIVE,MULTI_BUY,3480,2980
フランネル ブランケット,ブルーグレー / 150×200cm（約820g）,1d3ecc01bf4ae9cd69951920a662f826,gid://shopify/Product/10218005364976,gid://shopify/ProductVariant/50296057889008,ACTIVE,MULTI_BUY,4480,3980
フランネル ブランケット,ブルーグレー / 180×200cm（約950g）,4a3bc10f14e4c1ce6cd037cf909d4291,gid://shopify/Product/10218005364976,gid://shopify/ProductVariant/50296057921776,ACTIVE,MULTI_BUY,4480,3980
フランネル ブランケット,オフホワイト / 100×150cm（約390g）,55440b7f0d45a7a0fc14e08952a8d76d,gid://shopify/Product/10218005364976,gid://shopify/ProductVariant/50296058020080,ACTIVE,MULTI_BUY,3480,2980
フランネル ブランケット,オフホワイト / 150×200cm（約820g）,e47a06781d253236d1113288a722b998,gid://shopify/Product/10218005364976,gid://shopify/ProductVariant/50296058052848,ACTIVE,MULTI_BUY,4480,3980
フランネル ブランケット,オフホワイト / 180×200cm（約950g）,b6363a92b7a64b03eed32322b6515cb2,gid://shopify/Product/10218005364976,gid://shopify/ProductVariant/50296058085616,ACTIVE,MULTI_BUY,4480,3980
フランネル ブランケット,カラメル / 100×150cm（約390g）,e90ba25225f6287e4549dd2772c7dfbe,gid://shopify/Product/10218005364976,gid://shopify/ProductVariant/50296058183920,ACTIVE,MULTI_BUY,3480,2980
フランネル ブランケット,カラメル / 150×200cm（約820g）,db3b3aeed211745fd805473087efb4c0,gid://shopify/Product/10218005364976,gid://shopify/ProductVariant/50296058216688,ACTIVE,MULTI_BUY,4480,3980
フランネル ブランケット,カラメル / 180×200cm（約950g）,5007adb61e1ed4a493a48f67b171aa22,gid://shopify/Product/10218005364976,gid://shopify/ProductVariant/50296058249456,ACTIVE,MULTI_BUY,4480,3980
フランネル ブランケット,フォググレー / 100×150cm（約390g）,c4584d40eeed582143775e8ec675c943,gid://shopify/Product/10218005364976,gid://shopify/ProductVariant/50296058347760,ACTIVE,MULTI_BUY,3480,2980
フランネル ブランケット,フォググレー / 150×200cm（約820g）,142eb05285cad0a4ab99342734d5801d,gid://shopify/Product/10218005364976,gid://shopify/ProductVariant/50296058380528,ACTIVE,MULTI_BUY,4480,3980
フランネル ブランケット,フォググレー / 180×200cm（約950g）,bdfedfa8a7216b2b44d2c1f39498225e,gid://shopify/Product/10218005364976,gid://shopify/ProductVariant/50296058413296,ACTIVE,MULTI_BUY,4480,3980
フランネル ブランケット,ライトグレー / 100×150cm（約390g）,0aeadce8618637984c4ccdd619804b74,gid://shopify/Product/10218005364976,gid://shopify/ProductVariant/50296058511600,ACTIVE,MULTI_BUY,3480,2980
フランネル ブランケット,ライトグレー / 150×200cm（約820g）,0d4d0b49ecfad1aa9d9eecfa80d87361,gid://shopify/Product/10218005364976,gid://shopify/ProductVariant/50296058544368,ACTIVE,MULTI_BUY,4480,3980
フランネル ブランケット,ライトグレー / 180×200cm（約950g）,128863319c7884484770419caa56efa9,gid://shopify/Product/10218005364976,gid://shopify/ProductVariant/50296058577136,ACTIVE,MULTI_BUY,4480,3980
フランネル ブランケット,イエロー / 100×150cm（約390g）,d6bdcee64f5750d6950fab1173e82c0f,gid://shopify/Product/10218005364976,gid://shopify/ProductVariant/50296058675440,ACTIVE,MULTI_BUY,3480,2980
フランネル ブランケット,イエロー / 150×200cm（約820g）,0bfde4a02208f5e75f575e54cbb29e74,gid://shopify/Product/10218005364976,gid://shopify/ProductVariant/50296058708208,ACTIVE,MULTI_BUY,4480,3980
フランネル ブランケット,イエロー / 180×200cm（約950g）,83632dbf2bc5c22665ddaad80fcf3e78,gid://shopify/Product/10218005364976,gid://shopify/ProductVariant/50296058740976,ACTIVE,MULTI_BUY,4480,3980
フランネル ブランケット,バイオレット / 100×150cm（約390g）,1e44264a5c02b85dff99e19db7947ec5,gid://shopify/Product/10218005364976,gid://shopify/ProductVariant/50296058839280,ACTIVE,MULTI_BUY,3480,2980
フランネル ブランケット,バイオレット / 150×200cm（約820g）,019ce43de93970505071df6e000bf6cb,gid://shopify/Product/10218005364976,gid://shopify/ProductVariant/50296058872048,ACTIVE,MULTI_BUY,4480,3980
フランネル ブランケット,バイオレット / 180×200cm（約950g）,e9435186290cd889a961fef393727ba3,gid://shopify/Product/10218005364976,gid://shopify/ProductVariant/50296058904816,ACTIVE,MULTI_BUY,4480,3980
ベルベット クッション,ブラウン ブリック×スワロー / 45×45cm（中材付き）,6fd500457bd1f317ddc02d7b923b42b3,gid://shopify/Product/10218009133296,gid://shopify/ProductVariant/50296092885232,ACTIVE,MULTI_BUY,5980,5480
ベルベット クッション,ブラウン ペンシルライン / 45×45cm（中材付き）,6aa6f7ab0481865d7d6e0bf7fc187b01,gid://shopify/Product/10218009133296,gid://shopify/ProductVariant/50296093212912,ACTIVE,MULTI_BUY,7980,6980
ベルベット クッション,ブラウン フォレストカット / 45×45cm（中材付き）,7056521c8f86ed6957cd85a002691079,gid://shopify/Product/10218009133296,gid://shopify/ProductVariant/50296093278448,ACTIVE,MULTI_BUY,5980,5480
ベルベット クッション,カーキ ブラッシュ / 45×45cm（中材付き）,bf72544adaf473a942916db1d2141e13,gid://shopify/Product/10218009133296,gid://shopify/ProductVariant/50296093475056,ACTIVE,MULTI_BUY,5980,5480
ベルベット クッション,ブラウン コーデュロイチェック / 45×45cm（中材付き）,fc5e2d506080f3c64a6f81271d29d5f4,gid://shopify/Product/10218009133296,gid://shopify/ProductVariant/50296093606128,ACTIVE,MULTI_BUY,7980,6980
ベルベット クッション,カーキ ベルベット / 45×45cm（中材付き）,87d03e70e06ae732ef0f1abd8affa152,gid://shopify/Product/10218009133296,gid://shopify/ProductVariant/50296094032112,ACTIVE,MULTI_BUY,5480,4980
ベルベット クッション,ブラウン レースジオメトリック / 45×45cm（中材付き）,554cce8f88b4583bc3c5e7feeb2dbbca,gid://shopify/Product/10218009133296,gid://shopify/ProductVariant/50296094228720,ACTIVE,MULTI_BUY,6980,6480
ベルベット クッション,カーキ バーチカルプリーツ / 45×45cm（中材付き）,41edc84f3cc23581fdfc96c5811b355f,gid://shopify/Product/10218009133296,gid://shopify/ProductVariant/50296094753008,ACTIVE,MULTI_BUY,5980,5480
ボア ラウンジチェア,ベージュ,0a0fc2d46443c2e16a54e3ff49f0d2bd,gid://shopify/Product/10218058350832,gid://shopify/ProductVariant/50296394219760,ACTIVE,SUMMER_SALE,16480,14980
ボア ラウンジチェア,グレー,56d9696e4dc74f4a7062e0af60f5b710,gid://shopify/Product/10218058350832,gid://shopify/ProductVariant/50296394252528,ACTIVE,SUMMER_SALE,16480,14980
ボア ラウンジチェア,フルーツグリーン,aa2ddd95d709c8ccb1d4c4cb849f4002,gid://shopify/Product/10218058350832,gid://shopify/ProductVariant/50296394285296,ACTIVE,SUMMER_SALE,16480,14980
ボア ラウンジチェア,イエロー,a6355ed0ed32e0a1c93d4c19610b9831,gid://shopify/Product/10218058350832,gid://shopify/ProductVariant/50296394318064,ACTIVE,SUMMER_SALE,16480,14980
ボア ラウンジチェア,カーキ,f2bc85459e87fd2567f20b614e5fd142,gid://shopify/Product/10218058350832,gid://shopify/ProductVariant/50296394350832,ACTIVE,SUMMER_SALE,16480,14980
ボア ラウンジチェア,グリーン,3ba42d820cbf5cc93a739139e10d7705,gid://shopify/Product/10218058350832,gid://shopify/ProductVariant/50296394383600,ACTIVE,SUMMER_SALE,16480,14980
ボア ラウンジチェア,ピンク,6cfc096b7b342f9737a86e61d5cddf2e,gid://shopify/Product/10218058350832,gid://shopify/ProductVariant/50296394416368,ACTIVE,SUMMER_SALE,16480,14980
ボア ラウンジチェア,パープル,379608d81e12eadc08063b43e5cc07cf,gid://shopify/Product/10218058350832,gid://shopify/ProductVariant/50296394449136,ACTIVE,SUMMER_SALE,16480,14980
ボア ラウンジチェア,ライトブルー,03b4705ba099fa466c30e537123d903f,gid://shopify/Product/10218058350832,gid://shopify/ProductVariant/50296394481904,ACTIVE,SUMMER_SALE,16480,14980
ボア ラウンジチェア,ブラウン,9b04a9e2ea4eaf2cb15ed2528450e69d,gid://shopify/Product/10218058350832,gid://shopify/ProductVariant/50296394514672,ACTIVE,SUMMER_SALE,16480,14980
マッシュルーム コードレステーブルランプ,タッチ式・3色調光 / ゴールド,50ff41261ae8e82cd2d346387eb4b6d6,gid://shopify/Product/10218008248560,gid://shopify/ProductVariant/50296081252592,ACTIVE,SUMMER_SALE,10480,9980
マッシュルーム コードレステーブルランプ,タッチ式・3色調光 / シルバー,4da199691f98857117fa7b188dcd9858,gid://shopify/Product/10218008248560,gid://shopify/ProductVariant/50296081285360,ACTIVE,SUMMER_SALE,10480,9980
マッシュルーム コードレステーブルランプ,タッチ式・3色調光 / ローズゴールド,74f1a59143a7e816aeb9990c394019a2,gid://shopify/Product/10218008248560,gid://shopify/ProductVariant/50296081318128,ACTIVE,SUMMER_SALE,10480,9980
マッシュルーム コードレステーブルランプ,タッチ式・3色調光 / バーガンディ,2634ae17339667740d151c3ecb342a11,gid://shopify/Product/10218008248560,gid://shopify/ProductVariant/50296081350896,ACTIVE,SUMMER_SALE,10480,9980
マッシュルーム コードレステーブルランプ,タッチ式・3色調光 / ダークグリーン,c35ba17c20ac64feee2c9561b04cbf81,gid://shopify/Product/10218008248560,gid://shopify/ProductVariant/50296081383664,ACTIVE,SUMMER_SALE,10480,9980
マッシュルーム コードレステーブルランプ,タッチ式・3色調光 / ライムブルー,0626459e8d49f0b09793d5e42184c6b6,gid://shopify/Product/10218008248560,gid://shopify/ProductVariant/50296081416432,ACTIVE,SUMMER_SALE,10480,9980
マッシュルーム コードレステーブルランプ,タッチ式・3色調光 / グレー,0321a46c69856508f6a0936ba1bc3f24,gid://shopify/Product/10218008248560,gid://shopify/ProductVariant/50296081449200,ACTIVE,SUMMER_SALE,10480,9980
ミニ アラームクロック,エメラルド,96215d76d010f2bce216f9d25b42a668,gid://shopify/Product/10218008346864,gid://shopify/ProductVariant/50296082006256,ACTIVE,MULTI_BUY,4980,4480
ミニ アラームクロック,ライトパープル,a90106aa715a3314950bbf33f04689f8,gid://shopify/Product/10218008346864,gid://shopify/ProductVariant/50296082039024,ACTIVE,MULTI_BUY,4980,4480
ミニ アラームクロック,オフホワイト,8e3c7acb378cf2d2d55ae2e36d73683b,gid://shopify/Product/10218008346864,gid://shopify/ProductVariant/50296082071792,ACTIVE,MULTI_BUY,4980,4480
ミニ アラームクロック,ピンク,d34f601bfbf06254c15df02d7d7da5b5,gid://shopify/Product/10218008346864,gid://shopify/ProductVariant/50296082104560,ACTIVE,MULTI_BUY,4980,4480
モコ ラウンジチェア,コーデュロイ グリーン,63173a7685901fbd0c7cb7001128b9ee,gid://shopify/Product/10218008051952,gid://shopify/ProductVariant/50296079188208,ACTIVE,SUMMER_SALE,42480,39980
モコ ラウンジチェア,コーデュロイ ブラック,5b32b11e70a805b50f796508726ebeeb,gid://shopify/Product/10218008051952,gid://shopify/ProductVariant/50296079220976,ACTIVE,SUMMER_SALE,42480,39980
モコ ラウンジチェア,コーデュロイ ホワイト,e4c41b8d8d59f66b1c7917c8084f0dfe,gid://shopify/Product/10218008051952,gid://shopify/ProductVariant/50296079253744,ACTIVE,SUMMER_SALE,42480,39980
モコ ラウンジチェア,コーデュロイ キャラメル,f2123ac36bda669c3fa1ba7c9a3d2d54,gid://shopify/Product/10218008051952,gid://shopify/ProductVariant/50296079286512,ACTIVE,SUMMER_SALE,42480,39980
モコ ラウンジチェア,コーデュロイ ブルー,6d7c1d2d5fc36ef37c3541493f0dad97,gid://shopify/Product/10218008051952,gid://shopify/ProductVariant/50296079319280,ACTIVE,SUMMER_SALE,42480,39980
モコ ラウンジチェア,コーデュロイ オレンジ,c52362be9d60328c2754c8bd5b6f7a8e,gid://shopify/Product/10218008051952,gid://shopify/ProductVariant/50296079515888,ACTIVE,SUMMER_SALE,42480,39980
レジン スカルプチャーオブジェ,18CM マルセイユ,b9bd5c1034a5dcb2891e32a6a6df4368,gid://shopify/Product/10218009166064,gid://shopify/ProductVariant/50296094884080,ACTIVE,MULTI_BUY,3980,3480
レジン スカルプチャーオブジェ,15センチデビッド,6f718b090047f87d13987ada61115234,gid://shopify/Product/10218009166064,gid://shopify/ProductVariant/50296094949616,ACTIVE,MULTI_BUY,3980,3480
レジン スカルプチャーオブジェ,15センチメートルアポロ,c13c9a63c3ef9bf9efa4e8b75ab0e914,gid://shopify/Product/10218009166064,gid://shopify/ProductVariant/50296095047920,ACTIVE,MULTI_BUY,3980,3480
ロロ サイドテーブル,イエロー,cc7f970733f1f71ee4a03c394c855fcb,gid://shopify/Product/10218057924848,gid://shopify/ProductVariant/50296391532784,ACTIVE,SUMMER_SALE,20980,19980
ロロ サイドテーブル,ブラック,95d874d1d07cb6db1f02970b435c6e62,gid://shopify/Product/10218057924848,gid://shopify/ProductVariant/50296391565552,ACTIVE,SUMMER_SALE,20980,19980
ロロ サイドテーブル,ホワイト,ef809f15a456dce687bdf9bca30f4a23,gid://shopify/Product/10218057924848,gid://shopify/ProductVariant/50296391598320,ACTIVE,SUMMER_SALE,20980,19980
ロンド コーヒーテーブル,ウォールナット × ブラック脚 50cm / 組み立て式,da2ba66aab28abeb0e68028421b986a5,gid://shopify/Product/10218006577392,gid://shopify/ProductVariant/50296065523952,ACTIVE,SUMMER_SALE,27480,26980
ロンド コーヒーテーブル,マットブラック × ブラック脚 50cm / 組み立て式,73e99259ea217a46565ce5c25895c775,gid://shopify/Product/10218006577392,gid://shopify/ProductVariant/50296065589488,ACTIVE,SUMMER_SALE,27480,26980
ロンド コーヒーテーブル,ホワイト × ブラック脚 50cm / 組み立て式,3ce337b18dce0b9cf2ac313d2f16567f,gid://shopify/Product/10218006577392,gid://shopify/ProductVariant/50296065655024,ACTIVE,SUMMER_SALE,27480,26980
ロンド コーヒーテーブル,ウォールナット × ホワイト脚 50cm / 組み立て式,dd73b33abda994be14ce76419b399f6a,gid://shopify/Product/10218006577392,gid://shopify/ProductVariant/50296065720560,ACTIVE,SUMMER_SALE,27480,26980
ロンド コーヒーテーブル,マットブラック × ホワイト脚 50cm / 組み立て式,a9762ad4df1c2ef94b333d036f15fb72,gid://shopify/Product/10218006577392,gid://shopify/ProductVariant/50296065786096,ACTIVE,SUMMER_SALE,27480,26980
ロンド コーヒーテーブル,ホワイト × ホワイト脚 50cm / 組み立て式,a7745707d9a29d49de867ad36b9300d3,gid://shopify/Product/10218006577392,gid://shopify/ProductVariant/50296065851632,ACTIVE,SUMMER_SALE,27480,26980
ロンド コーヒーテーブル,ウォールナット × ブラック脚 60cm / 組み立て式,01a6c2162acdfd3fb5bf6b9d4b7a38ec,gid://shopify/Product/10218006577392,gid://shopify/ProductVariant/50296065917168,ACTIVE,SUMMER_SALE,30480,29980
ロンド コーヒーテーブル,マットブラック × ブラック脚 60cm / 組み立て式,2e891102d31893d4ace0f0b308986ca0,gid://shopify/Product/10218006577392,gid://shopify/ProductVariant/50296065949936,ACTIVE,SUMMER_SALE,30480,29980
ロンド コーヒーテーブル,ウォールナット × ホワイト脚 60cm / 組み立て式,16579d5d3d8ae241b5e8f1cf0815b9b4,gid://shopify/Product/10218006577392,gid://shopify/ProductVariant/50296065982704,ACTIVE,SUMMER_SALE,30480,29980
ロンド コーヒーテーブル,ホワイト × ブラック脚 60cm / 組み立て式,370cd7ae54df6b3d0627793153b57e89,gid://shopify/Product/10218006577392,gid://shopify/ProductVariant/50296066015472,ACTIVE,SUMMER_SALE,30480,29980
ロンド コーヒーテーブル,マットブラック × ホワイト脚 60cm / 組み立て式,a5e3876532b73d5ccb8147858be445ce,gid://shopify/Product/10218006577392,gid://shopify/ProductVariant/50296066048240,ACTIVE,SUMMER_SALE,30480,29980
ロンド コーヒーテーブル,ホワイト × ホワイト脚 60cm / 組み立て式,3e7606c8d1f6da37581ab19849a34061,gid://shopify/Product/10218006577392,gid://shopify/ProductVariant/50296066081008,ACTIVE,SUMMER_SALE,30480,29980
手編みコースター,直径12センチのマウス,e4c1bbed3ed125e09f392c2835b64634,gid://shopify/Product/10218057990384,gid://shopify/ProductVariant/50296392253680,ACTIVE,MULTI_BUY,3480,2980
手編みコースター,アプリコットリス直径12cm,4e26c52e09e526d4e4e7aa0a006e7b8e,gid://shopify/Product/10218057990384,gid://shopify/ProductVariant/50296392286448,ACTIVE,MULTI_BUY,3480,2980
手編みコースター,カエルの直径は12cmです,f66ade5d5c4d93f26d8e63fce6e03096,gid://shopify/Product/10218057990384,gid://shopify/ProductVariant/50296392351984,ACTIVE,MULTI_BUY,3480,2980
手編みコースター,直径12cmのピンクリス,d1950deb7ed9a7f3d33b9f283826ed36,gid://shopify/Product/10218057990384,gid://shopify/ProductVariant/50296392450288,ACTIVE,MULTI_BUY,3480,2980
手編みコースター,トカゲ 12 センチ,985d44c5315c47c3f94288d945554b6f,gid://shopify/Product/10218057990384,gid://shopify/ProductVariant/50296392614128,ACTIVE,MULTI_BUY,3980,3480
手編みコースター,12cm ダック,4df925651476dd0fc36d6f6c6ccc7afb,gid://shopify/Product/10218057990384,gid://shopify/ProductVariant/50296392712432,ACTIVE,MULTI_BUY,3480,2980
手編みコースター,明るい色のカメ,8357c023c320a6691fc995f931fdea8f,gid://shopify/Product/10218057990384,gid://shopify/ProductVariant/50296392810736,ACTIVE,MULTI_BUY,3980,3480
