商品,variant,sku,分類,変更対象,old_price,expected_price,new_price,compare_at,判定
MORU フラワーラウンジ,アイボリー,f89ed6c7183ca65547d2c2561819369f,SUMMER_SALE,YES,9980,8980,8980,,match
MORU フラワーラウンジ,オリーブグリーン,476e297375c500bb15ef0aef7f8abb53,SUMMER_SALE,YES,9980,8980,8980,,match
アブストラクト オブジェ,ビッグコンビネーション [稲の耳]-M53,75ab49fe91f8127a9d33ca4f6f82f4c4,除外_商品構成再設計,NO,58980,58980,58980,,match
アブストラクト オブジェ,グループコンビネーション [スプリングハーベスト]-O21,34036f8d1a6f5bd05389ed4172858aad,除外_商品構成再設計,NO,22980,22980,22980,,match
アブストラクト オブジェ,グループコンビネーション [チンラン]-I56,6134b4c23d96e190b34ec02a4d2ae408,除外_商品構成再設計,NO,22480,22480,22480,,match
アブストラクト オブジェ,グループコンビネーション [ムヤン]-R65,197b0e8b7d429973acd263d74989b79c,除外_商品構成再設計,NO,18480,18480,18480,,match
アブストラクト オブジェ,コンビネーション [メープル]-O43,7aed9956f07f7d6c3d99ab34f4e9d199,除外_商品構成再設計,NO,44480,44480,44480,,match
アブストラクト オブジェ,グループコンビネーション [メープルリーフ]-N48,1a96be22bfb7f2f7155463a3fc1a4a2b,除外_商品構成再設計,NO,30480,30480,30480,,match
アブストラクト オブジェ,グループコンビネーション [プレーンスタイル]-O14,01aba7397719c00556a65d49ee19e6b4,除外_商品構成再設計,NO,26980,26980,26980,,match
アブストラクト オブジェ,白茶色のセラミックオーナメント1組-M17,ec536c2c6e56f150de44b47bcf2a59c2,除外_商品構成再設計,NO,11980,11980,11980,,match
アブストラクト オブジェ,特殊形状シェルセラミック-A35,747adb5c3a47a7c491a3239ec1294164,除外_商品構成再設計,NO,12980,12980,12980,,match
アブストラクト オブジェ,ラッキーキャットのペア-O11,cd92d5ec9a58941b12944db9f3cde68d,除外_商品構成再設計,NO,9480,9480,9480,,match
アブストラクト オブジェ,ノットデコレーション-H38,1bc403c2a05ed4a9bba330ff372bb6ed,除外_商品構成再設計,NO,9480,9480,9480,,match
アブストラクト オブジェ,コーヒー色のガラスの花瓶-A55,b414e97d924bc272ccfe7c39c6bc037c,除外_商品構成再設計,NO,6980,6980,6980,,match
アブストラクト オブジェ,白い双頭花瓶-E88,fb4d1081470264108ddbdd5ac726fce9,除外_商品構成再設計,NO,6480,6480,6480,,match
アブストラクト オブジェ,陶器コーヒーカップ-N66,658f9def757e31b83fefd579954a5238,除外_商品構成再設計,NO,6480,6480,6480,,match
アブストラクト オブジェ,スティックマンブックストップ-T78,b5e4f2f7e89931a952a531c6d20e7fa1,除外_商品構成再設計,NO,6980,6980,6980,,match
アブストラクト オブジェ,アインシュタイン原稿-C20,191ce5dc8d92c18f76292b4d245e1d11,除外_商品構成再設計,NO,9480,9480,9480,,match
アブストラクト オブジェ,シュラグ花瓶-レッドスモール-H63,f95267d75899a7db1cf00e8282954998,除外_商品構成再設計,NO,16980,16980,16980,,match
アブストラクト オブジェ,シュラグ花瓶-大-Q49,97f04c82685b8f9c9c228ab1f6196a53,除外_商品構成再設計,NO,18480,18480,18480,,match
アブストラクト オブジェ,スナグルフラワー花瓶-I72,7ba1fe4c9b7d035d2e77e89cfaec6ca1,除外_商品構成再設計,NO,9980,9980,9980,,match
アブストラクト オブジェ,マウンテンキャラクターセラミック-F30,2c429cd9ea2d1ca3e5eb14d52d357103,除外_商品構成再設計,NO,6980,6980,6980,,match
アブストラクト オブジェ,ポット型セラミック-K87,78c58ba6410473c63d66a2065a25196d,除外_商品構成再設計,NO,4980,4980,4980,,match
ガラスフラワー オブジェ,ルビー（7点セット）,29d7e8cbcebfab5af9efca0ec2f23682,MULTI_BUY,YES,3980,3480,3480,,match
ガラスフラワー オブジェ,ブルー（7点セット）,7b370f9a7f74641e87773b8735868386,MULTI_BUY,YES,3980,3480,3480,,match
ガラスフラワー オブジェ,ピンク（7点セット）,7f19f1a9b72ba25c4af03320b63d2075,MULTI_BUY,YES,3980,3480,3480,,match
ガラスフラワー オブジェ,ホワイト（7点セット）,4e3ef97bd8e412402af2f47ab63a30e1,MULTI_BUY,YES,3980,3480,3480,,match
ガラスフラワー オブジェ,アンバー（7点セット）,dab3482fc0695768b2496f0f97c5e4ce,MULTI_BUY,YES,3980,3480,3480,,match
クラウド サイドテーブル,スターライトブラック（1段）,05570b9a124d02f2d3769d087d12019a,SUMMER_SALE,YES,12480,11980,11980,,match
クラウド サイドテーブル,ミルキーホワイト（1段）,5b71a3dc3109a5c3443b343e30aaeb76,SUMMER_SALE,YES,12480,11980,11980,,match
クラウド サイドテーブル,ウォールナット（1段）,dc56669e522c1955922bcd9dff5572be,SUMMER_SALE,YES,12480,11980,11980,,match
クリアシェード テーブルランプ,充電式・無段階調光 / クローム（クリアシェード）,9c4ed89e3487f9ce5f4c97186b090232,SUMMER_SALE,YES,11480,10980,10980,,match
クリアシェード テーブルランプ,充電式・無段階調光 / バーガンディ（クリアシェード）,b809bb70178d3b8681fed393f957dc98,SUMMER_SALE,YES,11480,10980,10980,,match
クリアシェード テーブルランプ,充電式・無段階調光 / パールブラック（クリアシェード）,baed95876fcacec127ef858731c7dc04,SUMMER_SALE,YES,11480,10980,10980,,match
コイル サイドテーブル,レモンイエロー / 全高45cm（天板径34cm）,ab07dcd0e56eb7ee717e2da9a3ac402d,SUMMER_SALE,YES,33480,31980,31980,,match
コイル サイドテーブル,トゥルーレッド / 全高45cm（天板径34cm）,8c1b2d9a7e72c188d438d40ddf490f56,SUMMER_SALE,YES,33480,31980,31980,,match
コイル サイドテーブル,グリーン / 全高45cm（天板径34cm）,3455466daef0d9268b82871cbe8c210c,SUMMER_SALE,YES,33480,31980,31980,,match
コーデュロイ フォールディングチェア,ブラウン,cfba35e8e118f16f83ff476952758d2b,SUMMER_SALE,YES,11480,10980,10980,,match
コーデュロイ フォールディングチェア,ピーコックブルー,b2e07986192be22f0732e2deb26a4121,SUMMER_SALE,YES,11480,10980,10980,,match
コーデュロイ フォールディングチェア,オレンジ,b135c1eeb074ce7fa189ada712ece2f9,SUMMER_SALE,YES,11480,10980,10980,,match
コーデュロイ フォールディングチェア,ピンク,c8fb2c55f4618676bee453bed599f9aa,SUMMER_SALE,YES,11480,10980,10980,,match
コーデュロイ フォールディングチェア,オリーブグリーン,e562d7f8143adbced26b8edd39314da9,SUMMER_SALE,YES,11480,10980,10980,,match
ジオメトリック ブックスタンド,ミッドセンチュリー ブックスタンド,1be0d3e140f8e8a6b08ace3037286484,SUMMER_SALE,YES,8480,7980,7980,,match
ジオメトリック ブックスタンド,ミッドセンチュリー ブックスタンド+ダミーブック3冊,0976a78b31041ab45bd0e91144ccb408,SUMMER_SALE,YES,9480,8980,8980,,match
ジャカード 中綿付きクッション,イエロー ウェーブ / 45×45cm（中材付き）,69a55069d32475d8c1cd19bfe9fec6ff,MULTI_BUY,YES,3980,3480,3480,,match
ジャカード 中綿付きクッション,イエロー ダイヤグリッド / 45×45cm（中材付き）,b1cffd17310b993326477bdfa88de12b,MULTI_BUY,YES,3980,3480,3480,,match
ジャカード 中綿付きクッション,イエロー スモールスクエア / 45×45cm（中材付き）,24f5a06e8b01eb11abc4c5edc9d552cb,MULTI_BUY,YES,3980,3480,3480,,match
ジャカード 中綿付きクッション,イエロー エコー / 45×45cm（中材付き）,45c2c2242560adb70d1480e42205ea8a,MULTI_BUY,YES,3980,3480,3480,,match
ジャカード 中綿付きクッション,イエロー ヘリンボーン / 45×45cm（中材付き）,24e86b5f2b68da1216806cd6af3928eb,MULTI_BUY,YES,3980,3480,3480,,match
セラミック ブックエンド,アーチライン ブックスタンド雑誌3冊付き パールホワイト,ba4eca5633219572344e574b5062107f,MULTI_BUY,YES,8480,7480,7480,,match
セラミック ブックエンド,アーチライン ブックスタンド雑誌3冊付き マットブラック,043c6ce59288f4e637dfe5184f318efa,MULTI_BUY,YES,8480,7480,7480,,match
セラミック ブックエンド,アーチライン ブックスタンド パールホワイト,a2c3760b1bc87363b76c29257054a1c5,MULTI_BUY,YES,7980,6980,6980,,match
セラミック ブックエンド,アーチライン ブックスタンド マットブラック,a17d885349ed46057d7d14d8f0a0e9bf,MULTI_BUY,YES,7980,6980,6980,,match
セル サイドボード,ホワイト Aタイプ / 幅50×奥行35×高さ52.5cm,9feb89d52da0cf51d6d50cf83f962590,SUMMER_SALE,YES,33480,31980,31980,,match
セル サイドボード,ブラック Aタイプ / 幅50×奥行35×高さ52.5cm,ba0c178e35a349e64233449856c0c13f,SUMMER_SALE,YES,33480,31980,31980,,match
セル サイドボード,ホワイト Bタイプ / 幅50×奥行35×高さ52.5cm,82ce2d2926ae52167411b53631bb6c60,SUMMER_SALE,YES,34980,33480,33480,,match
セル サイドボード,ブラック Bタイプ / 幅50×奥行35×高さ52.5cm,c92a60f86cdf943ba40bfdeb2ca905f1,SUMMER_SALE,YES,34980,33480,33480,,match
セル モジュールキャビネット,シングル Aタイプ 幅75×奥行35×高さ70cm,45722313e1218e2f7ba24b599e052b1c,除外_DRAFT,NO,39480,39480,39480,,match
セル モジュールキャビネット,シングル Bタイプ 幅75×奥行35×高さ70cm,260fd4a5b8b793cae5dec5022f16aec5,除外_DRAFT,NO,46480,46480,46480,,match
セル モジュールキャビネット,シングル Cタイプ 幅75×奥行35×高さ70cm,9f8b62bce2483c8608d6d8de98334b41,除外_DRAFT,NO,50480,50480,50480,,match
セル モジュールキャビネット,ダブル Aタイプ 幅150×奥行35×高さ70cm,eb0fbfee661102f80b2ab299590804bc,除外_DRAFT,NO,92480,92480,92480,,match
セル モジュールキャビネット,ダブル Bタイプ 幅150×奥行35×高さ70cm,685bce782560abc0cd163f2f8013fee0,除外_DRAFT,NO,92480,92480,92480,,match
ソラ キャットハンモック,ファブリック グレー,108b0dc0e0bad0bdf88b77370e3717fb,保留_市場調査,NO,20480,20480,20480,,match
ソラ キャットハンモック,ファブリック ベージュ,d52de93c868d7322a01e9bcfc6e7b7dc,保留_市場調査,NO,20480,20480,20480,,match
ソラ キャットハンモック,木製フレーム ベージュ（クッション付き）,4579d46734814c2073a47d9ffe183e32,保留_市場調査,NO,20480,20480,20480,,match
ソラ キャットハンモック,木製フレーム グレー（クッション付き）,d8093439f7aea64aef353acf897fbe58,保留_市場調査,NO,20480,20480,20480,,match
ツインベル アラームクロック,ホワイト,0d9069aadbf4ab17ccf3bddf69e4e3c8,SUMMER_SALE,YES,5480,4980,4980,,match
デュオ ナイトテーブル,天然木 1連 / ラバーウッド × ステンレス天板,b2b0b5df37fa7f2eda9a39de857f5751,SUMMER_SALE,YES,53480,49980,49980,,match
デュオ ナイトテーブル,天然木 2連 / ラバーウッド × ステンレス天板,8d3b616f47d3c16429f7d4a73434e0a5,SUMMER_SALE,YES,104980,99980,99980,,match
デュオ ナイトテーブル,ブラック 1連 / ラバーウッド × ステンレス天板,5ed747e288c42486e0ed8e70951a2ab4,SUMMER_SALE,YES,53480,49980,49980,,match
デュオ ナイトテーブル,ブラック 2連 / ラバーウッド × ステンレス天板,fe24c5b36b8e11aea02d5888028d654f,SUMMER_SALE,YES,104980,99980,99980,,match
ハル ダイニングチェア,チェリー × ミルクブラウンレザー調（1脚）,f95de56dc5ae72dddab037a31ac85f58,SUMMER_SALE,YES,21980,20980,20980,,match
ハル ダイニングチェア,ウォールナット × グレーレザー調（1脚）,66534c50a2e84f7325295556bd51f753,SUMMER_SALE,YES,21980,20980,20980,,match
ハル ダイニングチェア,チェリー × ミルクブラウンレザー調（2脚セット）,ec1e80f521e6b25b48fd78902e3de0a0,SUMMER_SALE,YES,35480,33980,33980,,match
ハル ダイニングチェア,ウォールナット × グレーレザー調（2脚セット）,4204cd6168b8b2ed94e1e2c636a4018a,SUMMER_SALE,YES,35480,33980,33980,,match
バルーンドッグ オブジェ,ブルー / 幅21×奥行7.5×高さ18cm,994c4b086820abeb527a60044275e816,MULTI_BUY,YES,3980,3480,3480,,match
バルーンドッグ オブジェ,グリーン / 幅21×奥行7.5×高さ18cm,38abe9bb2c2e51270eabe1e756b45025,MULTI_BUY,YES,3980,3480,3480,,match
バルーンドッグ オブジェ,ピンク / 幅21×奥行7.5×高さ18cm,258167debc56c33ca4a6574e3d4236cb,MULTI_BUY,YES,3980,3480,3480,,match
バルーンドッグ オブジェ,マルチカラー / 幅21×奥行7.5×高さ18cm,79bd4179da79fb2fc982b60044e00385,MULTI_BUY,YES,3980,3480,3480,,match
バルーンドッグ オブジェ,ゴールド / 幅21×奥行7.5×高さ18cm,d9dc8606261849e776997393a0efe792,MULTI_BUY,YES,3980,3480,3480,,match
バルーンドッグ オブジェ,シルバー / 幅21×奥行7.5×高さ18cm,827a3e1539a7882340a1d41533f1426f,MULTI_BUY,YES,3980,3480,3480,,match
バルーンドッグ オブジェ,パールホワイト / 幅21×奥行7.5×高さ18cm,6066adc934248df629535895abc0c1e3,MULTI_BUY,YES,3980,3480,3480,,match
バルーンドッグ オブジェ,ブルーグレー / 幅21×奥行7.5×高さ18cm,7e898398eea72c7ecdcbcbb7206f2570,MULTI_BUY,YES,3980,3480,3480,,match
バルーンドッグ オブジェ,オレンジレッド / 幅21×奥行7.5×高さ18cm,e9dbf34cf81c5b6f1117b0d5c9ffbc08,MULTI_BUY,YES,3980,3480,3480,,match
パイピング クッション,ブラウン パイピング / 45×45cm（中材付き）,d8818d6dcb4b9335416a2f665e91fbfc,MULTI_BUY,YES,6480,5980,5980,,match
パイピング クッション,ブラウン フレンチフラワー / 45×45cm（中材付き）,f64d694128a7e0f3bef294c4ab0fbb96,MULTI_BUY,YES,6480,5980,5980,,match
パイピング クッション,ミルキーホワイト ダイヤキルト / 45×45cm（中材付き）,e999445af7f129580d529f89f2a7749c,MULTI_BUY,YES,6480,5980,5980,,match
パイピング クッション,オフホワイト フレンチフラワー / 45×45cm（中材付き）,6ee575faf01b93bc4aebd9b2d771e447,MULTI_BUY,YES,6480,5980,5980,,match
パイピング クッション,ブラウン ヘリンボーンチェック / 45×45cm（中材付き）,922262d1335c88bcf8489839816a654a,MULTI_BUY,YES,5980,5480,5480,,match
パイピング クッション,ミルクイエロー ブリック / 45×45cm（中材付き）,e80d1522c7098febd365e6050bd60f49,MULTI_BUY,YES,6980,6480,6480,,match
パイピング クッション,ライトカーキ カットフラワー / 45×45cm（中材付き）,b8092ba94a66a4acc00329edcad71b5d,MULTI_BUY,YES,5980,5480,5480,,match
パイピング クッション,カーキ ワイドストライプ / 45×45cm（中材付き）,2f84c3b5a775a450a8e9a227ab340528,MULTI_BUY,YES,6480,5980,5980,,match
ビス ダイニングチェア,ブラック × ベージュパッチワーク,40f54f66091edf591eec4114ea9d4a1e,SUMMER_SALE,YES,23480,22980,22980,,match
ビス ダイニングチェア,ブラック × ブラックパッチワーク,127a25ce45be89cdebdc6f5737d9188c,SUMMER_SALE,YES,23480,22980,22980,,match
ビス ダイニングチェア,ブラック × ベージュファブリック,470f2865fb2906169e1128531e04f974,SUMMER_SALE,YES,25980,24980,24980,,match
ビス ダイニングチェア,ブラック × オフホワイトファブリック,dc1f674d953fc4034a0b3081388bb714,SUMMER_SALE,YES,25980,24980,24980,,match
ビス ダイニングチェア,ダークウォールナット × ライスイエローファブリック,40fea582b71215b2350490e7403e206e,SUMMER_SALE,YES,25980,24980,24980,,match
ビス ダイニングチェア,ダークウォールナット × オフホワイトファブリック,23eb64717035be7c51dfd00be533c77b,SUMMER_SALE,YES,25980,24980,24980,,match
ビス ダイニングチェア,ダークウォールナット × ベージュパッチワーク,18dce98460fc8f94843bd61f9d234c7e,SUMMER_SALE,YES,23480,22980,22980,,match
ビス ダイニングチェア,ダークウォールナット × ブラックパッチワーク,7eaf3594cd8b46c6b74a5b77fe49a7e1,SUMMER_SALE,YES,23480,22980,22980,,match
ビス ダイニングチェア,ダークウォールナット × オレンジファブリック,f6e97e5b36057ef7be7f224f16127f41,SUMMER_SALE,YES,23480,22980,22980,,match
ピボ テーブルランプ,レッド,4a9615e29629c2a3273780d0bf0c0f99,SUMMER_SALE,YES,28480,26980,26980,,match
ピボ テーブルランプ,ダークグリーン,f2cace257776a331d6841064f744d08c,SUMMER_SALE,YES,28480,26980,26980,,match
ピボ テーブルランプ,オレンジ,f3cd002bec518d3fb6b0c5336b7b413e,SUMMER_SALE,YES,28480,26980,26980,,match
フェイクファー ブランケット,フェイクファーストライプ-クリームホワイト / 100×150cm,e983f9cfb6828b4645a902b69c2f810c,MULTI_BUY,YES,3480,2980,2980,,match
フェイクファー ブランケット,フェイクファーストライプ-クリームホワイト / 150×200cm,d2a5645fbbf6249fd82ecf74b898eaf7,MULTI_BUY,YES,4480,3980,3980,,match
フェイクファー ブランケット,フェイクファーストライプ-クリームホワイト / 180×200cm,5cd7e3bacba406bac4c6729e7a892299,MULTI_BUY,YES,4480,3980,3980,,match
フェイクファー ブランケット,フェイクファーストライプ-カーキ / 100×150cm,cad6c2b689bc2f50cd5d932eac52bfba,MULTI_BUY,YES,3480,2980,2980,,match
フェイクファー ブランケット,フェイクファーストライプ-カーキ / 150×200cm,eb92aa5bd7f4b97e87894944040ab635,MULTI_BUY,YES,4480,3980,3980,,match
フェイクファー ブランケット,フェイクファーストライプ-カーキ / 180×200cm,1e2a74b8fa053fd06b254c1a13e21917,MULTI_BUY,YES,4480,3980,3980,,match
フェイクファー ブランケット,フェイクファーストライプ-ダークグレー / 100×150cm,ef7f0159b57647335b52ff2199324d81,MULTI_BUY,YES,3480,2980,2980,,match
フェイクファー ブランケット,フェイクファーストライプ-ダークグレー / 150×200cm,b3503bd0f476df342afa45ed560f1e7a,MULTI_BUY,YES,4480,3980,3980,,match
フェイクファー ブランケット,フェイクファーストライプ-ダークグレー / 180×200cm,b8731d7437c74b9840c016fd69d394fa,MULTI_BUY,YES,4480,3980,3980,,match
フェイクファー ブランケット,フェイクファーストライプ-ライトグレー / 100×150cm,5621be7de738bdc3b454e2d3c513905e,MULTI_BUY,YES,3480,2980,2980,,match
フェイクファー ブランケット,フェイクファーストライプ-ライトグレー / 150×200cm,c3accbf3305de93ffc77f197970824c3,MULTI_BUY,YES,4480,3980,3980,,match
フェイクファー ブランケット,フェイクファーストライプ-ライトグレー / 180×200cm,935a0d5816288ee5398f22931588273f,MULTI_BUY,YES,4480,3980,3980,,match
フェイクファー ブランケット,フェイクファーストライプ-ピンク / 100×150cm,961447f0ebdc4ed8073bdbf1b1194649,MULTI_BUY,YES,3480,2980,2980,,match
フェイクファー ブランケット,フェイクファーストライプ-ピンク / 150×200cm,d38100db6b4de6e84cec2a2aa1e0b383,MULTI_BUY,YES,4480,3980,3980,,match
フェイクファー ブランケット,フェイクファーストライプ-ピンク / 180×200cm,9562e500e71761d4cfdd48903e856bd3,MULTI_BUY,YES,4480,3980,3980,,match
フェイクファー ブランケット,フェイクファーストライプ-フルーツグリーン / 100×150cm,0c2858c8271bcdc306931d3358271c66,MULTI_BUY,YES,3480,2980,2980,,match
フェイクファー ブランケット,フェイクファーストライプ-フルーツグリーン / 150×200cm,cfc43aa289e345b705e21f193a290122,MULTI_BUY,YES,4480,3980,3980,,match
フェイクファー ブランケット,フェイクファーストライプ-フルーツグリーン / 180×200cm,0d0bcb81ce73f807b8804b5076cdad00,MULTI_BUY,YES,4480,3980,3980,,match
フェイクファー ブランケット,フェイクファーストライプ-キャラメル / 100×150cm,d89bdd2b32c57d34de88ae20ffcbdbbe,MULTI_BUY,YES,3480,2980,2980,,match
フェイクファー ブランケット,フェイクファーストライプ-キャラメル / 150×200cm,f2bf4facb88d57e026c8ef3ed0839a98,MULTI_BUY,YES,4480,3980,3980,,match
フェイクファー ブランケット,フェイクファーストライプ-キャラメル / 180×200cm,4801cf62801f3d875f5678e0ece36469,MULTI_BUY,YES,4480,3980,3980,,match
フェイクファー ブランケット,フェイクファーストライプ-ブルー / 100×150cm,ff81abc9501768f632305d4ee8f39742,MULTI_BUY,YES,3480,2980,2980,,match
フェイクファー ブランケット,フェイクファーストライプ-ブルー / 150×200cm,a82c10cb9965aa01be6188d2ace920e0,MULTI_BUY,YES,4480,3980,3980,,match
フェイクファー ブランケット,フェイクファーストライプ-ブルー / 180×200cm,e1935a7a09805cba71df52da24f7116d,MULTI_BUY,YES,4480,3980,3980,,match
フェイクファー ブランケット,フェイクファーストライプ-ターメリックイエロー / 100×150cm,327bd51c72444e3414a91a64a9da2896,MULTI_BUY,YES,3480,2980,2980,,match
フェイクファー ブランケット,フェイクファーストライプ-ターメリックイエロー / 150×200cm,0f5576d828eee16041c802ec84715b87,MULTI_BUY,YES,4480,3980,3980,,match
フェイクファー ブランケット,フェイクファーストライプ-ターメリックイエロー / 180×200cm,9542c4e6f244ad5ae289368a369449a5,MULTI_BUY,YES,4480,3980,3980,,match
フェイクファー ブランケット,フェイクファーストライプ-ライトパープル / 100×150cm,3aa1f9d26861f0c3645ee3a3e51bc028,MULTI_BUY,YES,3480,2980,2980,,match
フェイクファー ブランケット,フェイクファーストライプ-ライトパープル / 150×200cm,1eccae5d97de019e00f4221da28f1c3f,MULTI_BUY,YES,4480,3980,3980,,match
フェイクファー ブランケット,フェイクファーストライプ-ライトパープル / 180×200cm,e80459fded21fd254cedb7f52adbe8ea,MULTI_BUY,YES,4480,3980,3980,,match
フラワー キャットタワー,花柄（花パーツ取り外し可）,fb7d098a2ec2110da668c161e1344f1f,SUMMER_SALE,YES,31480,29980,29980,,match
フラワー キャットタワー,ホワイト（花パーツ取り外し可）,fe5d75c6f93254e45c1becb57402bc81,SUMMER_SALE,YES,31480,29980,29980,,match
フラワー フロアクッション,ピンク / 直径50cm,2bd54ec1a89a8bdc734f1b05693653c4,MULTI_BUY,YES,8480,5980,5980,,match
フラワー フロアクッション,ピンク / 直径40cm,63de84b56a8a6923bcb25dbaf4c318e3,MULTI_BUY,YES,7480,5480,5480,,match
フラワー フロアクッション,イエロー / 直径50cm,b37b05b63a8197c0526904d5fce41ee0,MULTI_BUY,YES,8480,5980,5980,,match
フラワー フロアクッション,イエロー / 直径40cm,5c7f336a7adf8976ae5c478b5608b81a,MULTI_BUY,YES,7480,5480,5480,,match
フラワー フロアクッション,グレー / 直径50cm,ad2d5830a7985734a04c8a7d6fccaefe,MULTI_BUY,YES,8480,5980,5980,,match
フラワー フロアクッション,グレー / 直径40cm,20035f21512475bd686fb24c7e99119b,MULTI_BUY,YES,7480,5480,5480,,match
フラワー フロアクッション,グリーン / 直径50cm,19c4dca0b8d42491f406f3d1dcc2fe0a,MULTI_BUY,YES,8480,5980,5980,,match
フラワー フロアクッション,グリーン / 直径40cm,730b1b4096305a288f8a15defb663f8c,MULTI_BUY,YES,7480,5480,5480,,match
フラワーバッド テーブルランプ,充電式・タッチ式・3色調光 / レッド,d967da910e3b6ea7b627b1d9c288966c,MULTI_BUY,YES,6980,5980,5980,,match
フラワーバッド テーブルランプ,充電式・タッチ式・3色調光 / ホワイト,c1ded289d3375253bdea2c25abf7cea3,MULTI_BUY,YES,6980,5980,5980,,match
フラワーバッド テーブルランプ,充電式・タッチ式・3色調光 / ピンク,5c8ed019d1eb4dfa2f86c57e0ff40cfc,MULTI_BUY,YES,6980,5980,5980,,match
フラワーバッド テーブルランプ,充電式・タッチ式・3色調光 / イエロー,5355a954c7015707872313a25e6206e3,MULTI_BUY,YES,6980,5980,5980,,match
フランネル ブランケット,スペースグレイ / 100×150cm（約390g）,c4acced1debba629b67fea653ed982ab,MULTI_BUY,YES,3480,2980,2980,,match
フランネル ブランケット,スペースグレイ / 150×200cm（約820g）,452655176431a63bad1928eadefe92dd,MULTI_BUY,YES,4480,3980,3980,,match
フランネル ブランケット,スペースグレイ / 180×200cm（約950g）,4c641b92d632cc1367fe770d3c9b98a9,MULTI_BUY,YES,4480,3980,3980,,match
フランネル ブランケット,ピンキー / 100×150cm（約390g）,1196318b1d4cdae7e370dc0d5e2f93df,MULTI_BUY,YES,3480,2980,2980,,match
フランネル ブランケット,ピンキー / 150×200cm（約820g）,c646487cc16b82f676032ade9d67ff55,MULTI_BUY,YES,4480,3980,3980,,match
フランネル ブランケット,ピンキー / 180×200cm（約950g）,f1feee9899f613978975ee1adfaefe36,MULTI_BUY,YES,4480,3980,3980,,match
フランネル ブランケット,フルーツグリーン / 100×150cm（約390g）,2e8684b072b42006fb02724ee58d3213,MULTI_BUY,YES,3480,2980,2980,,match
フランネル ブランケット,フルーツグリーン / 150×200cm（約820g）,3251606a990845aef651d2ad9fadf748,MULTI_BUY,YES,4480,3980,3980,,match
フランネル ブランケット,フルーツグリーン / 180×200cm（約950g）,66d8ea11eba5ee0ce2b7b7b7b0e31660,MULTI_BUY,YES,4480,3980,3980,,match
フランネル ブランケット,カーキ / 100×150cm（約390g）,f9ec1cd11bafd890b7f55f59a789ff06,MULTI_BUY,YES,3480,2980,2980,,match
フランネル ブランケット,カーキ / 150×200cm（約820g）,c913286878c0dfb3693ccb409a458ddf,MULTI_BUY,YES,4480,3980,3980,,match
フランネル ブランケット,カーキ / 180×200cm（約950g）,dfb471855e0606419c6bef5bc00359fb,MULTI_BUY,YES,4480,3980,3980,,match
フランネル ブランケット,ブルーグレー / 100×150cm（約390g）,1197ee2cdeea09dccfbb51439b8b4f15,MULTI_BUY,YES,3480,2980,2980,,match
フランネル ブランケット,ブルーグレー / 150×200cm（約820g）,1d3ecc01bf4ae9cd69951920a662f826,MULTI_BUY,YES,4480,3980,3980,,match
フランネル ブランケット,ブルーグレー / 180×200cm（約950g）,4a3bc10f14e4c1ce6cd037cf909d4291,MULTI_BUY,YES,4480,3980,3980,,match
フランネル ブランケット,オフホワイト / 100×150cm（約390g）,55440b7f0d45a7a0fc14e08952a8d76d,MULTI_BUY,YES,3480,2980,2980,,match
フランネル ブランケット,オフホワイト / 150×200cm（約820g）,e47a06781d253236d1113288a722b998,MULTI_BUY,YES,4480,3980,3980,,match
フランネル ブランケット,オフホワイト / 180×200cm（約950g）,b6363a92b7a64b03eed32322b6515cb2,MULTI_BUY,YES,4480,3980,3980,,match
フランネル ブランケット,カラメル / 100×150cm（約390g）,e90ba25225f6287e4549dd2772c7dfbe,MULTI_BUY,YES,3480,2980,2980,,match
フランネル ブランケット,カラメル / 150×200cm（約820g）,db3b3aeed211745fd805473087efb4c0,MULTI_BUY,YES,4480,3980,3980,,match
フランネル ブランケット,カラメル / 180×200cm（約950g）,5007adb61e1ed4a493a48f67b171aa22,MULTI_BUY,YES,4480,3980,3980,,match
フランネル ブランケット,フォググレー / 100×150cm（約390g）,c4584d40eeed582143775e8ec675c943,MULTI_BUY,YES,3480,2980,2980,,match
フランネル ブランケット,フォググレー / 150×200cm（約820g）,142eb05285cad0a4ab99342734d5801d,MULTI_BUY,YES,4480,3980,3980,,match
フランネル ブランケット,フォググレー / 180×200cm（約950g）,bdfedfa8a7216b2b44d2c1f39498225e,MULTI_BUY,YES,4480,3980,3980,,match
フランネル ブランケット,ライトグレー / 100×150cm（約390g）,0aeadce8618637984c4ccdd619804b74,MULTI_BUY,YES,3480,2980,2980,,match
フランネル ブランケット,ライトグレー / 150×200cm（約820g）,0d4d0b49ecfad1aa9d9eecfa80d87361,MULTI_BUY,YES,4480,3980,3980,,match
フランネル ブランケット,ライトグレー / 180×200cm（約950g）,128863319c7884484770419caa56efa9,MULTI_BUY,YES,4480,3980,3980,,match
フランネル ブランケット,イエロー / 100×150cm（約390g）,d6bdcee64f5750d6950fab1173e82c0f,MULTI_BUY,YES,3480,2980,2980,,match
フランネル ブランケット,イエロー / 150×200cm（約820g）,0bfde4a02208f5e75f575e54cbb29e74,MULTI_BUY,YES,4480,3980,3980,,match
フランネル ブランケット,イエロー / 180×200cm（約950g）,83632dbf2bc5c22665ddaad80fcf3e78,MULTI_BUY,YES,4480,3980,3980,,match
フランネル ブランケット,バイオレット / 100×150cm（約390g）,1e44264a5c02b85dff99e19db7947ec5,MULTI_BUY,YES,3480,2980,2980,,match
フランネル ブランケット,バイオレット / 150×200cm（約820g）,019ce43de93970505071df6e000bf6cb,MULTI_BUY,YES,4480,3980,3980,,match
フランネル ブランケット,バイオレット / 180×200cm（約950g）,e9435186290cd889a961fef393727ba3,MULTI_BUY,YES,4480,3980,3980,,match
プラッシュ クッション,両面-Wパターンベージュ / 45* 45センチメートル（コアなし）,da7295269ce19e20aa497af582e1a0bb,除外_DRAFT,NO,3480,3480,3480,,match
プラッシュ クッション,両面-W柄レザーパウダー / 45* 45センチメートル（コアなし）,a52fdeba31cb7e146072603005a52b5f,除外_DRAFT,NO,3480,3480,3480,,match
プラッシュ クッション,両面-Wパターン、グレー / 45* 45センチメートル（コアなし）,4e792efd816ff3ab09bc87f3e70446e8,除外_DRAFT,NO,3480,3480,3480,,match
プラッシュ クッション,両面-W柄、ライトブラウン / 45* 45センチメートル（コアなし）,8b6b1edfd7b7a99c731285c4f2e14ec6,除外_DRAFT,NO,3480,3480,3480,,match
プラッシュ クッション,両面-A字型フラワーベージュ / 45* 45センチメートル（コアなし）,a85c759b184efcad7b292631d65261c8,除外_DRAFT,NO,3480,3480,3480,,match
プラッシュ クッション,両面-A字型フラワースキンパウダー / 45* 45センチメートル（コアなし）,66c8fe9c01869bc1f56eca6cfd39e7c6,除外_DRAFT,NO,3480,3480,3480,,match
プラッシュ クッション,両面-A字型フラワーグレー / 45* 45センチメートル（コアなし）,a99d9ae1654d2d71d6cddb4e2cff040d,除外_DRAFT,NO,3480,3480,3480,,match
プラッシュ クッション,両面-A字型フラワーライトブラウン / 45* 45センチメートル（コアなし）,17086de7d4f1140ae2512316522deb20,除外_DRAFT,NO,3480,3480,3480,,match
ベルベット クッション,ブラウン ブリック×スワロー / 45×45cm（中材付き）,6fd500457bd1f317ddc02d7b923b42b3,MULTI_BUY,YES,5980,5480,5480,,match
ベルベット クッション,ブラウン ペンシルライン / 45×45cm（中材付き）,6aa6f7ab0481865d7d6e0bf7fc187b01,MULTI_BUY,YES,7980,6980,6980,,match
ベルベット クッション,ブラウン フォレストカット / 45×45cm（中材付き）,7056521c8f86ed6957cd85a002691079,MULTI_BUY,YES,5980,5480,5480,,match
ベルベット クッション,カーキ ブラッシュ / 45×45cm（中材付き）,bf72544adaf473a942916db1d2141e13,MULTI_BUY,YES,5980,5480,5480,,match
ベルベット クッション,ブラウン コーデュロイチェック / 45×45cm（中材付き）,fc5e2d506080f3c64a6f81271d29d5f4,MULTI_BUY,YES,7980,6980,6980,,match
ベルベット クッション,カーキ ベルベット / 45×45cm（中材付き）,87d03e70e06ae732ef0f1abd8affa152,MULTI_BUY,YES,5480,4980,4980,,match
ベルベット クッション,ブラウン レースジオメトリック / 45×45cm（中材付き）,554cce8f88b4583bc3c5e7feeb2dbbca,MULTI_BUY,YES,6980,6480,6480,,match
ベルベット クッション,カーキ バーチカルプリーツ / 45×45cm（中材付き）,41edc84f3cc23581fdfc96c5811b355f,MULTI_BUY,YES,5980,5480,5480,,match
ボア ラウンジチェア,ベージュ,0a0fc2d46443c2e16a54e3ff49f0d2bd,SUMMER_SALE,YES,16480,14980,14980,,match
ボア ラウンジチェア,グレー,56d9696e4dc74f4a7062e0af60f5b710,SUMMER_SALE,YES,16480,14980,14980,,match
ボア ラウンジチェア,フルーツグリーン,aa2ddd95d709c8ccb1d4c4cb849f4002,SUMMER_SALE,YES,16480,14980,14980,,match
ボア ラウンジチェア,イエロー,a6355ed0ed32e0a1c93d4c19610b9831,SUMMER_SALE,YES,16480,14980,14980,,match
ボア ラウンジチェア,カーキ,f2bc85459e87fd2567f20b614e5fd142,SUMMER_SALE,YES,16480,14980,14980,,match
ボア ラウンジチェア,グリーン,3ba42d820cbf5cc93a739139e10d7705,SUMMER_SALE,YES,16480,14980,14980,,match
ボア ラウンジチェア,ピンク,6cfc096b7b342f9737a86e61d5cddf2e,SUMMER_SALE,YES,16480,14980,14980,,match
ボア ラウンジチェア,パープル,379608d81e12eadc08063b43e5cc07cf,SUMMER_SALE,YES,16480,14980,14980,,match
ボア ラウンジチェア,ライトブルー,03b4705ba099fa466c30e537123d903f,SUMMER_SALE,YES,16480,14980,14980,,match
ボア ラウンジチェア,ブラウン,9b04a9e2ea4eaf2cb15ed2528450e69d,SUMMER_SALE,YES,16480,14980,14980,,match
マッシュルーム コードレステーブルランプ,タッチ式・3色調光 / ゴールド,50ff41261ae8e82cd2d346387eb4b6d6,SUMMER_SALE,YES,10480,9980,9980,,match
マッシュルーム コードレステーブルランプ,タッチ式・3色調光 / シルバー,4da199691f98857117fa7b188dcd9858,SUMMER_SALE,YES,10480,9980,9980,,match
マッシュルーム コードレステーブルランプ,タッチ式・3色調光 / ローズゴールド,74f1a59143a7e816aeb9990c394019a2,SUMMER_SALE,YES,10480,9980,9980,,match
マッシュルーム コードレステーブルランプ,タッチ式・3色調光 / バーガンディ,2634ae17339667740d151c3ecb342a11,SUMMER_SALE,YES,10480,9980,9980,,match
マッシュルーム コードレステーブルランプ,タッチ式・3色調光 / ダークグリーン,c35ba17c20ac64feee2c9561b04cbf81,SUMMER_SALE,YES,10480,9980,9980,,match
マッシュルーム コードレステーブルランプ,タッチ式・3色調光 / ライムブルー,0626459e8d49f0b09793d5e42184c6b6,SUMMER_SALE,YES,10480,9980,9980,,match
マッシュルーム コードレステーブルランプ,タッチ式・3色調光 / グレー,0321a46c69856508f6a0936ba1bc3f24,SUMMER_SALE,YES,10480,9980,9980,,match
ミニ アラームクロック,エメラルド,96215d76d010f2bce216f9d25b42a668,MULTI_BUY,YES,4980,4480,4480,,match
ミニ アラームクロック,ライトパープル,a90106aa715a3314950bbf33f04689f8,MULTI_BUY,YES,4980,4480,4480,,match
ミニ アラームクロック,オフホワイト,8e3c7acb378cf2d2d55ae2e36d73683b,MULTI_BUY,YES,4980,4480,4480,,match
ミニ アラームクロック,ピンク,d34f601bfbf06254c15df02d7d7da5b5,MULTI_BUY,YES,4980,4480,4480,,match
モコ ラウンジチェア,コーデュロイ グリーン,63173a7685901fbd0c7cb7001128b9ee,SUMMER_SALE,YES,42480,39980,39980,,match
モコ ラウンジチェア,コーデュロイ ブラック,5b32b11e70a805b50f796508726ebeeb,SUMMER_SALE,YES,42480,39980,39980,,match
モコ ラウンジチェア,コーデュロイ ホワイト,e4c41b8d8d59f66b1c7917c8084f0dfe,SUMMER_SALE,YES,42480,39980,39980,,match
モコ ラウンジチェア,コーデュロイ キャラメル,f2123ac36bda669c3fa1ba7c9a3d2d54,SUMMER_SALE,YES,42480,39980,39980,,match
モコ ラウンジチェア,コーデュロイ ブルー,6d7c1d2d5fc36ef37c3541493f0dad97,SUMMER_SALE,YES,42480,39980,39980,,match
モコ ラウンジチェア,コーデュロイ オレンジ,c52362be9d60328c2754c8bd5b6f7a8e,SUMMER_SALE,YES,42480,39980,39980,,match
ルナ ウォールライト,電球色 / アンバー,a1fbf7b60e2bd020b62268f0acc8067d,除外_DRAFT,NO,9480,9480,9480,,match
ルナ ウォールライト,電球色 / クリアブラック,4163a48a2e32e05c8c3cd43f5a104b31,除外_DRAFT,NO,9480,9480,9480,,match
ルナ ウォールライト,電球色 / スモーキーグレー,92dcd1320191757f01b9d074e1781929,除外_DRAFT,NO,9480,9480,9480,,match
ルナ ウォールライト,電球色 / クリアホワイト,1f6927e71cd84c1de52982a4e1ef3ef1,除外_DRAFT,NO,9480,9480,9480,,match
ルナ ウォールライト,3色切替 / アンバー,8d8d2c7182276a6df84fbf6bed183fc5,除外_DRAFT,NO,9980,9980,9980,,match
ルナ ウォールライト,3色切替 / クリアブラック,7ccd3a27929a58fb8829af6bb33831a4,除外_DRAFT,NO,9980,9980,9980,,match
ルナ ウォールライト,3色切替 / スモーキーグレー,a0ecebc1599e7cb2d56e4ee18157ba93,除外_DRAFT,NO,9980,9980,9980,,match
ルナ ウォールライト,3色切替 / クリアホワイト,bab0af12fef04105c5c95d00eab84dc2,除外_DRAFT,NO,9980,9980,9980,,match
レジン スカルプチャーオブジェ,18CM マルセイユ,b9bd5c1034a5dcb2891e32a6a6df4368,MULTI_BUY,YES,3980,3480,3480,,match
レジン スカルプチャーオブジェ,15センチデビッド,6f718b090047f87d13987ada61115234,MULTI_BUY,YES,3980,3480,3480,,match
レジン スカルプチャーオブジェ,15センチメートルアポロ,c13c9a63c3ef9bf9efa4e8b75ab0e914,MULTI_BUY,YES,3980,3480,3480,,match
ロロ サイドテーブル,イエロー,cc7f970733f1f71ee4a03c394c855fcb,SUMMER_SALE,YES,20980,19980,19980,,match
ロロ サイドテーブル,ブラック,95d874d1d07cb6db1f02970b435c6e62,SUMMER_SALE,YES,20980,19980,19980,,match
ロロ サイドテーブル,ホワイト,ef809f15a456dce687bdf9bca30f4a23,SUMMER_SALE,YES,20980,19980,19980,,match
ロンド コーヒーテーブル,ウォールナット × ブラック脚 50cm / 組み立て式,da2ba66aab28abeb0e68028421b986a5,SUMMER_SALE,YES,27480,26980,26980,,match
ロンド コーヒーテーブル,マットブラック × ブラック脚 50cm / 組み立て式,73e99259ea217a46565ce5c25895c775,SUMMER_SALE,YES,27480,26980,26980,,match
ロンド コーヒーテーブル,ホワイト × ブラック脚 50cm / 組み立て式,3ce337b18dce0b9cf2ac313d2f16567f,SUMMER_SALE,YES,27480,26980,26980,,match
ロンド コーヒーテーブル,ウォールナット × ホワイト脚 50cm / 組み立て式,dd73b33abda994be14ce76419b399f6a,SUMMER_SALE,YES,27480,26980,26980,,match
ロンド コーヒーテーブル,マットブラック × ホワイト脚 50cm / 組み立て式,a9762ad4df1c2ef94b333d036f15fb72,SUMMER_SALE,YES,27480,26980,26980,,match
ロンド コーヒーテーブル,ホワイト × ホワイト脚 50cm / 組み立て式,a7745707d9a29d49de867ad36b9300d3,SUMMER_SALE,YES,27480,26980,26980,,match
ロンド コーヒーテーブル,ウォールナット × ブラック脚 60cm / 組み立て式,01a6c2162acdfd3fb5bf6b9d4b7a38ec,SUMMER_SALE,YES,30480,29980,29980,,match
ロンド コーヒーテーブル,マットブラック × ブラック脚 60cm / 組み立て式,2e891102d31893d4ace0f0b308986ca0,SUMMER_SALE,YES,30480,29980,29980,,match
ロンド コーヒーテーブル,ウォールナット × ホワイト脚 60cm / 組み立て式,16579d5d3d8ae241b5e8f1cf0815b9b4,SUMMER_SALE,YES,30480,29980,29980,,match
ロンド コーヒーテーブル,ホワイト × ブラック脚 60cm / 組み立て式,370cd7ae54df6b3d0627793153b57e89,SUMMER_SALE,YES,30480,29980,29980,,match
ロンド コーヒーテーブル,マットブラック × ホワイト脚 60cm / 組み立て式,a5e3876532b73d5ccb8147858be445ce,SUMMER_SALE,YES,30480,29980,29980,,match
ロンド コーヒーテーブル,ホワイト × ホワイト脚 60cm / 組み立て式,3e7606c8d1f6da37581ab19849a34061,SUMMER_SALE,YES,30480,29980,29980,,match
手編みコースター,直径12センチのマウス,e4c1bbed3ed125e09f392c2835b64634,MULTI_BUY,YES,3480,2980,2980,,match
手編みコースター,アプリコットリス直径12cm,4e26c52e09e526d4e4e7aa0a006e7b8e,MULTI_BUY,YES,3480,2980,2980,,match
手編みコースター,カエルの直径は12cmです,f66ade5d5c4d93f26d8e63fce6e03096,MULTI_BUY,YES,3480,2980,2980,,match
手編みコースター,直径12cmのピンクリス,d1950deb7ed9a7f3d33b9f283826ed36,MULTI_BUY,YES,3480,2980,2980,,match
手編みコースター,トカゲ 12 センチ,985d44c5315c47c3f94288d945554b6f,MULTI_BUY,YES,3980,3480,3480,,match
手編みコースター,12cm ダック,4df925651476dd0fc36d6f6c6ccc7afb,MULTI_BUY,YES,3480,2980,2980,,match
手編みコースター,明るい色のカメ,8357c023c320a6691fc995f931fdea8f,MULTI_BUY,YES,3980,3480,3480,,match
